t1,t2
0.27532999179540457,0.540311870304873
0.6221487812264783,0.204831974596124
0.6131773828578604,0.169514454421153
0.10183482599433763,0.76647708250774
0.7790359255135965,0.15075961556779
0.8430625146815192,0.149050826329844
0.009758198011243033,0.759047130352774
0.5318719459156596,0.447323642322162
0.5649918699463851,0.324835827381966
0.6652826812020908,0.046589437237068
0.04774246375679987,0.802261908035213
0.1184962859918943,0.85472020171077
0.35353614019843227,0.415622754365646
0.26732568870722806,0.313664085580449
0.4123155641953565,0.518282550277744
0.7408399911850451,0.0160814564481183
0.19458168569700937,0.307898591839868
0.7283845001134384,0.151947754869497
0.36427844383238134,0.348216239842648
0.48482062094776823,0.452798610421965
0.44608990034436297,0.431278865976933
0.2756021765724796,0.515867771498086
0.6192208149772724,0.282698162300565
0.43972570487475415,0.435835709395936
0.735558519418553,0.0427803924080933
0.22472587019542292,0.648526775781597
0.10620124601150818,0.812012722687805
0.21068243700024877,0.764334273938555
0.046880158593782924,0.667360222616759
0.8464205563471403,0.0288287423496955
0.16485535906998677,0.73840814844918
0.5916835661908201,0.379681063510208
0.6179042294020718,0.346497409294751
0.4918703376753366,0.374252910176475
0.15793280566841378,0.57115882525533
0.23218818775494282,0.752453499493275
0.5586499867365737,0.0747496061226012
0.42917620738768647,0.161060391498823
0.019949866719348768,0.831402762574428
0.3774011028595459,0.495790389459905
0.31944837854025265,0.600842654343099
0.45246027031170893,0.142424352661299
0.5561038439740482,0.42878996666637
0.0710054886037514,0.90643163621398
0.38660690042871204,0.336151142087397
0.39470904746799784,0.531942321956758
0.4864533572515444,0.444315193154514
0.07841376609489642,0.893012450171428
0.08338703964340062,0.785073323362054
0.5374906518836543,0.344622908069797
0.09892351095119609,0.112095438479395
0.3663000148961858,0.126014047593802
0.008344559460588414,0.707978074114618
0.522405317649765,0.363915749620919
0.943421616768319,0.00145020070028962
0.037491134125600546,0.543766135511056
0.33967445943217844,0.637667863508789
0.5980664141622494,0.273420751586459
0.24525696895633717,0.683857999231883
0.7781216124697737,0.145127184203942
0.3589174800113251,0.630117107190067
0.45037166819351176,0.0727815144084095
0.48395821169592546,0.293155837309292
0.3442821827364187,0.363641065682424
0.17502800554818365,0.397063828412977
0.5349572048934921,0.332070369111633
0.6617826976974217,0.291623282800145
0.5031664882315771,0.459670174111557
0.2309909456077962,0.450657576374478
0.7753648456125602,0.0276060876851437
0.5023968737905354,0.156217307015584
0.1329299525307326,0.713250204172042
0.6697032764694624,0.213700261271695
0.7027553026486316,0.0804961651516452
0.1570258146224425,0.555545341697668
0.5826035024660735,0.206017122261889
0.5558061072377914,0.408959248661462
0.006428260379854226,0.984426758498718
0.32397491985860444,0.446812341128177
0.6789724529663798,0.263480216716663
0.16768308502025597,0.814694651090577
0.2897486742304761,0.245777753649439
0.3886669455455416,0.356523525543822
0.6851424853786028,0.229412213124662
0.5474160433797984,0.321447951152921
0.1946761094995982,0.700033770917657
0.07782957024896119,0.507448020889989
0.8109207871358879,0.0544490222935484
0.3716165058286234,0.623938866200962
0.08561958991783912,0.545426380456364
0.20527141013638556,0.749357683253389
0.18516779262417218,0.463183846657156
0.33621986269537746,0.549199474494471
0.18944175320254886,0.70607767529725
0.4600655393519369,0.319558380908782
0.27350938030235916,0.0646621562850593
0.44832421648879545,0.382483698642539
0.16754073974395106,0.785280221810619
0.6338208407699321,0.32802319057531
0.6641445878470372,0.301276193870951
0.595176242667597,0.156213782365779
0.1532155258638207,0.813246424252085
0.13055646194192977,0.721685270332562
0.2748678346507333,0.704607738215787
0.7779230614957514,0.0137942163267499
0.19746355700810334,0.74418835636157
0.5797728174423206,0.0352728795341896
0.7581869431518028,0.192582320531729
0.03399799846851922,0.88639585234722
0.70203200158926,0.272414507809679
0.3530571288935095,0.25334663657293
0.15770190445158336,0.692254725300659
0.0999637252975673,0.844783106718689
0.010804006919690396,0.855814261479823
0.6278566613054556,0.203079725267302
0.47839117962264693,0.344618366368079
0.10281674656737197,0.508782572138414
0.7607006233759834,0.163663907188334
0.7527613690984943,0.238110828030207
0.058459095487922635,0.793842055974789
0.15635382213823595,0.10605557356937
0.025498556245541152,0.967934511651057
0.5616560288935365,0.302225935452799
0.7319632194394008,0.203987854744127
0.7527907729424576,0.212856130284697
0.5242728128097588,0.210047110616093
0.7701546504560096,0.121237543348579
0.5516486324144403,0.219776485461308
0.30058078683274064,0.686776268392358
0.6274938755264775,0.186229487868628
0.8749663084436989,0.0378317769013241
0.11114782653826188,0.836849618843116
0.7759513220529783,0.181144719428064
0.528999123404416,0.355043435467686
0.11600921029992131,0.826828446496065
0.26011564106662943,0.58122113077494
0.06176608717070376,0.516090932905124
0.6768200363482832,0.224170162763174
0.46687318799928007,0.47834815446274
0.07187589669725684,0.833873074147657
0.21154210540191484,0.755971501195645
0.5854097527065558,0.0909792967473107
0.4855548702806931,0.371666897143209
0.03554300588916464,0.800326404240903
0.6391211950951601,0.330991363370796
0.7171267150570079,0.109588360873247
0.05645954155862745,0.694715885583814
0.8444512846465483,0.148353062144777
0.7576642132929136,0.152420526511929
0.17030476038662826,0.443962329866601
0.5121932446240096,0.115524608844786
0.4328651718187152,0.448864290956945
0.6639058682175337,0.289833680212401
0.764726090917859,0.142975128413408
0.2152424645673989,0.725953721738672
0.3393775504601539,0.504320779959588
0.024771306915339457,0.669738354469551
0.10929384480263722,0.805167865261398
0.07310944268381846,0.906670417346727
0.5478026559514184,0.285323734491003
0.7413085788456983,0.115745623155138
0.14561311545885003,0.826244400124202
0.7462046940148661,0.139522000266629
0.3133584452083641,0.615292698585969
0.1260142159679685,0.433333535254377
0.2759934422584718,0.716965858187074
0.3311509619152103,0.325412057666639
0.0492466404150007,0.433697711947322
0.07862111363782627,0.771127303150995
0.24080412947295993,0.657752233330678
0.2238987345218335,0.770548360858725
0.805657996191966,0.123324732815779
0.9012952071811837,0.0468406222323783
0.05593973122567998,0.897778580355656
0.02035987015697841,0.93745700648407
0.07650109439071169,0.143293563531689
0.3680592987727439,0.538562752667047
0.7037007032297323,0.215404188361475
0.978292450491195,0.0167922326828913
0.3339455684307429,0.389699785503366
0.09091319910184532,0.874771511772486
0.460061816496452,0.261747185977898
0.7269980833947903,0.264315323404261
0.621983541401746,0.214609073889752
0.7620231773311463,0.209221765319162
0.5960877280938816,0.109077418781659
0.029777612772612146,0.966918019283155
0.273467182879326,0.688411285764361
0.6382615127307119,0.174608607276959
0.10888571286117789,0.837966205141559
0.33361085528733847,0.655992386966758
0.28889783940960956,0.524600183569142
0.624219116277017,0.369555545089433
0.3489900036496504,0.647862464845014
0.9135951039337997,0.0822689144702201
0.22275377845567013,0.653518141666085
0.39324017759527646,0.251204334428485
0.0561424859951986,0.934260312483044
0.2365565698309277,0.559588328712446
0.42740912117764684,0.544659527819937
0.09751067215542178,0.484960659655104
0.16821141999365577,0.663884653903255
0.33577610049315776,0.410216032477789
0.42901442904364867,0.315805341932186
0.40994188000748855,0.193830710576027
0.4828695200819345,0.303487025237247
0.5022871545260567,0.404843980379026
0.7835094172813363,0.140632295391507
0.024337200977039813,0.901024182475932
0.15674739327150444,0.80116499488332
0.40518121009615643,0.528271985129434
0.9119687948392085,0.0555977656469728
0.757416172555206,0.0462629916312977
0.2822194348773884,0.511417628812508
0.9063674252530565,0.0770033262734143
0.9389446398118355,0.00118750684566388
0.7590777634654673,0.0275727696932828
0.011208864026268344,0.7066791366575
0.11750337641821144,0.86327684592477
0.6960978509453435,0.139871050695274
0.29050312982308824,0.610745051953458
0.34786602051278165,0.0280024944674487
0.7536885443762,0.151229083842557
0.8037747447083043,0.153996600444047
0.1673611635556096,0.733998391432588
0.8526824730786711,0.114334698025781
0.3609775956560962,0.472566043744636
0.09195614763219236,0.316773762395821
0.01690178877293793,0.893727490559496
0.37372202198650245,0.556286497019298
0.8148657374384283,0.12710384622311
0.2086747478787724,0.21753377386454
0.8602316263809971,0.0191083946591178
0.9226282283972181,0.062868001623645
0.9632149107882815,0.0113693106689059
0.6546338166671182,0.165214700494523
0.10572754017350454,0.802223569179051
0.34624874393414773,0.582882807013616
0.4261917528878989,0.496617202948993
0.19253102432382588,0.657193036154368
0.727826737454786,0.0401092016274041
0.34231057439952006,0.197015738880749
0.3832917434742352,0.55369001089827
0.8691807730934388,0.0715722694045647
0.019819112825426487,0.921384055370649
0.1350136610588908,0.763202394536904
0.622054070373498,0.272769200518612
0.8663624948241038,0.0626056253116843
0.436681652808035,0.490866696695527
0.22352142375953232,0.716657982893169
0.18785392590147346,0.685800555221746
0.041115129609256326,0.505300036540981
0.25817668981328884,0.491338559981585
0.7105936401334748,0.237355535897324
0.6850578596042636,0.000818111872981586
0.43982822558516194,0.548029883451295
0.6781869118578548,0.225927102386611
0.7917012005358575,0.0294199731677708
0.2943119126074581,0.669637218423673
0.09755667060949647,0.900843984959038
0.365170910883571,0.53754448278845
0.507227311071543,0.422718564794299
0.5386439324916826,0.442816388546685
0.3859223681142855,0.428392994221393
0.8855777062596772,0.0962445516722633
0.6110460367242959,0.290434821905896
0.6102927417248274,0.372748712912673
0.8891864028664394,0.0487700509497056
0.12668535662147218,0.616455117466911
0.025784658102104577,0.732938257527696
0.7323220965712061,0.173614058070841
0.4278626073351549,0.192635113560386
0.5703300093557037,0.177041868604397
0.005226537662543213,0.750740731200374
0.8379523795615252,0.0950760245018092
0.10665947111281664,0.846126319462071
0.46924607692609743,0.338919680029334
0.30661937927118726,0.446519147112515
0.5514711823814261,0.205982026329784
0.47834984658443686,0.50311767689387
0.3309065424802731,0.578730399610288
0.6437729513646802,0.291433724762118
0.1020103248995437,0.40779256996345
0.21055653377570152,0.651140390778135
0.5137749939797854,0.472160658351872
0.4287944252449306,0.288435568755494
0.4951849185257183,0.226964864217573
0.018383879329005173,0.588704112890592
0.1502186662916218,0.714926696198668
0.173560635905517,0.610384886148587
0.18512296975866657,0.643937379094316
0.08993886165346006,0.489330254461765
0.7091274512826742,0.0334188184239532
0.5152879823058988,0.352835758972724
0.7000166184680682,0.260066123705066
0.43633504912691573,0.558339478536149
0.8322603474449842,0.135694940388553
0.7236116248930499,0.146684597062573
0.5900014434374784,0.131626105366123
0.5230209473441852,0.384995823072796
0.36697809004037213,0.154479742555943
0.000624434754854352,0.712682786461898
0.5720069358482363,0.0900588980198702
0.11670060700357038,0.793881833989627
0.15217774550933255,0.666776977036515
0.3856145173155431,0.520161141758189
0.1283884518340694,0.859716817258129
0.4139583537990128,0.581098304484705
0.3064573436145593,0.617094211189621
0.6723715969402911,0.109626461637133
0.06273208841937292,0.779840906538992
0.8689135176552786,0.0380540567970084
0.2438566091912838,0.745058364688727
0.08317931297469282,0.888283874404334
0.3858355997168605,0.414898659245942
0.5017597470632328,0.389689465198832
0.18767896070705006,0.615351884860613
0.5108615042334537,0.484854378926489
0.7649827660676054,0.108109529897959
0.7396010296213535,0.00786653382703068
0.003011537678320038,0.689834654485271
0.060628891084537444,0.913510198758066
0.5475669656957541,0.338680497590348
0.06571608014018253,0.851793341909299
0.1560259215769499,0.510331785535322
0.2220038822766916,0.53892811475009
0.6998824839827518,0.263829752204877
0.4781114568378498,0.286700218174783
0.009435620856565824,0.972711834819982
0.012513513659522442,0.811845046487485
0.5788863799589307,0.396347699149065
0.17995879342297183,0.0681310777316417
0.07422421455646902,0.852677930766951
0.3848571853915826,0.432338665769802
0.03469911532540636,0.775908597104822
0.31380023697001413,0.546190836681219
0.13348460069431367,0.765635140617901
0.18395647329287385,0.187365301016435
0.01488553362612898,0.236056050104217
0.5226091895392845,0.475935365811629
0.05044122306450995,0.942626012841694
0.8919548879142785,0.069091586962219
0.5808060933322716,0.280865205384988
0.3679624850971631,0.467356703241934
0.2819736611572223,0.684115863757773
0.08417367110540229,0.836734284734677
0.6847489881308415,0.0794060739747891
0.3208216194352604,0.656873673127236
0.7567809969728172,0.206890834427193
0.13509601310283958,0.612702316402851
0.4103025681665387,0.34041055121442
0.7813991465247588,0.0388812559836338
0.5983887379581733,0.251348747623247
0.48826541352706554,0.461864170391706
0.09696234473476203,0.801006530265499
0.7029353385441196,0.0467206673305241
0.6366720977544665,0.157187332163053
0.853493977794592,0.131406570628174
0.725739719112779,0.251800111838259
0.6740218449465016,0.305879973082068
0.1618484721174408,0.82910799623101
0.2594812551053151,0.542520451371309
0.8483240440609533,0.0740727091764478
0.7115583573849492,0.123657719849543
0.050975855068869175,0.837087169764543
0.8553368050936481,0.135188502489365
0.5951145836359092,0.278755207575075
0.2273516639371381,0.73541824133034
0.43185865767503295,0.455623730271326
0.18467669363444353,0.730801581194855
0.5968707903059731,0.395470873308317
0.4162545564141944,0.466290049935707
0.7096323221120397,0.167477457982505
0.6177022088898451,0.304219393186642
0.6216894732271141,0.282257848623065
0.4001457976803566,0.357244245230807
0.25585063600426594,0.66173505494537
0.2530669293014837,0.685830931388535
0.8598478883718146,0.00853847103153199
0.4686592251249158,0.509897028547579
0.869585160707937,0.0418171574534066
0.035990490397063465,0.906891208368702
0.6365390471055359,0.290011531180565
0.36370221304740674,0.43033542718304
0.6127778462071506,0.230870935622528
0.2883263360184083,0.574807675729706
0.2586503801087315,0.674210583751972
0.5055084884856369,0.318273913436677
0.007210411730237036,0.981719510251601
0.6436755768300984,0.0859971296792345
0.5263526564626912,0.337495920132666
0.6365445236880498,0.347707947405211
0.6379362644220068,0.248604356691103
0.4461455559120596,0.217418907672119
0.9513710633411778,0.0143620783977556
0.9226565714970025,0.0690964441241662
0.6849369920084245,0.20091280349694
0.9509895036230976,0.0170140688103326
0.2435211737397492,0.355795366195664
0.39143678416749356,0.560588285567045
0.4365214696845294,0.340609799789211
0.8472500881050525,0.0555654270738242
0.6609350057189561,0.304159585426645
0.219125242458859,0.647446018740382
0.47044945544888095,0.496536775617393
0.22100065147704523,0.600489203684259
0.4432120152670082,0.343816753895314
0.3066432985590658,0.352694797485947
0.8346377752044191,0.149786243195956
0.8762846941940691,0.100911733022567
0.017096850727296147,0.708342820863069
0.17839107173810861,0.54649515854778
0.18955804987679054,0.285064621550119
0.8027690193807611,0.0628556981446731
0.7694792025013949,0.209957734885536
0.2632334625275737,0.703172751484199
0.32322909968672614,0.665075355136848
0.39921992288303926,0.54421698228343
0.16998768401809253,0.803851697001288
0.5629152850136006,0.423585039802972
0.8008258137254938,0.165229254183665
0.15052229046399784,0.822546920853965
0.35738539334878455,0.440799819596083
0.4521867519954797,0.178225006785991
0.8963822355550843,0.0844137844050947
0.03707881941915142,0.530490800944755
0.5874674749911459,0.315490078859657
0.16048076872064226,0.728124984493217
0.6156675312624902,0.354594056068206
0.26589473296491456,0.678861265157208
0.04243911758033203,0.647010421031931
0.3722634092254501,0.532693529948658
0.045149807500565166,0.826473643510969
0.6120351704818107,0.37887056899732
0.799569321116114,0.0961940674170081
0.32961181413153084,0.640832332960358
0.500542685560088,0.294486590839495
0.46343958562130133,0.406135816630851
0.47982249896937584,0.486575378661786
0.4939734731737028,0.137568160486999
0.6415180228626617,0.165332429719424
0.6079744543942963,0.176894981034476
0.6965980040748714,0.104602126344023
0.7507388453415524,0.0978442552662253
0.5333009203260661,0.260750670558658
0.0623953074448955,0.736726375351074
0.5963036498620942,0.328654510183791
0.3232479750199162,0.603553013699192
0.25205234583034647,0.515940956723124
0.21198774430690448,0.564889523984014
0.24890464312208205,0.745677084551575
0.6583278764343963,0.298606085637366
0.0697019509435698,0.35296689017029
0.33932544140294424,0.616734538486826
0.24122198690390598,0.751720926768279
0.022522931560256945,0.812530703133115
0.7307732499219792,0.226274508785459
0.6550281422238103,0.089379853468443
0.755468812620244,0.226970594262815
0.8306592881039372,0.00611457268045329
0.4886051239496872,0.49287313676843
0.4569236036247364,0.379373239876857
0.24234348825123064,0.75516815363429
0.4683253013298506,0.341432034841695
0.35186936061674423,0.643546542522683
0.6855844904911653,0.187535284322061
0.5520739879364609,0.423552992984463
0.23017579718070072,0.719986208308165
0.05366499622171448,0.700207667882873
0.5600618885416127,0.310357658132641
0.7106049434971681,0.229507605075771
0.716956251044855,0.234311822613716
0.5878797664126073,0.278031300436307
0.8050111050865505,0.0774823920265149
0.5026088589673643,0.487608247902842
0.6971321779041008,0.180128663561984
0.24322079110652978,0.25760745210751
0.23597665460660347,0.700129742997974
0.4242629211667304,0.492644347911092
0.7562972601467304,0.1594470191676
0.14998255422004386,0.638804216519093
0.18184026454464006,0.530141248317685
0.18814690880024046,0.610686711580208
0.5793846708444442,0.308259285556463
0.006637351871339081,0.107948835783029
0.5235771765112176,0.334149870088147
0.4906318791184369,0.11849499776629
0.6724462923630048,0.0145657796092182
0.23496555753139753,0.620740550154537
0.10767420467401821,0.382032167632172
0.825303954286485,0.0094767077855975
0.6200171837472606,0.285524108166352
0.004935439905846874,0.950490359948713
0.13798001153006256,0.485781425662106
0.03369593762966944,0.687059425479454
0.6573568667112261,0.232953781596323
0.8990760114806224,0.0479169025219446
0.25935706510243695,0.206928454927025
0.13792071862229907,0.511852566423592
0.2056301809460105,0.609930247228126
0.5341912474696957,0.141377828801047
0.43149231560123147,0.446517010199817
0.06531134209075491,0.836782383626577
0.10915866795865309,0.569093673747154
0.5547668499795385,0.33907666916463
0.0945216818829579,0.807984152072501
0.2290785530115474,0.357240766303951
0.32384172734490363,0.654407206968842
0.5203425529800627,0.35777479132875
0.6072489468484514,0.359043319094924
0.6005345666102125,0.224472102908437
0.07392026775354643,0.815427403239511
0.6937427359714032,0.274997413308701
0.8730166645146481,0.0541739491688186
0.28444588284823624,0.620025797616745
0.17041813468176104,0.369193240636407
0.21004053607488685,0.58635714486164
0.6234083625760003,0.111173024986038
0.3358265041936639,0.380814790343688
0.6206097662078572,0.254842189818924
0.08633753041152716,0.87983647227716
0.09382602808899837,0.807506547096539
0.14243974707606527,0.561584716446729
0.08676965096531725,0.880223933967314
0.16559510040707673,0.569974384539311
0.025919681225519502,0.463766963616101
0.9603691378259747,0.0262741041483188
0.8874953219818774,0.110782062096738
0.09329740036779552,0.77608722694019
0.627200482007801,0.266135933234757
0.7110744613584764,0.146745738955053
0.11853126548738097,0.769087928643796
0.4858493980454272,0.374568498158537
0.8671589088118167,0.127201713347763
0.8978910954462406,0.0857118560326244
0.40233709349010477,0.428947876329531
0.39646106750216203,0.480664946454303
0.5523947549590665,0.304325487139272
0.10072480399697717,0.898035158740126
0.6542105935669117,0.124695442245572
0.42583285821567973,0.4867700009796
0.3710814175761771,0.464202376284631
0.6365550805192636,0.279699014527417
0.8025698441354389,0.164815799273882
0.029043089837919457,0.824999531119492
0.6539012727031887,0.342008052479718
0.3577009087756171,0.136021771591328
0.05187175637076642,0.787817690916806
0.600405301492978,0.331707549819495
0.6744905548111122,0.251504967835847
0.5013146687782606,0.269345743951678
0.5260024887570255,0.364002169859713
0.4126768158141781,0.229679888612959
0.7177517311240974,0.118312873057641
0.08803798177065643,0.872801702973138
0.5545003450778438,0.40208803893136
0.1821865418174127,0.801626652695403
0.6228168572740619,0.272561571821506
0.5168700684149619,0.0520092351958003
0.34738381130352863,0.64130205379185
0.1798874876548496,0.719393378690836
0.33001159332164753,0.428428981482668
0.4426656858039411,0.556746713250935
0.27205564049881187,0.684625186977548
0.6925113579816933,0.291404351612613
0.34709716714319616,0.360148856825738
0.22316154328453014,0.223361412089715
0.49166786317300515,0.439049656524113
0.6469016295422025,0.252530928971616
0.3854834518359733,0.530971090730736
0.2955005915680883,0.651103190007037
0.4219514244973043,0.541236275037711
0.14439546327219796,0.626759630298719
0.583047840520611,0.109916632968524
0.22768436034039322,0.628424597452317
0.5730373694205463,0.0878017655089122
0.3366362941933929,0.650347008192864
0.8102594305272471,0.148850333972649
0.11079148383316903,0.854089973394584
0.2760202024402613,0.32223549183402
0.5211423365232878,0.420612161919882
0.5831153822600323,0.348111673078409
0.8201616680374411,0.106980018947195
0.03616939995753187,0.79452705213358
0.2448429846369015,0.576455114097528
0.4273618660405519,0.5095534989754
0.31628282828211374,0.587001692945447
0.5754900537693971,0.161062047037316
0.8043988688727902,0.0392527219213135
0.013974414122176062,0.889589528474217
0.09111879608236854,0.75348254913105
0.10352816410544485,0.867360520020949
0.4323993832977095,0.226960918548373
0.30275968150189125,0.351889744406845
0.07400246521943338,0.856859392043621
0.21522003987491406,0.699450617433531
0.8835786714596965,0.0150551165397276
0.4457160842107155,0.492977673080203
0.09186647375457571,0.782134810471064
0.18147250548547028,0.750898821766158
0.19217234082601464,0.0899574832244068
0.22433993233985192,0.664459235071353
0.16843618188605025,0.0438786815287075
0.1530268361458048,0.803545738259252
0.45119487507741557,0.0936493070774391
0.717423564746523,0.240610319316523
0.3969197026675661,0.546371121213479
0.5380701770700201,0.431255608365192
0.21421992973940635,0.685853375198142
0.3416068437731909,0.483421780131526
0.49401825687762835,0.414521309795993
0.3756864173719554,0.305261120399069
0.3136719021554576,0.630611636580941
0.3591304953687556,0.544812926677536
0.6420635755005193,0.244079712165269
0.7162408542995558,0.00103001781669304
0.32882204953625016,0.277420784028689
0.815097595602451,0.0524539848648002
0.8939111438288759,0.0522658070875046
0.23413608208247325,0.437902071888103
0.337213513280941,0.263551940055142
0.12339978309532468,0.849105964818038
0.7603836434049845,0.165280069629434
0.6452792652946263,0.329162357491859
0.19742340889999893,0.633094887930402
0.5288293909563049,0.416444348845422
0.5996440077102257,0.330230792979545
0.04382827253025054,0.782863894967237
0.23018256737872556,0.729874802341029
0.7607206794518482,0.139292492269141
0.35894395375073895,0.538410741518981
0.796437187814645,0.100971270092241
0.8838593535747458,0.0368032360524039
0.5376608982298687,0.307391986805637
0.3814471233053929,0.252763900073498
0.8556679847997102,0.141287176380031
0.4609894526788114,0.353045335004588
0.33392876900252366,0.385432861518797
0.6173904108554125,0.277737280765564
0.07883864880492948,0.895955679972483
0.4695987719582389,0.522778375695645
0.24207664401364543,0.562561516701292
0.6730672432452742,0.126615942495535
0.669598492630756,0.0651615663436083
0.7208264991211654,0.137002993680208
0.01906484917971285,0.871543260814539
0.42489985156382665,0.505202609560029
0.7886806151005714,0.124077100081079
0.4172779964503948,0.517561079319599
0.30866127737178295,0.626177751555221
0.8595795677394177,0.124773190522589
0.12561005940939243,0.342150236977326
0.3227505044139367,0.628024432015456
0.2547094266201869,0.415260802564178
0.61022731200615,0.335097050060102
0.00449240471932999,0.957728324416536
0.03327061955444015,0.802962193641923
0.6083500371907912,0.267715911145866
0.45397887075597504,0.107307413555549
0.2550610613561948,0.632837107791883
0.7711945040360817,0.0383346663551401
0.33029584330741035,0.660689064096928
0.5583505448977724,0.345169449989877
0.6484623765915556,0.290259118489791
0.500653152045358,0.297132052933353
0.7952629111855952,0.0989169335868775
0.014478561681003432,0.925074441992429
0.41607993215495587,0.49500250839526
0.5334531137780032,0.427262960888621
0.3578414042286031,0.387390344610927
0.30413528839631665,0.572220134800119
0.33182795865913384,0.531916344289132
0.35644737595922477,0.11120552959513
0.16694396034398318,0.827932012098892
0.1092376430946115,0.86988577337746
0.1487061510654311,0.42062677970983
0.23837220167202694,0.595930827062835
0.5325241334522003,0.305522713311952
0.23164552525247276,0.576482449450661
0.3106239532376547,0.633691937929551
0.030824762274943587,0.732695079994188
0.05462259696846233,0.77713030413092
0.45797557534634914,0.39834641170269
0.3409788435366463,0.638125572925807
0.6813481703619878,0.0441021589530707
0.11923017098611717,0.666419043669373
0.9013908560115818,0.0358125875772396
0.5470487965614084,0.0884974702722998
0.39159358651874365,0.458248932447816
0.19805951496583502,0.552139024554273
0.0767578081160541,0.154551376024139
0.4476343672682788,0.206369884419085
0.48365898905685684,0.316495472318052
0.5703937607561091,0.247677112241507
0.3828429990870277,0.533242383941586
0.5014640214972774,0.451084997687125
0.6397259250555568,0.240015933277354
0.04668573518811808,0.527593521427501
0.06258363320649558,0.86672892151022
0.6224536340947606,0.3498360706039
0.11075510484309606,0.714761213860254
0.4151274970411191,0.431912278858316
0.5233943375939707,0.461309786189507
0.5313349832830542,0.456731399349046
0.3270850793861854,0.546703515782066
0.3333950903407537,0.31290689274908
0.772734449176308,0.11872417974831
0.3132670542877495,0.585496195020228
0.510398039736312,0.156855669062857
0.16721476597345325,0.661316395917961
0.706410395328224,0.236546120082179
0.7561752208504731,0.0683864648217168
0.46477844263725987,0.534251991541037
0.2351355192073812,0.595750052165298
0.48062453523770654,0.488737344604462
0.4811317533418932,0.277812800455742
0.030772021098832175,0.66117383618926
0.37294379841186276,0.588573345505634
0.5448119010025962,0.25670801326337
0.6971940113018307,0.235743797204461
0.3028371328845414,0.457908438371539
0.692006321610394,0.167957423965497
0.29480219674670277,0.596447018716509
0.2552931908027016,0.69380899227648
0.8121490772804335,0.138329890437066
0.2642760297181007,0.428767509707777
0.42999054081626037,0.111365453409502
0.5348118217484171,0.309404987683405
0.32359523507427074,0.645828841350892
0.02545831358016314,0.691041859963601
0.772431071244694,0.177353453658172
0.9208604096069387,0.0371732776750525
0.3377697257963012,0.586181621410544
0.779513167022521,0.142287136622066
0.028547832484484118,0.769752698996254
0.9040345320743662,0.00670315735078466
0.33416437877626964,0.497410706097504
0.7070819990435674,0.21104237255973
0.7627968928800596,0.217774505298782
0.040789223767541335,0.922513612414834
0.909259765108475,0.0388676058512026
0.0032087653475496697,0.969763939627544
0.5993977822331744,0.352535857313822
0.23640410254287522,0.702196878542845
0.6837405357392853,0.163201639815228
0.2995685270080169,0.563716563456033
0.8885798496106739,0.0308924936289315
0.3404602214204039,0.517328099809422
0.6964923415375428,0.280939919810921
0.1841154901945677,0.546334966405474
0.4928464115014545,0.36554102407156
0.4553954833404724,0.514909716493315
0.7230620477662227,0.229839738870765
0.4986916731703964,0.12241025239746
0.04927195754117167,0.947896178850007
0.7395659636234418,0.167067239866443
0.8322205240665822,0.07613853496205
0.1051753965967887,0.694020531063371
0.2167037118173513,0.612791199183958
0.10879152925146925,0.623005754362741
0.02614246801613141,0.933941284926536
0.15001826013112826,0.725747299047666
0.24078904939748366,0.482494919671698
0.6942173907430387,0.277876577184615
0.2503404640240292,0.525393997371696
0.3819763196171,0.547758570945536
0.2700027071005358,0.712552635532614
0.8682936870504983,0.096892882987096
0.8635793810640234,0.131098013707829
0.06837697655373155,0.920948066925621
0.42207741414478833,0.48574081729546
0.20319677641313766,0.652433743801674
0.10832834333603555,0.779747581389058
0.14210161581167066,0.725079878820836
0.18877553361962024,0.765567238661074
0.4238834897373382,0.284693829783758
0.4018661805278353,0.481583245021248
0.18518818357014719,0.768186357656259
0.35225683399256896,0.240760249097089
0.8530195950411,0.145663452004725
0.47460846351030833,0.474413537528663
0.24888464665038584,0.487784443574694
0.02337136136212287,0.829396518789228
0.7737616988127074,0.171928174870202
0.2636363204133234,0.685035498689125
0.15229045872261235,0.668572046025323
0.34931928471939766,0.43961211736998
0.2065461482387721,0.73010279324846
0.34302530191933905,0.64139891844398
0.6044535436875776,0.380627835445689
0.1051787878228214,0.82612661027797
0.7932017635694294,0.183096500876578
0.5103588253585745,0.466801331357506
0.6184444345371224,0.372432655179597
0.3289435966699997,0.637555616329383
0.3114531439266898,0.603837981754708
0.6384055251957381,0.274497170452022
0.21754378553567666,0.749338890693927
0.4532388557064031,0.486985684191613
0.4265717346949566,0.552406321159542
0.6087784500917951,0.28481330111628
0.15955493594526313,0.789117340571748
0.2929507150452006,0.505861383220085
0.6240951580835458,0.354072033853775
0.320264702231051,0.378889545484965
0.1709043003663144,0.818626366010501
0.75321411960478,0.186231744121503
0.6337461417823811,0.162435636179662
0.21667221053668442,0.372180482049045
0.052903333092913514,0.684869299318531
0.5556842059581164,0.306038057869772
0.2473776339759175,0.685038634087477
0.3975602312679518,0.424061171176058
0.7299883015213661,0.137632908502309
0.5915741407851786,0.235630809346406
0.6043089538208827,0.220682450143537
0.8517842690260315,0.00987049091559583
0.5199323969397901,0.0611809112440968
0.335350710340197,0.636032747000374
0.11341234353255344,0.833562777434876
0.34212123307368075,0.48976041878704
0.8801534052877132,0.10518051869704
0.7102792716428058,0.240003157837474
0.8587483265923878,0.139901040708436
0.5035541183892476,0.413627067736923
0.3327435720587781,0.539829883105756
0.7774957684726282,0.117100085648743
0.4589450720864198,0.538321662548163
0.01941273791404939,0.510092340086055
0.5236739195283874,0.476254548493776
0.8062448786162911,0.0492375901008196
0.6826993003512998,0.270182059679248
0.03289984450387152,0.439956901833949
0.43715542854981154,0.557914625890207
0.7586868413899673,0.183076545784363
0.41703487939500045,0.31661300120481
0.05361797978939032,0.893722777113071
0.027764518559877632,0.664601953270035
0.027502291987563418,0.913662489930978
0.35074538096772784,0.611697690512698
0.34001572646469463,0.538492814126252
0.31117854543174955,0.558707153813671
0.2335939735501356,0.442386620162354
0.10355979071522206,0.756282022661808
0.6776848052999025,0.311203793449116
0.11037556959644661,0.850596261020394
0.48474011159813396,0.198615314329176
0.24323130465444306,0.706688391481272
0.03307345487033422,0.891763326573197
0.010166724294434866,0.96575762751111
0.8939685029738995,0.0499843500635236
0.3390801809052924,0.343478920072606
0.26918748733375086,0.34439898108039
0.1533164369661008,0.347419360728882
0.01909481718170097,0.935606923936475
0.5784298227366065,0.370267231279942
0.15895672778809128,0.531451151178171
0.48610751345411457,0.0406922840403902
0.7306760047272886,0.203525499609209
0.709893156325992,0.208417658826662
0.5711603236540393,0.388641360046454
0.5804432166222891,0.093369213540235
0.5555846916921355,0.39052403030631
0.5028115121568544,0.470972578949931
0.3298337172778929,0.653479576110229
0.7878873931646494,0.196329680547983
0.6145584057021263,0.134146777453338
0.41612341684263543,0.452241213444541
0.8086712402661349,0.137992586136895
0.8633920616419539,0.119157038589346
0.34234807687495133,0.263013821383638
0.7735209170884966,0.170726131214565
0.4739261783635943,0.478332130962824
0.47519138682757905,0.460964133922561
0.03329237558004378,0.213770928837641
0.5657611549601278,0.327940702991553
0.180167615163109,0.763141116592598
0.17822910415285792,0.820730296556265
0.3615109579937905,0.576638922198224
0.07030533357654946,0.783481324660371
0.9540829634281862,0.0323945659253727
0.7919600844257041,0.147878301667257
0.8464860009361196,0.133847666751638
0.07582873192326789,0.791423994310997
0.21749262946021247,0.691117117794998
0.6126791195753776,0.299576047751898
0.6477603679913774,0.207470635354109
0.7248542999162748,0.176370443980144
0.317448587320246,0.598877684391515
0.4660950440134194,0.478896846209829
0.49877017751723224,0.449235087174853
0.025295087939290372,0.494456867643491
0.5674531574858813,0.339407592786424
0.4220121697289804,0.13207631661478
0.31110036687783227,0.527965543656575
0.47545347318080405,0.33723377043746
0.25086513099739627,0.709386782134515
0.598316423812157,0.257440595771939
0.925591625154098,0.029932987637376
0.4056278581007546,0.237870412782074
0.8626689323050822,0.120579419044614
0.012778257207412573,0.877850386806403
0.276639167614006,0.714603351141276
0.723509788599194,0.220004231740536
0.575854699701404,0.2549845484068
0.26278611814831043,0.269485627415053
0.2507134042552626,0.503528688678311
0.1232464452283063,0.808515093316526
0.20466531300233737,0.621298368679359
0.3007734267161585,0.214923397821141
0.39407696355444627,0.497290407553573
0.7313757752665985,0.125612914959262
0.26097701330671624,0.566265745096883
0.26858803913034585,0.675633023079031
0.07319675961504189,0.626222368271349
0.648049096738052,0.258051182717346
0.10462063016290896,0.799805354240161
0.3551133780913659,0.351189095203525
0.6086924466156634,0.183426854644838
0.4367680233786034,0.504464936226758
0.31775916548788335,0.581015551883054
0.42792806176598724,0.430188896431229
0.03940332942510182,0.781907656039911
0.6482643694722806,0.269837682176712
0.6134347665466569,0.33489810129729
0.6133803421984609,0.116778302510768
0.23370591147149444,0.636488810298361
0.7067611932503349,0.269198944481792
0.2945725115662436,0.679948859139463
0.1194997347175616,0.721368319061905
0.487776320445539,0.413961128833846
0.6148329461586904,0.369275743452069
0.4383693187756474,0.536242137955262
0.04738673138182718,0.70014561667377
0.342870665648355,0.434799584829428
0.2082789562354836,0.722129309263773
0.34060187344597337,0.431445058903684
0.5953565082358694,0.364152351263881
0.1996389044916791,0.69671071986549
0.6945284345832043,0.226897754583942
0.17035055977197067,0.777507581729345
0.23317347565586546,0.159613254163069
0.14194367971973607,0.761754241546343
0.06732208308563889,0.791140760666589
0.11094785114567574,0.885335730784195
0.7305042925563489,0.159696683204218
0.3259166468654319,0.536081422826268
0.608583324228159,0.37034617849604
0.5309487202091276,0.191383736773632
0.4860502687994307,0.356858467772279
0.7601737062275642,0.0692112377472703
0.2746127480358465,0.540870725528873
0.18981870253461292,0.790454597364517
0.7387985112895705,0.0150084372416288
0.11038468479419267,0.81099625398722
0.04017489982233319,0.882349015348044
0.19368438138275665,0.666642512626067
0.07263338180952424,0.873996144528093
0.35249760822008824,0.403455489435595
0.7947446840171356,0.203767664458133
0.8906028057554835,0.0530193061025054
0.37528239814234415,0.213602943197314
0.2754468814832176,0.718401712086974
0.44549736424040765,0.293429471970245
0.06859824263155631,0.72023276739633
0.10384004718011997,0.857192122719282
0.13830467857969267,0.817461568651599
0.19551660400737486,0.683709357242893
0.19485886303991606,0.3531963664889
0.41364153096748746,0.519489332524386
0.0005134125280424904,0.87486651838841
0.36189585998676554,0.385572613760344
0.3568974962664151,0.573034783273939
0.16069441511543067,0.608257768288973
0.15221880224014955,0.448951470403814
0.09308144322698593,0.906149528550287
0.3369790817108704,0.434606086112739
0.7162237371996726,0.214730940666963
0.4691028969995732,0.249737449621198
0.4779608454146067,0.428135655608153
0.44576502755187974,0.494523783050492
0.7788082952239312,0.074762175867653
0.07654985678161469,0.813856810257113
0.02907391770215232,0.444426493134366
0.36658794055836647,0.351151795979391
0.58517378139308,0.389287310480229
0.24211115485315543,0.728639129511517
0.3477064381822725,0.561507132861765
0.6948999093444698,0.00179246133452121
0.1558735413775592,0.650657081284166
0.5209124121717197,0.458794227631905
0.7036102403964536,0.161790768468428
0.22147955792972374,0.772809349252576
0.4024972612428119,0.483523315066115
0.011579729952720856,0.822934790257625
0.6929154647208338,0.223656404515624
0.487483367023476,0.29855857419986
0.8061183237967184,0.0522743839646267
0.24407752763611232,0.313133584653453
0.39016629698267846,0.590842169901785
0.6261195703360475,0.320297900299577
0.9216266232425441,0.053777450154286
0.7713338606535326,0.11140281634244
0.21007313332183544,0.66524360516601
0.8569842653341474,0.127378765207573
0.6722903239615347,0.302591687339156
0.2487598586849564,0.684625678454395
0.6421322261408887,0.327485287617382
0.21136762718385899,0.570558017243506
0.5942615730677131,0.371560925550949
0.606776875863454,0.186756607858098
0.6096010002513722,0.258025768960203
0.5890438698704102,0.336731365275947
0.8414489648458228,0.105725269775679
0.16390514768551342,0.826112678216063
0.39273867706934873,0.488966318408007
0.07542759666490373,0.811150139776405
0.10726968740239597,0.576587503583403
0.6447548239306863,0.118499772183748
0.0568080935024388,0.844099599495455
0.0701384964755394,0.860465047811844
0.587598120001293,0.0900347563695008
0.5850392169636435,0.282546841142868
0.548211871471707,0.401595042518494
0.15270112282799303,0.733587743493414
0.4149164494473243,0.478447673887619
0.4585724544035028,0.46964570768737
0.4319394065444445,0.549829708958954
0.3893070517050999,0.489247097913751
0.41346869411209836,0.484880256573472
0.15159519769687893,0.727045548685316
0.05513131717487674,0.944334365500185
0.7298748210344529,0.232430114714967
0.2353540653614954,0.638314245672646
0.6698494505404402,0.216060701002037
0.829830097130976,0.00679963477918416
0.8198423091070067,0.171919029682078
0.8467119329575631,0.0280366691024451
0.310401126390331,0.164829369271863
0.10786404135834603,0.814294423966415
0.290066695655207,0.684174738241259
0.2226661583235398,0.529616989891955
0.9591411969799765,0.0389273600265662
0.6833285768032168,0.259924379200371
0.152726937784773,0.798864899461547
0.7262528395276389,0.217832181998861
0.49106883816075736,0.320208593461912
0.45136612631998974,0.506488760067591
0.34060531740968336,0.604534816844777
0.18637908338746656,0.763678093571954
0.2128049724537444,0.77056748625101
0.1648326898199214,0.689336219334203
0.6064823545330069,0.27701098820627
0.18253910805613413,0.593322351405399
0.3029779656785926,0.668411929735902
0.027788430044741314,0.887567084067919
0.7782974521139723,0.2144480636704
0.6068420756489963,0.350685759697428
0.13310061571867968,0.813534445114222
0.7017779134242713,0.110671635075446
0.17031848525096985,0.469120221556044
0.4817545838549866,0.282092472311411
0.8287894082629822,0.0924323965010873
0.43942391946829734,0.475792983712212
0.13940306757444382,0.507387297460718
0.5397223687314525,0.378917707199008
0.037647538402042074,0.881969603659066
0.1818403278579459,0.0511962607128159
0.45388812001914597,0.472279602511102
0.053069558166463006,0.818197830093705
0.2028418062002158,0.651286307184476
0.8598882993769746,0.134855313791689
0.41889990994770393,0.578412541899337
0.1144719234549235,0.85149159110127
0.3337563384510427,0.467989056292855
0.0911704700401545,0.799546485545576
0.181046774726121,0.499415334307076
0.5787798056820053,0.349771612226961
0.7037549838853635,0.253205140839134
0.7527943210449695,0.0976490041621792
0.12967827860100453,0.422277332224461
0.8489405702312924,0.0406886958540649
0.15881415165236848,0.272022801285199
0.36014400050989015,0.544923520157128
0.985511477619579,0.0129295083586632
0.07380684880645001,0.824846398957589
0.7195238973953645,0.250322986892509
0.25533161865693094,0.597522702933527
0.89246801309965,0.104859526269576
0.4013108054143007,0.286582924774048
0.13631300407890246,0.540308912514447
0.21955149834350168,0.776422893632628
0.1444111715292839,0.691354471741789
0.740771217142946,0.25744506761895
0.5366045130642314,0.458027464002664
0.035236142458365496,0.780191495505363
0.2929148475006638,0.614775448823186
0.47667688993534446,0.174325785418246
0.7194910433938833,0.0868779975240965
0.8358958613113866,0.0408471517307978
0.12795497339956777,0.496667611832665
0.3346735387451907,0.31759329942814
0.470821149101778,0.141295303380664
0.6385400577608185,0.303112617674286
0.5078471187043384,0.102215279041179
0.8532076510538804,0.121529045326113
0.24568949835471526,0.697713726278177
0.34127300360782536,0.162899679160866
0.9097921403110394,0.0881768584446103
0.7348599975483866,0.194439593854813
0.18575512165962468,0.783090124122266
0.0724217049759159,0.804905419353769
0.4073773500663397,0.587405089518723
0.5660610795172112,0.252058619255275
0.06978828611010857,0.829059070035977
0.34769682527320067,0.648355177326516
0.05658856328698942,0.931100628902645
0.4656211797457615,0.190659521813441
0.9487879208985972,0.0310194188780876
0.0918835820100991,0.74988048297642
0.19124833158883367,0.803264333634963
0.7163359624834242,0.271528857286462
0.7315051914866996,0.0959081001773569
0.30802899393289035,0.544898517291036
0.5297617951540433,0.269079683861271
0.531728493122601,0.411081717626609
0.3612191213668737,0.228860944449846
0.17446429364842114,0.507707182530444
0.7699020783624857,0.100219312716893
0.7465064668969117,0.248656574045546
0.6518920083942794,0.209108348672227
0.10652467782140246,0.756373460021076
0.25781296177391066,0.605677178167098
0.001744752161051569,0.943354118576834
0.6588399279554642,0.287774946698875
0.2961777752377236,0.582011326194303
0.9038238708166664,0.0941225735106518
0.8926486127671334,0.0141991165561877
0.21536239257911804,0.678832968778389
0.4961969388207797,0.485774679241179
0.04440245432041104,0.751585639073833
0.6547594159930585,0.241694429236815
0.1460681026575917,0.251705623855736
0.2660464652520268,0.71811924864486
0.23939492217263797,0.363231119068365
0.022996636783339793,0.852093479855655
0.6872286991314152,0.0562621602406053
0.07729547304067498,0.89414646459683
0.7287190707871517,0.109632346220025
0.36279157497561637,0.609511540739555
0.651976114916562,0.255837268423283
0.17990933286080413,0.549004496409684
0.08982390311542718,0.610748818722433
0.7375709706293987,0.0587842400760175
0.14781569074353185,0.764043196626313
0.42456042209639705,0.500496758291403
0.5326936957305592,0.289542791778135
0.23781179403462963,0.470794605946768
0.23345955952808264,0.722460270369397
0.13628433183065175,0.857142668049055
0.0810790770025341,0.504354648830767
0.08695891755669162,0.681763973813452
0.16043485362364837,0.707185360606093
0.597613663869864,0.283967392810865
0.6600440789686495,0.334311648299438
0.920291759068983,0.032609405811742
0.6927582689432066,0.242783647479712
0.40608202378689856,0.452383337811159
0.6920846957582254,0.30253093615004
0.7315505975589683,0.206604523317605
0.3418310800414982,0.421467658557004
0.36592446150958996,0.444180432109354
0.5342102813323426,0.411735124164374
0.902774557335088,0.0884822688597108
0.5306744751081264,0.27562253181329
0.08843640304970381,0.841002197022534
0.7929135802935564,0.180512464508834
0.9098219196369175,0.0416537856884929
0.5923436482443888,0.320433999506917
0.6160684316470786,0.146207060173581
0.6370595360400002,0.0335337120405079
0.7573897390965317,0.103571112147143
0.3883575625225117,0.55125282654188
0.8853438204040317,0.00354465660082121
0.7248883730232261,0.190597854478043
0.11437223145191341,0.776495822093295
0.3174179137730785,0.668455381579345
0.17947325994448277,0.807902735014362
0.5518155731119303,0.210463562419038
0.945478853397347,0.0191521134077896
0.42514143657599945,0.528133251874778
0.30500127186124504,0.57549663230322
0.6505222546072887,0.287218111775677
0.5072028016851146,0.0930302760518397
0.05613937995159501,0.872601162535036
0.5843446040155871,0.385712726797708
0.4972422170999599,0.321355060111293
0.2449523026935651,0.609754046678663
0.3932427968468593,0.464360583826891
0.47341194982370854,0.426470159072312
0.28051880466044027,0.667668379331789
0.7868594566391194,0.0223471875806143
0.760527168215998,0.0882960360477014
0.08017067570301029,0.703166972890871
0.30679502413006066,0.659039444079322
0.20840025980548857,0.767152087603899
0.3264549153539743,0.601241556795205
0.02750486647970711,0.892463310757186
0.8594997041445873,0.102515753584343
0.3626026325632263,0.608791816476932
0.23226871356865722,0.246701041020467
0.46527059131698917,0.523076609251569
0.16830801527599126,0.749210915564685
0.10703043058128435,0.734548685105927
0.7734434336782963,0.0717537542805776
0.457360525980793,0.517517777868357
0.7760169931340101,0.0646456349336771
0.7381523559185602,0.247555323243039
0.11077611188288923,0.708292716073185
0.05414811597933391,0.689193296833049
0.450439227689678,0.533891992380305
0.5957430389501054,0.123209047879856
0.39830563198802393,0.55145842022209
0.14931193450189156,0.727752035046344
0.8902259139193069,0.0235361567794694
0.8267755228877574,0.00836696253733121
0.0007905166882186259,0.738157009860328
0.2079389453738224,0.32761657988182
0.3151287993276769,0.623295474958011
0.10001613657909846,0.689964065170798
0.09474685038485352,0.820827705887956
0.6538964572324395,0.311394357442053
0.6815675004367736,0.231158378558985
0.2428951524862914,0.748703471662799
0.9364214942032493,0.0357342541815368
0.405017790509448,0.281173123658045
0.4783274637182075,0.436237722340501
0.4976469281013043,0.127084691343736
0.6101311126504178,0.127804016713194
0.03470466229183626,0.732245444937764
0.34061162047307386,0.389089025939824
0.905119239813342,0.0867542916970044
0.27893915853685347,0.672885571966279
0.6636516875855155,0.194053238670488
0.8166288686711629,0.125861725242785
0.6691690310552548,0.0953341882767631
0.021844051227493767,0.638376632332407
0.8898040987414424,0.0518076124334876
0.12492584138404887,0.719476444837767
0.6619917638435819,0.170014129495274
0.16049194836112007,0.697223316686836
0.23540217343902609,0.704903509774278
0.6940785220021769,0.279508866715141
0.2784680839497088,0.578666900736101
0.5811432527503916,0.301129635277805
0.5074236426256099,0.0666820783379473
0.5133840392667639,0.105701193762762
0.059821415767407966,0.761219823723174
0.6998109288508131,0.223613640930327
0.4963049581289111,0.34918797336756
0.4484034093198402,0.516073931030016
0.855504351866009,0.0697342844442398
0.2879155449605724,0.0819106121362725
0.1458196536811466,0.634614752349299
0.279116841332844,0.578391206909796
0.6518007160475614,0.205796211515727
0.5805188251202761,0.398164490445278
0.19414298042416428,0.630875856446833
0.06689764744892099,0.871586604054288
0.11039898471755094,0.857557728714304
0.1690850460810183,0.777925618496592
0.5841249120198896,0.0345642085276052
0.09843979167505824,0.594641314883277
0.40154855781679355,0.504717852989609
0.07675624930216421,0.809177673607542
0.6296524519202679,0.310283166207341
0.8878201742940063,0.100692914300201
0.4229065762505493,0.554033181180235
0.6032156813771625,0.306759426852198
0.14698403244383582,0.60869048110201
0.3009450842063277,0.554783788594444
0.38738662207625707,0.354096447423179
0.019873090398300108,0.87813664793414
0.021836504854782158,0.843174294708373
0.009547034075419385,0.696567326775877
0.2421747295267862,0.619922661502711
0.21735341464813515,0.70809643205561
0.6587133352603192,0.306837671144178
0.15605839715480746,0.727902443868513
0.11137239006078073,0.662689354237537
0.26431662728566063,0.685364262131133
0.330695037153102,0.46312333842077
0.7025954482191168,0.220835832588994
0.48583934215008867,0.465369519354079
0.14253739073316102,0.677296452408883
0.524662041357052,0.10821567228533
0.27550459536792565,0.386053423620228
0.4520328288253607,0.441017492506065
0.057446874266336406,0.863197432356102
0.13462258274276553,0.625978221100259
0.6621782921930065,0.136528775032055
0.3283019213087869,0.514127699413455
0.4917437282388865,0.204716742651907
0.3099480163546751,0.67284764089802
0.0683012128765088,0.640698526156993
0.1701161009183277,0.744952578856587
0.07459551777179466,0.799456723701178
0.650531131553665,0.182740358049939
0.21397402027736237,0.0621519968254742
0.09761943735152222,0.821239777743969
0.004038744611407202,0.86391810932021
0.7041831052999342,0.130321111834255
0.7806807496071156,0.0802751572293034
0.08539394961722797,0.910836190323542
0.1081075036265113,0.589164948199795
0.3649706626714484,0.31424938117643
0.04496769265479879,0.784404275220268
0.5097185566474887,0.257452016451314
0.9694685253099886,0.0300454551767874
0.8325541328997579,0.120017080922806
0.06961708537867747,0.855800511550915
0.49780435570472065,0.352704987336708
0.36055533083450025,0.592692635992831
0.7295096880969432,0.183855737466397
0.6494275621526149,0.324768559618757
0.733079772230274,0.0196962960424762
0.2836364182261156,0.376251383479875
0.6250209908450236,0.257524750076543
0.13765403827256548,0.60270058300339
0.7128684003144619,0.281897910737598
0.08211124930099084,0.80419506532117
0.8852670237416068,0.0803802415807549
0.07649352894102708,0.681348503712075
0.21710687743536392,0.701240528912562
0.09569487003242601,0.311257515981816
0.3439375625465728,0.123338960242411
0.42413377885512904,0.570342340872331
0.21125862607841403,0.726947547782652
0.957982148445404,0.0361327506201952
0.9134742945068178,0.0690031864015631
0.07129702685740405,0.766366307821938
0.193044840672875,0.601025171536392
0.2894983912141234,0.604990344626212
0.9305432157891804,0.0348310504465306
0.3830282317579786,0.327067222037836
0.2373473770623123,0.694496527267916
0.48239608441400317,0.459375451039038
0.36759901168596926,0.51262581087327
0.6617252344978981,0.335133671693674
0.23350755283421284,0.399051771840434
0.2788433030317739,0.643143387351848
0.18778506904763106,0.677644649949006
0.3608041014902038,0.510127017176565
0.09789591764374919,0.876512484761236
0.37314387458740034,0.451164276803894
0.7943823268764438,0.161296877611627
0.161135626371588,0.459424492588289
0.3456657830211551,0.576429916196393
0.48971880791264677,0.130622164145842
0.6095765542719078,0.309781784826588
0.5698436653779531,0.389358155684489
0.0626863010384449,0.641077806826995
0.69843547669507,0.225528281533391
0.7864694738761054,0.0632067381193364
0.45874834605409687,0.36308714094293
0.7909278957862147,0.0991049908993696
0.33548458426499267,0.587134075470962
0.22234387629934388,0.459266117727924
0.09595272459272401,0.759282742410532
0.8420423881981354,0.0628745598804959
0.7790043955759344,0.142461536277618
0.6593930268115548,0.146194355711254
0.11864463428969518,0.797326751930574
0.3749348044512841,0.580758511577995
0.3140032729000515,0.637264876630282
0.16986799299445035,0.724978383471696
0.30417403452727504,0.407343842978615
0.19912918612543776,0.783385893597628
0.5832202211529947,0.361124524640918
0.4299416006987048,0.492408087611145
0.593505678897339,0.250005722197187
0.4601206665033579,0.25087085132364
0.15169164074193553,0.621660827064517
0.41230448343015225,0.481175966229032
0.20511452341834563,0.761578479335688
0.8989693938325081,0.0209462891388826
0.4198342206517117,0.568031365842916
0.6077522357331967,0.316833821880876
0.7250780493029763,0.178876633151252
0.49511891653840245,0.456101026391467
0.5384235964279013,0.389273490021168
0.21035128249444898,0.748672476138683
0.14486014497963706,0.766848803761545
0.7726601346372067,0.0167399474802043
0.12632680182869263,0.732851105675464
0.44881017437565024,0.458567150337014
0.07273904670982312,0.385072264480363
0.8807234580131807,0.00726773131597552
0.3490462684917544,0.406655642007973
0.048383331442353204,0.919435652556132
0.5671252062861899,0.427240650273474
0.00038182059943921696,0.824752423358601
0.7723705491347191,0.173014163367383
0.45163359735383096,0.474479597605681
0.8004322478446583,0.194207411545505
0.6767035589293454,0.273532673019335
0.08476006867017168,0.474545278684154
0.5348914246850925,0.171643453853499
0.3345983862638968,0.151555663230184
0.4243904357673095,0.537498487336622
0.5988545602663073,0.371892716275857
0.10596077180956279,0.731354532922339
0.1882466015946317,0.557418988911168
0.6860645415596032,0.204942131694353
0.1348168352441954,0.85355680221252
0.18462549961253252,0.567010612415693
0.28580484919030763,0.643524600926981
0.7939635768498451,0.0700586744193553
0.043017832539992036,0.767602629199233
0.26974186466844946,0.36909500983036
0.6190336169006924,0.316796182270842
0.35372699458729606,0.612369779251733
0.7267753419326137,0.0570108595041813
0.7851996673110571,0.102929893110947
0.4936118402048944,0.264149047650946
0.7174831612324788,0.228927585009563
0.7098534577312914,0.2764495585141
0.5293049069901065,0.466907087612074
0.36963762310418813,0.48238910510589
0.3837686408948051,0.342949694582399
0.11333808974120026,0.885312051953728
0.7753785885452467,0.190918748082573
0.6584578761597883,0.0585004434773947
0.6672366970763788,0.314102892209479
0.8059956886111612,0.153355653693437
0.2101577435680667,0.666335817149156
0.7408369696820882,0.0791104348831939
0.8556619085879544,0.0847203792639136
0.43992506366292594,0.303400674614088
0.014255590324979984,0.84138907126309
0.5565699894480991,0.336791297116477
0.3774677163391843,0.228380390193032
0.233656187907656,0.129896739981078
0.44392283763599605,0.482349301344937
0.2887857295418849,0.560606273984676
0.773956452838145,0.1564915608784
0.21460263030020635,0.760071399344289
0.7328064341997703,0.0101180852113472
0.6642605941035191,0.327402674962188
0.3688257637579564,0.573955739717005
0.5269402105268575,0.418515860070882
0.025853575319847878,0.923990418056785
0.6905992330619507,0.296858366367912
0.6702560304695012,0.31751624982255
0.4024868377433123,0.416762544503125
0.09178637038480537,0.783635669383691
0.43946724443750673,0.503115012219438
0.6789902622593337,0.260691704924158
0.1110059865868153,0.717719501812119
0.8958234212929704,0.0590024283018806
0.9001341713873944,0.0137869105564031
0.04923525114892707,0.893296441575712
0.038004109300160745,0.655625405839218
0.1646867961746954,0.791001371572802
0.34699320127772726,0.624435931935675
0.04011305064232494,0.678259332994823
0.8878298305069771,0.0699577097563286
0.6080867286119941,0.155117020019188
0.28824151762563904,0.371493404717745
0.15167447833546666,0.771861104665548
0.15470084547979174,0.56791650090029
0.17387980316576993,0.808026534921257
0.29642249446419006,0.549393334407112
0.8559905728930347,0.0594990857471554
0.6754305871321176,0.244818772685709
0.4055942391101975,0.408104180939431
0.1876327184136435,0.769822978215933
0.7479361679103906,0.160940539018755
0.4395334558208809,0.425601855528851
0.43051408184217577,0.554716325785808
0.48837632076238663,0.494941075733145
0.7113498563197934,0.114293385130637
0.4126810173406066,0.152870612809259
0.0657910991379646,0.921759713723696
0.12786177601685864,0.803068307049516
0.0023061798056708076,0.827868921065669
0.5296573094413972,0.338127193597666
0.025894826436893576,0.523776504150181
0.00633760094492341,0.935634483074557
0.6685608112374583,0.186149409981045
0.26442195375109295,0.629648851048839
0.8227353528101738,0.135132077028379
0.11444119367486595,0.610321010756651
0.5436177714591462,0.124661605759807
0.5301948140593857,0.204772938776973
0.851671489261219,0.117404513801421
0.8515303226801129,0.0388789943266058
0.2578879162709955,0.720607862163701
0.09054431659243083,0.837685873225237
0.7474841828944506,0.244147427267856
0.2449235306746196,0.537210937883804
0.49943050077200624,0.498985366331093
0.5504458694204154,0.36248328480526
0.33204759921052157,0.623627861711655
0.5924627504624708,0.394896564914471
0.45401778497693357,0.242033840069461
0.4795503494646736,0.212437832452502
0.4824542541659625,0.15735102962943
0.2752151424068094,0.683285842851888
0.019884754605507714,0.761268352667745
0.05102446898645497,0.897409436751039
0.2596663309849226,0.546182733160468
0.6082499043414086,0.321216240449339
0.841789614725185,0.152180647231426
0.18502867638312173,0.704802435594337
0.7344855548894051,0.264270107583524
0.007011134216139877,0.412928995955152
0.41730250957313086,0.395086387816892
0.2681842217167464,0.719845352868252
0.2860384453038891,0.595621964141455
0.8419220501141966,0.00624004409587947
0.20503508735010648,0.349608285808056
0.7373104891356727,0.144566895524399
0.6324385870354398,0.329637573977822
0.886423209631845,0.0896115529969487
0.2929528482649062,0.509547039230194
0.8351002188705463,0.133412885086263
0.7563773700981007,0.2178713100219
0.15546031760958132,0.815437505002508
0.3640281172044606,0.223700164290293
0.45890406168301207,0.240340806730055
0.761302093387067,0.0929882146618978
0.456369265562526,0.415033178086016
0.14726913421513313,0.720503247188681
0.02625627810603011,0.941705927977249
0.5734030232841744,0.404504842709801
0.7158239333781987,0.200587450350955
0.15463412299377674,0.639694779831716
0.19007512867571302,0.739307994117486
0.26257040092639905,0.715084950042918
0.3710642355833606,0.412511531207728
0.5006008986931417,0.391478333772208
0.6781913718598085,0.283778957717449
0.44914115131781146,0.499910390766027
0.1893854605802764,0.747995767513283
0.6590178212712468,0.0689866211706786
0.0866572248426085,0.795035211429358
0.21312914521065637,0.67494859037018
0.5736238628650765,0.314502102192615
0.9000066959959323,0.0498589374328894
0.07950305758257047,0.481504128777377
0.538780883076484,0.279029604626176
0.47939379383882247,0.497349279782436
0.8463114354734522,0.114633644210835
0.03043710561719411,0.85466498896754
0.6983003209100236,0.00589521843515256
0.2577749832910971,0.150098565911987
0.0707753834394589,0.655146508854884
0.4482559424698525,0.237697878518588
0.07377650693515657,0.697315176036815
0.03278963197009452,0.906308225123081
0.7276594827174769,0.257182092899385
0.46757232841188634,0.264017305743675
0.40133241192634833,0.36963662581696
0.04185848535244851,0.851085764120947
0.795055700595076,0.0366112797746275
0.9241625669494622,0.000657312022411538
0.28273762045222667,0.343226444525871
0.11842223476063747,0.746582120737799
0.5838407253760678,0.111398827533353
0.5538267760567858,0.316784029146617
0.4394841043326102,0.324783526453814
0.31394536726471495,0.62969679628774
0.16799252979611698,0.487494208499855
0.8904927555663459,0.0144997472669136
0.6786826691106195,0.149130324071352
0.9123298198998079,0.0577194846146844
0.7217073882710736,0.0701182321743517
0.33495767852710334,0.617165486695919
0.03907963461102697,0.670633010420538
0.12086003100969289,0.841788012477435
0.5531771871546672,0.419002052094295
0.3224870243212459,0.668066413586424
0.5659320211578084,0.249807686241782
0.2397386130875522,0.580137756533248
0.42133308294087607,0.402197103660683
0.3549904119614098,0.581890480937021
0.8779649950522029,0.102927111913525
0.556449844789766,0.440584069902705
0.1746593306974881,0.605732540546716
0.3140630768016493,0.609019534645018
0.44722326322116895,0.477340512986572
0.7045116260242813,0.250353687667272
0.20301683132484005,0.58574832167544
0.6554393312434796,0.16821570975005
0.26817180803889873,0.70680545255601
0.18574911243804165,0.623326405075872
0.3904793450601863,0.487895716326307
0.7576549732007731,0.162835185259154
0.22175893220072374,0.717069967610315
0.6550603488798002,0.331414487132713
0.20111892997809197,0.688339391802183
0.22215124945033835,0.428419829153691
0.35454724236779894,0.640315962949074
0.9521408522433105,0.0301132622274975
0.4354911296836493,0.285977699698869
0.09603708757493105,0.863430283213517
0.507346173596029,0.392328962232943
0.08376157879479107,0.813722196210414
0.40602174559638576,0.248477507257329
0.48398760882288205,0.196936944154621
0.28722368162476497,0.410364241383284
0.613233214002458,0.321706170131407
0.16297679956317626,0.670806971460648
0.7220561344831228,0.217321976740988
0.7682411107404148,0.158858491922491
0.2732500081874836,0.665622440428665
0.5806085044407344,0.171323868679681
0.07922707694323187,0.898306041328079
0.3603203542818312,0.59751987660717
0.5339336460310787,0.277935855774379
0.15987668875261682,0.776679343078431
0.658292976219986,0.235229091549358
0.6187407813375485,0.0606610798020945
0.8400715350828786,0.0513133189251955
0.13487695286246046,0.78585352775446
0.7439622766078102,0.168540575121097
0.2787540928276904,0.67956237074377
0.2827699739251192,0.453799926612646
0.7900320235634929,0.178005098548391
0.35768013409786414,0.274850612466523
0.3709956131059508,0.543485029843288
0.30790988414677384,0.267769446121538
0.6032043719528508,0.199539721333374
0.7396143636464186,0.115139459823325
0.4027250320776528,0.451682125848015
0.3848960797716093,0.612410538906423
0.2822043593865843,0.621557524089319
0.6357507179421666,0.353128346067328
0.6235796615176907,0.352454920003851
0.7651816488413197,0.188994650055611
0.5285302780542712,0.0853343011581741
0.05170438321510621,0.612979860416639
0.40875905720054223,0.45254951733964
0.5779240098729218,0.392148088141173
0.476076343230268,0.0224170861649976
0.13175042083148347,0.434978737977103
0.3503283727930459,0.169912162534637
0.15832668581608372,0.830788021559092
0.7761514525313467,0.138194536925165
0.5860116992318355,0.246551089730067
0.36731608765986895,0.481975878604598
0.8065529078603498,0.0405170090872962
0.8519856646651119,0.000819832106322027
0.9142588609357218,0.0674403740898772
0.42335007051771645,0.57478970721743
0.39060919171662156,0.563623163941811
0.5504722716189495,0.304276941027338
0.6039346351830078,0.199592691986051
0.7238617787882177,0.232596579998239
0.21971089752597692,0.622983107858136
0.45002649761265473,0.395250712263457
0.6526822172693877,0.122509203694282
0.6391459898276296,0.34900628612499
0.46412543166091114,0.491221676591217
0.07413912584653844,0.529298024675449
0.47300551576839045,0.362467814099902
0.7333674506161023,0.254790538662889
0.17262641166842055,0.767812450151221
0.21861801626623667,0.618634752018184
0.053611767581900324,0.828080357420341
0.7823779693171515,0.190007211818459
0.8039199649031415,0.0969183430076393
0.39803745574162425,0.53378832727017
0.711259842151943,0.217850265471704
0.4403532351822267,0.471133284751953
0.6015683579242922,0.350209548342283
0.17563100055768593,0.403551683481737
0.2942183162057287,0.434791311736157
0.5262948308633767,0.470476034560426
0.49266186566665343,0.450237869096367
0.806018066263159,0.0640287776124427
0.08315643410381833,0.694062003818042
0.3975585167288004,0.5078769875297
0.3685762794843773,0.619212955867938
0.2208174650667152,0.771855915711497
0.34782726647495,0.373303090900381
0.1436950407804909,0.787559286682207
0.015539136200156576,0.750983515406811
0.6824361385669079,0.0274420493434384
0.2939420024346529,0.629915690075829
0.4116527752880027,0.498285623907259
0.6953683215304176,0.272668930136834
0.050117213170401693,0.719715606013673
0.09333499691950006,0.76808648441373
0.6985075834440294,0.021674423849035
0.4609588644797354,0.473921937896326
0.2899535072107171,0.112749804091581
0.49862213733161936,0.45238361518239
0.24150088992299307,0.28803503935528
0.9314410694951295,0.0494282945189748
0.2447826808960158,0.680746138146999
0.4372346207709761,0.481148805758649
0.09344703188277514,0.791651271223632
0.31505293776154464,0.59804796152481
0.06914746044861671,0.750760615697978
0.5596149843965581,0.298931355322492
0.5589397933863249,0.252246580258465
0.5647394543253734,0.332071490884126
0.06121440413971015,0.796766055807165
0.21876087440992362,0.427061371584567
0.05474321454090158,0.823113538179157
0.04394794716651598,0.268920663602059
0.6053969677645971,0.125082734660343
0.09493457717899888,0.896048159069253
0.052358371409603637,0.630680594890036
0.3432725826001931,0.562930351009886
0.004146011702663217,0.794516987053765
0.7937766038096121,0.0872217330077761
0.14899771569081374,0.380090023187254
0.486653149996095,0.139703430085808
0.7228995844897979,0.249151691380129
0.12324189485528414,0.788859811818678
0.579449928058916,0.338676392568434
0.7861831033696319,0.0890625026211086
0.3195204672552873,0.658322457148263
0.3043249456062973,0.658285506933138
0.5316318923820121,0.187935753795785
0.6074210643207986,0.0224159133702621
0.5267308900816817,0.300793774460541
0.5827672598698369,0.360697522041376
0.06229852749319432,0.149313832632684
0.20089934676599783,0.732346243855177
0.342116683047338,0.396882639504889
0.11166071805980844,0.782001361927945
0.012485500109831241,0.738181346761903
0.09893575750564022,0.660598613899653
0.4086877664345826,0.552226203847079
0.5017000939520212,0.466715709790754
0.009744141622186899,0.886062848626336
0.7710905091047381,0.153396718153644
0.5036810914908665,0.366820883605207
0.7157006398304114,0.139657322332897
0.8054212394842037,0.0447877709801881
0.3039218466696946,0.670540769417451
0.0251608786890003,0.580201281886403
0.2651820767336224,0.625272668757375
0.6880043277381455,0.140463915802712
0.2721864661639016,0.621153612133785
0.10416842416547238,0.778330354586424
0.3389165663821367,0.644669421422691
0.18684883006672476,0.694934963590692
0.6920316845866128,0.206999019037031
0.45058157467065973,0.511295954174353
0.7290583436903919,0.264703623743702
0.5303588266474791,0.159781693188501
0.24731900143292945,0.56262306036779
0.6802825206906873,0.252199812883713
0.21556964105202353,0.502393881536941
0.7988808909605681,0.0289943855917594
0.9736291166637698,0.00976931104838458
0.24799260066217738,0.748611195398462
0.2900629392068374,0.540803631121275
0.7486184454157809,0.218347970971263
0.8111961571616988,0.182955827850133
0.8456590139105912,0.092263186462865
0.06584181653104985,0.231975556165274
0.21100161758231406,0.695517043952172
0.568910290162079,0.361456986684626
0.007532709505575171,0.930653340665079
0.07736290908527438,0.902090683936963
0.7549075792621096,0.146228813167711
0.13478423953932445,0.705212713521387
0.6082228794685506,0.233699479443727
0.19836896733818193,0.328685419990005
0.019869334895295295,0.856202107495599
0.7612984334747321,0.207808630063342
0.037648498236519425,0.940932780173936
0.02766350000038768,0.881495455566823
0.028270673388084706,0.768261220180066
0.5232435583762536,0.249259899823458
0.5864300801873131,0.325248300048679
0.47790360311525265,0.430409987766393
0.2964411728874916,0.456758906057089
0.09567582070759495,0.856721713559526
0.21136619995166755,0.410838267005857
0.7694946364909703,0.124092109352829
0.784239584645389,0.018654000912176
0.5618067430935588,0.387319792312824
0.2185381952639163,0.630889487240246
0.3396614371418395,0.331325058848394
0.7343744616186898,0.250067319342379
0.5630859130520934,0.252357901463443
0.8472378336730032,0.124284292158603
0.1986718737886627,0.608526834395082
0.10841267342420674,0.703163832329886
0.14864980025985824,0.769310135508103
0.5461326824388363,0.422322584789588
0.7221546586942118,0.18324304062947
0.6139201266078712,0.328790099647116
0.20513191912084863,0.478170308113108
0.7122116094380678,0.146236063464995
0.334839819763716,0.565836585078237
0.33673058059856187,0.635371292877899
0.11605391296298785,0.790243956636841
0.19760475571693809,0.721686883789196
0.7057267567831075,0.259723874149553
0.1220178899445429,0.832360169043537
0.28078000597048963,0.558183675516106
0.6776753335549197,0.299938500371287
0.21153848628298932,0.757949338704697
0.44705783935089816,0.395120794957845
0.9663326033247893,0.000180609718751764
0.08255954338380678,0.594592378735672
0.3123281168018635,0.447121032882979
0.12077230538632501,0.850600233948774
0.19146762446195903,0.677740164518995
0.8448231026430061,0.0618246265406535
0.2140551438978327,0.778082645621541
0.07858649092212035,0.858920872526884
0.4514637779179316,0.386882606683642
0.15890609041442785,0.840193731897513
0.21443860543297377,0.549718132954747
0.062367198981068274,0.694094673537066
0.8695334650224664,0.06210666189391
0.4293365910140432,0.473304305426892
0.30967561360698365,0.62727501424512
0.11728399950907052,0.740234105118559
0.8248635863654666,0.0481499552068523
0.0885136530028881,0.763877723620086
0.21663714782808643,0.473885767063782
0.7381011885416102,0.118944471058903
0.20492131196916202,0.661285619145289
0.3755906016813666,0.608865978026848
0.025780282454914396,0.87925762245601
0.04018816679302383,0.933176587881308
0.22945653148214118,0.705084281155657
0.2909742817182933,0.49687825970502
0.4920521329601834,0.335351306375232
0.19307169158309584,0.775822796760886
0.2337568602678088,0.738401222083073
0.6653114504342053,0.327454710142797
0.2895642267781403,0.650821140369352
0.1437000524535226,0.348000559218477
0.42322676602878995,0.515756279342766
0.877112330585663,0.109913733442695
0.7672218268620973,0.202180082198902
0.21835624675075732,0.674769171319272
0.77037847350312,0.210667169487596
0.31448894032794517,0.631290602555736
0.33457152811464813,0.546470080120714
0.7260883964189093,0.151582258819036
0.17609380931456686,0.285136100325715
0.6668595024062394,0.322866558156195
0.4221659322181188,0.567585605743007
0.32268669778960557,0.54369740129362
0.7266961476568639,0.225419055135928
0.5673575044060108,0.23270833995034
0.7061259982553901,0.232174488389907
0.4697404870743932,0.442736148759354
0.04589142686645271,0.870395929302305
0.09318810030182,0.506549002780571
0.19268578103513595,0.696369345871975
0.4623061485542886,0.220565956338036
0.06733277902536039,0.640762558210164
0.827350269090268,0.13917914931661
0.11608524972714516,0.786772083693913
0.22703682141539305,0.010673636928214
0.006718163265891692,0.8368213704976
0.43710445362157274,0.557363211360255
0.12527428457684567,0.829797356762312
0.3289114756887762,0.305647178124342
0.8842170532807655,0.0116155599229283
0.07012530724301129,0.801809552293811
0.639045435848967,0.116550883344527
0.21651749514391308,0.66371687495566
0.5210271185190978,0.179436082883206
0.6961045288662395,0.172386191310999
0.5182834240348171,0.267900900488455
0.31302533553261586,0.663689093212894
0.09563837149656687,0.771825930538338
0.06388986000779082,0.604140786120733
0.1554570092195772,0.747548447828477
0.27373679870066814,0.678971095467415
0.2354520016035706,0.595797691270428
0.36771719244896195,0.516605199970591
0.26962642577087736,0.624590426009702
0.6159336237943938,0.252973399142429
0.5767942918035697,0.0978095706552597
0.1635289877495359,0.760920401570162
0.5012064383170441,0.481351757067381
0.03972047199388659,0.953641071515681
0.19738265776025782,0.382401533627081
0.05162852989068673,0.906466891538525
0.5357195650766041,0.32881948165484
0.46205184358377244,0.480165284115061
0.20247814278647977,0.683747143922403
0.6684219584638406,0.165389264990438
0.24575385513716907,0.741587454013615
0.4937121993991721,0.142076137266406
0.6823275999723205,0.015726778265761
0.3208722623160735,0.554191473271249
0.8695643698024256,0.122297834417632
0.8283276057428944,0.100325247704896
0.6778401304990592,0.318836478275346
0.7078146400666979,0.112996676396348
0.5507872813629415,0.390070533728409
0.49641377923470675,0.458646871287989
0.3841981667099018,0.188149347975386
0.17219157295990875,0.341304378323465
0.08411049155339353,0.657909030208639
0.10188274911916069,0.65163418944851
0.006107854500200023,0.561284117496522
0.2897385533107434,0.515899961449005
0.4544204072081983,0.438745855332378
0.44273530156563695,0.505300031559166
0.49962921901088864,0.498490625858228
0.3164460014704771,0.573649554428012
0.773759717734017,0.111752659023482
0.2897535257512026,0.696780433026739
0.36724572452364684,0.610578811666864
0.6324504397029684,0.357893375219078
0.7229070752614641,0.11738612927978
0.19389591630716213,0.755551819928981
0.3541935412739718,0.536391018737819
0.8529303909678865,0.0151789791322947
0.18685529236778578,0.629190064814807
0.6352040080091219,0.355017392773539
0.25622713118454504,0.723507459830362
0.42358097591372534,0.532626332307254
0.2170527372187095,0.756473441908544
0.36334460942369734,0.609302957756882
0.5928554292764868,0.194331530532582
0.5086961282365704,0.433434465588075
0.163047542348278,0.827599960906187
0.28108547689885854,0.604671485302034
0.06060842083322801,0.806963646071445
0.3436729297589468,0.568531369286593
0.31175107703056704,0.618095533781002
0.24148945656677182,0.618687004392505
0.1924009757306941,0.782381808479115
0.7882534784552304,0.108101959797867
0.5695555857426348,0.402308627402298
0.1399222433526447,0.645045276558901
0.18613615101157022,0.374901575595281
0.024250354761588006,0.796763162019892
0.021142694518014895,0.63931033464646
0.6296876392624711,0.159177718234864
0.6272016354340624,0.140252301802629
0.2594797619688621,0.330477886752964
0.7548365628664857,0.158594392305477
0.5421878803270858,0.0722780797515477
0.7185806879657379,0.269590282526548
0.4292713465369612,0.274800024328111
0.47997909955465606,0.488248563221534
0.32657146466310333,0.632092753218713
0.01753980038926125,0.868948267953715
0.07543843204480563,0.865454770225319
0.6842077507903269,0.257491293366929
0.7694355306478583,0.0851750197812869
0.6077992714793679,0.38805513036547
0.42946636173646574,0.457428756906202
0.7423255113293743,0.0808912363920014
0.6892525479501481,0.205699633182465
0.6559860356404944,0.217759508562294
0.11549218433399677,0.823635248528128
0.7844743443939963,0.133823727148793
0.35006417052812494,0.571923568556
0.16292988450108234,0.00323001332226593
0.08262579403084751,0.105779236739099
0.29391987564028854,0.666338612773282
0.8488290471416609,0.0456181581327698
0.5424471791867024,0.452688696678062
0.7487686269882597,0.207399297283242
0.5545697472762361,0.428649137702293
0.34400471924742143,0.292433713190858
0.5719328649592679,0.379619434397002
0.18254637542177718,0.761282739804643
0.1271140376141433,0.634663427854984
0.025349580312293042,0.963563517171128
0.8730260789419187,0.0103401622337295
0.258825082138272,0.643171419398847
0.3058428878399461,0.637250910722812
0.29562506506148306,0.41068237642571
0.12708922535199269,0.858358945117094
0.25780401836003686,0.738793434353193
0.20671958096344387,0.659918062569958
0.2675206702749194,0.683679284921404
0.5455770532687975,0.301200445143694
0.5330660025410774,0.275226240955664
0.18670108503248725,0.550557934877356
0.03478473163655269,0.193730162065137
0.06277660779596499,0.830619939163621
0.6687110207396734,0.122235550250853
0.6018027378085692,0.355017266344547
0.30409308464729023,0.477353456108079
0.6132008346489695,0.171515535346699
0.1942131739230396,0.762188770378116
0.7778435237234556,0.171977605207522
0.3038169192005405,0.458474371967341
0.11065917898218926,0.790765380893045
0.8791091521926364,0.0302223315301555
0.7425297701671648,0.257136203396948
0.3305365972790244,0.190009990358168
0.5046532888170834,0.424008235868782
0.10848699541288084,0.843101472746595
0.12031785300968978,0.350314343332713
0.7995335160358972,0.0605859985313232
0.5745321157214417,0.162060706767254
0.08906221889507086,0.489387577507017
0.15951631540358177,0.70226872614318
0.26328622508449734,0.312948544886049
0.39945712294829594,0.567024412696811
0.45666259782385193,0.490474422392046
0.21549448936842244,0.384964694474593
0.7563856219119629,0.0401279506939022
0.32987964058569086,0.582522113963973
0.12708770275859255,0.678120617436688
0.20101783206917762,0.652979629992777
0.4968357901265431,0.5006306383579
0.5199661243878603,0.14671844552377
0.35548535265041936,0.548012832185052
0.21810309204189618,0.697457424250042
0.35623380025396173,0.527818132203414
0.1337886804480062,0.773724466353452
0.010620266411599128,0.933801820799535
0.8337527290672457,0.15470241639045
0.733829794451583,0.213317132528748
0.28260880781666264,0.197363667394163
0.6096750019389867,0.261281184696419
0.752670850351127,0.191228797165499
0.061057055121815716,0.881239294750082
0.2277816295382001,0.259800074950239
0.25929574528303356,0.689750884004195
0.9836670668480912,0.00853454660017047
0.6624209367028516,0.2629866128859
0.6037049382436827,0.345505582628885
0.30582829638281855,0.406593129435139
0.6430878956268379,0.207329472986666
0.00820510227498231,0.774890209724323
0.5184322795494342,0.180121594892176
0.7729202106974535,0.11232414875837
0.3859306915970058,0.497413683447399
0.8754190274803929,0.100392296560141
0.317715178324295,0.524272861575638
0.18607353917745845,0.174728695375184
0.0268969097936037,0.690711641731044
0.1936325377151925,0.12283032996301
0.3219508061121366,0.603246194152233
0.21646273625787352,0.771754321112008
0.8109916365802207,0.12480749020369
0.15367520036714663,0.687286902435708
0.34793545548093296,0.301097139929958
0.5004311615230397,0.30424835564618
0.8317133492133953,0.0823208104995095
0.0476836046378224,0.872934456320276
0.48355652130592164,0.339858594239387
0.26601517066299357,0.128777468416338
0.7106676503320429,0.135890436817317
0.4953659045232943,0.265810307781597
0.2047961134635276,0.498320088517593
0.40507029702001757,0.48837978569608
0.3732922550098367,0.0963655985054201
0.2831153618358449,0.618612239839772
0.5723154242002817,0.409347423273104
0.49601509092874313,0.485583197187068
0.14565006018413781,0.632837804124575
0.3027635245302796,0.540180986527688
0.1854665977141357,0.791789225307265
0.03464514122249153,0.614432555553607
0.4787765699246731,0.427495828279573
0.054081749435143815,0.741683021155659
0.6997441262972738,0.100979877293136
0.9805599036859787,0.00984762815952303
0.46275983029707307,0.463538609929001
0.14282805752301755,0.420623615627672
0.35978751428641553,0.541685706743761
0.3502705176630298,0.13169174078714
0.5551660919219298,0.300613620653192
0.33447772911124546,0.592794710565014
0.5471345995655007,0.154273499194113
0.3210336148678054,0.448739118594522
0.05399100265774412,0.922431761317669
0.5204414014661011,0.322277225721511
0.6789085378679223,0.296207791089786
0.18891694374729634,0.699015687853268
0.53320496364196,0.38038434159659
0.3782690697416295,0.441081911930019
0.18562611616064847,0.78779412184702
0.4875077137774546,0.140688871606218
0.018077016221121907,0.970868608207408
0.5479479041601168,0.152998596951226
0.3039008261883491,0.681249995609496
0.09402288273077576,0.839570497509139
0.5934124766465316,0.322298226405974
0.1337827228322146,0.562471297162935
0.8610562585403996,0.0468700586629631
0.1782836304605769,0.153566516442669
0.1988157998166662,0.59679570343922
0.296010249062578,0.662917801297785
0.3872685729258308,0.364747985790821
0.22909406020032627,0.487070485993996
0.748868167831059,0.235950466017473
0.5178162164126586,0.417211041542208
0.5457717519566978,0.402130323957372
0.5336613322779712,0.446476633807087
0.05161425182797669,0.919733288868616
0.44678328504744336,0.375267434781317
0.5221548838515269,0.443982652610734
0.3464100618929762,0.211420710038022
0.6988358638407953,0.266421754788258
0.4187919091895011,0.387170091083518
0.5313943681829508,0.305972118296112
0.28811971880095383,0.385551650423799
0.23229002569477866,0.687536127168162
0.2093594559501952,0.305450928537974
0.3805048881385229,0.592930723778513
0.26461987366553674,0.578918012538965
0.3833784372923484,0.577361835823246
0.3482219844711354,0.617512889787399
0.14158849593046813,0.697782603063515
0.10697891143131051,0.698731415679929
0.16478095257414568,0.745583791583482
0.30837481388888466,0.687265644982633
0.28103600994537453,0.61956656969715
0.19764251906302466,0.709293368803585
0.7446589410743807,0.245754475926695
0.1866822418774699,0.74831293839217
0.6136081200639614,0.139072709515486
0.49812937119789724,0.48484806385331
0.6757751761108519,0.13798120104029
0.1983503229768241,0.676740545061145
0.7380270752049133,0.228414136412693
0.5264910173793316,0.417777084045641
0.5575411772800597,0.279255499259557
0.6559764290812696,0.335631986254188
0.6470225598089935,0.282316821557102
0.25130678176052373,0.566097543353999
0.4659077714512922,0.511508208033559
0.30069524881113097,0.565330303264414
0.7536023997350597,0.134457907835699
0.2587353732989615,0.636018626879639
0.409678761861191,0.276182372286912
0.7798745973468355,0.0418200451903326
0.3397153308102899,0.321374165915085
0.05472198191680122,0.766032858616582
0.04603380748285978,0.913910986869363
0.8529205399698236,0.0842288313863793
0.4073128069032925,0.420131159351068
0.7972018032014735,0.176184580862153
0.4366328779920311,0.211975088611815
0.34760967525383785,0.643569527765739
0.7246026487277869,0.0210629055776243
0.2536903572934544,0.695999394529704
0.0051597062657851136,0.889607173142524
0.5575175041954183,0.291079650339512
0.29971211270566783,0.536460998335592
0.31903017432720376,0.656920336391745
0.3473038840263244,0.557933983153883
0.385624578620792,0.593010919428626
0.5210306224065654,0.452679467656029
0.3439116392265754,0.554923595305802
0.6432124894058822,0.258253258110114
0.5550096411586286,0.378542200094141
0.7150256555427671,0.273312384163057
0.0172634882541031,0.771135113735409
0.669051156748729,0.269037363695169
0.07722814383294888,0.846067601842971
0.13763584916410074,0.638432161189054
0.11789157269642986,0.732026011915264
0.36829033995532917,0.373862750793345
0.2418361908154672,0.682190791720003
0.04423634822124948,0.942198630015897
0.1674127388493599,0.626598520637561
0.47700039827502205,0.24913673350064
0.7287378760376364,0.18929229173371
0.5502007535960711,0.426486220792616
0.09259617828196326,0.866455121172194
0.36354730881122693,0.473456797113
0.036072995922512716,0.54637059300604
0.14234854077076842,0.768185749213831
0.09676276349818987,0.277756697875543
0.19612171040305898,0.477927899873299
0.6470284712293752,0.275711368880052
0.8430489296239703,0.0229833869450147
0.2074440652464598,0.511513404080792
0.11050085774092784,0.75845006862568
0.17309208351960112,0.741097898847689
0.7695471426880082,0.0731377918274967
0.5342425059927028,0.397914478399193
0.15317612478265788,0.831185805032526
0.2857711530980742,0.601493251957061
0.3688509064801837,0.557562991799582
0.586996827052734,0.137436541605386
0.40306920721044753,0.522164960861342
0.3015923665015876,0.567408427075157
0.05966570641848618,0.702572682885219
0.4621196504863967,0.145801517333542
0.18866256978283621,0.708804048989832
0.2899495158734163,0.672358796173695
0.22078700008219268,0.544446229090118
0.23955972024108374,0.59069230123408
0.40250000853641255,0.544672220279727
0.2733477647897487,0.481720789348399
0.6927489897749795,0.115481486993561
0.31996171330458145,0.622146704200395
0.5709397166377073,0.268335497911533
0.01808082850745078,0.832701680015019
0.6354890480852549,0.356965784768967
0.7129065869486749,0.239127947411835
0.3189730439191253,0.675052305898039
0.38665106632707674,0.0382381190615795
0.13722568808079935,0.627217491720269
0.6755237000969636,0.0272854245606477
0.38756502531207926,0.262371768044667
0.6817555089290969,0.0664214493341692
0.40774206060453294,0.588490165506665
0.5192927603414809,0.176314841930585
0.37800445751365536,0.418120971565147
0.4321780664236279,0.0855624849532041
0.49843133369860043,0.40706835631561
0.650766417253667,0.307660864222577
0.17103254514473631,0.786535640486057
0.5257575870316031,0.218663796297035
0.3453051942986836,0.487717051300064
0.6254193401014345,0.135016317985323
0.6555796025267684,0.0904668074861706
0.11061906164971069,0.51793978849429
0.2218106397940014,0.433374668795096
0.4684115682770919,0.529701849619683
0.6365292369005141,0.0872286867015523
0.81901216738482,0.0104127923093462
0.24968690473170294,0.155695681580998
0.6681230634198216,0.254368992614396
0.8850760852114441,0.0585103697560792
0.19834483901543323,0.714320598861396
0.43035804822607776,0.235749094452097
0.8998464770982139,0.0277992967319599
0.15252291555969258,0.727457074765766
0.0055272777474630365,0.62404788896997
0.3172875930242524,0.324423483151346
0.19566822277789353,0.70294633669358
0.17789505873962305,0.699731340243454
0.41570987608455945,0.0944018949730432
0.3729571409979806,0.488855876590308
0.7520793374633227,0.150419796440909
0.5523179096011239,0.0521144578579682
0.809724057713733,0.128290217018766
0.6886779505935724,0.128866397327552
0.3360821973832154,0.588078270146391
0.3246169423607607,0.630382577638315
0.12252927791166453,0.475445560865264
0.3092740854682574,0.62640048513268
0.8999382057815175,0.00937588630638925
0.5512164639761846,0.35553409497268
0.2501826163137753,0.727663675587682
0.5035280156673374,0.151134786083383
0.5713847083880249,0.0855152863620904
0.5596590864522153,0.311139398851829
0.10281644434653991,0.853737396708221
0.6989669876697276,0.101864610609107
0.10973650946172243,0.840900774157696
0.2901418595428312,0.70414062616443
0.387988148713512,0.195247944030414
0.25605521310828666,0.682707296750729
0.20187221626688973,0.719185063247888
0.48981187551031985,0.119599127143335
0.48141200986641713,0.216978323343588
0.324589705687104,0.628482596546384
0.274688768538454,0.675015046180948
0.25587655018206673,0.647720977312629
0.65139065030442,0.0497084007497333
0.3879727029725509,0.58156097461674
0.7581786710511685,0.197320578413153
0.016680270943311596,0.853860679715537
0.14211797164830214,0.790334849614718
0.8974955471823955,0.0616275898399727
0.581923315356484,0.379229287752179
0.6092658390869456,0.114272020028036
0.10152807281224378,0.309787707229862
0.2090384792479371,0.447993678755149
0.20814311786120857,0.674814437609745
0.6249133064311111,0.0730711378362015
0.358260798376254,0.56206441777394
0.4462303871887716,0.486140032800474
0.17455277066718886,0.705638044068805
0.22672915314413758,0.47450072214146
0.4077430077331813,0.0616291365073233
0.35418159977049374,0.497802846202012
0.1505386525764197,0.638264587413859
0.055331756621559085,0.549791751198337
0.41721217033635094,0.356284232867226
0.5351570587201124,0.280622080354501
0.01490448755267162,0.831087758392131
0.5935418979501792,0.330933489907144
0.20252156665011004,0.618187477345396
0.7311207785674985,0.120141944120928
0.3489766806224468,0.521421086772838
0.08219656742770684,0.902553855094256
0.6243987428445376,0.202765441687743
0.1518922118845886,0.550219223500476
0.770639848485649,0.164751121332284
0.6819208298750331,0.27578840835746
0.3926996122065453,0.468340666052728
0.17624342779611005,0.823525483479007
0.34551963996891977,0.546000871883639
0.17091767561767404,0.699872384249286
0.3113660269751006,0.651230678398381
0.4121115255130023,0.407136184444632
0.014409798277273405,0.977007681476546
0.6755616488823617,0.0291522794048177
0.7904341574425736,0.122668177328408
0.4318430514377298,0.255219398350138
0.16519733848982154,0.823228635459378
0.8309874664614044,0.120092694013741
0.2263994207429561,0.568260171628454
0.6644671189284604,0.200944084531645
0.33953328370198077,0.531356076778802
0.507738787035313,0.480421810835879
0.19875964908074997,0.0889145130742738
0.38991194696846393,0.305189526201124
0.7700605754030794,0.178542686146682
0.07242678157917047,0.101244467350714
0.04805629987877164,0.633486566019814
0.43558048797481574,0.370948043724569
0.9052467609036374,0.0467616985191216
0.5190708343598675,0.433836869635392
0.32975130876711256,0.498087981007067
0.14150329830558273,0.755844200320868
0.06531349570188834,0.84648690958002
0.36358182914446596,0.592300075726325
0.6141983753620917,0.37540928995103
0.4298243309536778,0.521544650476479
0.7852712106840027,0.200191174424822
0.7426383745474472,0.169743443822831
0.7365728237997237,0.034136197510249
0.7114416400196649,0.257260677040003
0.01367227863963586,0.544003671150168
0.37070268658806604,0.331168546271127
0.2789204017864317,0.564869080977217
0.3858284771542304,0.265314964634335
0.14604719974920036,0.846339444031497
0.4196865673938239,0.33862447732867
0.3286486036842859,0.585853924046387
0.5204677685061432,0.160293079096561
0.8198806061950503,0.0719253492445099
0.15257572137725142,0.81718099922199
0.8314799066119409,0.0510205509888967
0.43307969526241136,0.352396014240741
0.5608128461989679,0.131713407275305
0.29608679129849175,0.67599613031243
0.4431901214607024,0.521295690451568
0.022834420113445074,0.960437424850447
0.6922594293427192,0.127598470255255
0.11929638503912823,0.847752832169694
0.7357607334165368,0.137064898091579
0.0027807373598639465,0.587925175469967
0.11812482436359106,0.869207888928332
0.0732853864946526,0.557449779364767
0.5581879184016757,0.386482018033358
0.747988815254006,0.00322496800504396
0.9170922007934246,0.0387314804801111
0.7039766397112932,0.102112969590995
0.5533540500688048,0.416794078760192
0.5171658489793373,0.477224461709707
0.10400780212209843,0.829003141968327
0.1352133946741606,0.499283531884561
0.7160737664701182,0.145765637755265
0.7781568481651612,0.122369886300352
0.123979137045338,0.810197602765542
0.6767889466568878,0.0750211972104663
0.035667552699589364,0.911451996685256
0.8429562438095439,0.145238533657361
0.1026691208720033,0.695516523674412
0.33748391946039863,0.626968809191654
0.057026918575046895,0.721271678640395
0.23992366423079184,0.622989746064666
0.46427194341276,0.505258913375738
0.04294681067252958,0.688678418969314
0.7991788672174786,0.16131607761025
0.8507880199964604,0.139530107328916
0.8196246589428817,0.157214544808271
0.7442720474502447,0.156085296666339
0.15451923627847863,0.653126764349339
0.6188778615844905,0.169069789623559
0.0132054998596006,0.882328432104388
0.843950265543328,0.149970984454337
0.06791827073910188,0.764613338224834
0.3858946481744615,0.465989808752752
0.8210860833871809,0.0951855447851218
0.6187114644381705,0.183276258092489
0.8480867002108581,0.145262527397357
0.49500752081006927,0.49769332173902
0.08469267619242343,0.869917035271755
0.4543204800776545,0.50351291212788
0.18446354128974368,0.813943107499759
0.6976831560274687,0.29291555788753
0.6117962220318961,0.360745472289249
0.2273063693681796,0.743823297277176
0.3775808089935197,0.435395818797447
0.4577143347125261,0.355823592390283
0.014371432576488688,0.901008857666639
0.33782789400609997,0.304486369492423
0.005590576934551049,0.767432024912067
0.08018240386883364,0.845183731760469
0.2976258564191488,0.467603817280914
0.8232382580359022,0.0621518979704921
0.2541397005565494,0.695443134831429
0.87928200060526,0.0851906785348046
0.5200467326415704,0.475816515706414
0.6832490036337031,0.136656110703873
0.2605338421207178,0.402071886243917
0.2462156965463023,0.71521511399721
0.26987592372111135,0.603258506464891
0.5713978917972037,0.160672716128485
0.11483947947384006,0.637134345886078
0.870740483165991,0.0455042708932672
0.8727149800073853,0.0438746047006015
0.06449587951134986,0.880191891180203
0.4729436577537484,0.116860757517348
0.235446704177688,0.734333169945049
0.23767682858728684,0.417047787726237
0.7204202918645081,0.0454862531907038
0.7965456267651634,0.190884003333204
0.19341631538164317,0.334775269211071
0.8070588346601844,0.163311262765555
0.9012674061220761,0.0925838163963495
0.3664301955868256,0.573722200025649
0.7857965217562553,0.0460949422645098
0.9085824832018119,0.0608857406369458
0.6228982869309414,0.276480681136005
0.352122552359852,0.606759254261843
0.7465167556846475,0.181982949249628
0.2513932544626396,0.490020463226286
0.6164069841900477,0.250038088696652
0.3465463057688466,0.651521465942832
0.24907869180615355,0.715767871155528
0.38689630459912844,0.510536429979892
0.9013402271908328,0.041205278691466
0.9240666064981412,0.0448225957887881
0.45702150835158467,0.464421592811681
0.47890725478796464,0.214217013786907
0.5521185389346357,0.395010385208763
0.2152248642337797,0.551877946210047
0.373957279028845,0.51563547820583
0.6377072420778591,0.333926532601057
0.01761873622155431,0.398103322434464
0.692991528773285,0.137842269964326
0.7262809286342659,0.162828584991357
0.13206763217699105,0.791350677417804
0.2582577705287291,0.693900272503475
0.5484082521555629,0.373473453305929
0.5149762786067085,0.15524948861051
0.14970016955227047,0.647910206214605
0.07294441432896195,0.844312221755721
0.8259434045851047,0.0284207403015156
0.27958064059936044,0.598829729683688
0.6698424358663061,0.278130381629927
0.5997303852980593,0.363253878677495
0.49164167221099786,0.308930415804717
0.5764924933538638,0.329185699996884
0.1148838319902869,0.586243256919501
0.0370098257475931,0.932533343794965
0.3366033943860515,0.65935939093789
0.596728855162724,0.12828006840397
0.7113317673461491,0.242367760234261
0.8263617428016987,0.0771755605216196
0.8585648639729226,0.135208355872338
0.5662140503014194,0.415094504759228
0.49365780156414923,0.0954923801759477
0.2357713449423302,0.743508356072274
0.831172920122872,0.137037396977497
0.5445297127348682,0.453090542848349
0.0102405781619597,0.604784909038723
0.5643543492318572,0.256730256535944
0.6334628034401806,0.208258733628733
0.21272578939831366,0.723424287568257
0.28611493695705703,0.649485612568127
0.23233915132795618,0.587742809913581
0.06248258761942488,0.931820212163208
0.5924660364830158,0.405175964146853
0.09369129126522747,0.827340742352973
0.741498236318755,0.206927364827897
0.0751512413815762,0.913842373426016
0.8871300204838315,0.0259755541639089
0.7774757830024636,0.196005627073714
0.054812669027034536,0.749486799625335
0.6876120010325302,0.226335310818822
0.9431654046883009,0.0296317106487893
0.053516294216702176,0.8894585385916
0.48832940543044456,0.438866985499244
0.9319294148257964,0.0249340972630754
0.3532249061990561,0.108411100177127
0.5160760948265691,0.0962375221324004
0.8531006032790959,0.0868994674511708
0.4263660048192332,0.556486598198699
0.16121560976800894,0.823220340243105
0.8332589660077591,0.0714236096199352
0.4340379195357226,0.510582967114662
0.3035407197049983,0.469972205666685
0.18375689982379032,0.810938457801225
0.21407402427123295,0.552571172081285
0.1705493517721006,0.579361524134684
0.41521568763331307,0.57234946184255
0.38317889255224313,0.604477799604628
0.088525797748044,0.669679459325747
0.5808937985837875,0.313425644552733
0.03156757492089265,0.863641020464165
0.787785102140906,0.054479910357936
0.6268778617768614,0.209162946651269
0.07516987633903967,0.781373863443192
0.41964149481859836,0.319397303845253
0.5898502120641191,0.314116299646814
0.34325230312303073,0.649173663574377
0.18683374460761246,0.712269694832817
0.35693413596678497,0.550588863152562
0.5192041087505462,0.408294613864955
0.835488126869666,0.0526088141163415
0.0708964904147634,0.845687119558668
0.2318439781286447,0.199990343052836
0.1789961208739395,0.8206731658961
0.04997078088267664,0.862429961259758
0.6057759271838894,0.298533369277239
0.8712573350216231,0.0764358781847338
0.5515377579613382,0.278242855122507
0.3564150013857722,0.527025212581031
0.46651229567448055,0.138068674367322
0.28682405275050193,0.615164893722816
0.22780968377525468,0.549502825750944
0.12237627844936586,0.853846734865366
0.043663144681937244,0.887381083270802
0.4064483344977104,0.544955792546695
0.8273083130777966,0.159793267174901
0.013540858602447066,0.948404957516463
0.3477533927811785,0.490645635008702
0.33455046423869234,0.664783066608109
0.05657251924886908,0.670143317631817
0.37375760061893204,0.625441676745746
0.3377946638706384,0.597161478795943
0.81867394520461,0.0587012356452718
0.0941300140266797,0.580280590263154
0.3424251099152986,0.396953994548604
0.03840262615416972,0.726714031585164
0.049153203719732835,0.905362580868312
0.9699778937730845,0.0261388616463362
0.6675431922075026,0.307771125398775
0.5276310563134262,0.413892556909719
0.9170338713357774,0.00530338701946592
0.3793271570822811,0.218433825264846
0.24044617258852527,0.675068394352275
0.008362621058199382,0.833618021272004
0.4578705409590186,0.462933978471784
0.3146681314478841,0.682253419349173
0.08902343493028454,0.742747432511732
0.2288084239884636,0.65318845133267
0.33883384259164395,0.635687707591202
0.05664964204605321,0.86772236537591
0.4523137582325418,0.515469367146729
0.5269498075645684,0.0446306176735405
0.43211444630654844,0.42860870178018
0.16178952463184393,0.749981276163827
0.9176863567520326,0.0393898357781303
0.19758768980226563,0.50770561539909
0.17076620285380364,0.817711032608275
0.03478113941331243,0.750575296927282
0.03582462569465378,0.90542506695811
0.6053276587352442,0.00752478308540422
0.3430615789563299,0.552001613133457
0.5914504556661341,0.23566022425416
0.005706725620449743,0.721195122333387
0.46486780093241903,0.51152908068958
0.10023364318426223,0.469582040722656
0.24963041799874827,0.620346771945652
0.1439751259693253,0.751590474903674
0.3343203560018042,0.457510576784041
0.6278750203206531,0.140599928624549
0.3831121126454259,0.320157065221395
0.37519707857081713,0.464939342264274
0.7333235036798574,0.248381998794293
0.38220975581749644,0.521728647226315
0.5868286447322641,0.370840810114842
0.6394201052097467,0.0620584973544207
0.933516169588173,0.0464012248778919
0.17455949578552912,0.718560529544493
0.5120035913930495,0.430121147286704
0.2274625165898318,0.462135558168052
0.39478423596025036,0.468570423005015
0.6802502238838435,0.265017890857053
0.1888795051308004,0.55574375487549
0.7934453103604484,0.0421700310205027
0.09499278514992059,0.826341144411319
0.8441412090921593,0.00426357856840759
0.6546782092752149,0.316977711859459
0.2283915055025184,0.491420674083339
0.8222068289394969,0.0471832068797719
0.19259558349659914,0.708538961529352
0.0747654877653793,0.313876517905164
0.44759117387805986,0.492267304852924
0.4452758927086029,0.495029180778506
0.4516040166342268,0.29369029172395
0.12851377581704462,0.614368308806274
0.7454304257971612,0.127332989281436
0.39408387574273884,0.512483280728442
0.6072621545124949,0.345303930345999
0.556695694165214,0.334031997292471
0.6948867570506781,0.251903345864876
0.5744387971735155,0.336515015465469
0.22870092191745908,0.725482223980928
0.01987269133133086,0.726663373413241
0.5779782951719282,0.0409419836458839
0.0012336423798808098,0.297905786718179
0.03870290659053828,0.664233723386731
0.5601382179878783,0.395016168558091
0.04152922432750979,0.80088654880903
0.035052903398333855,0.459457456966603
0.08958102812057175,0.882442371225066
0.42083931877435304,0.482664302681175
0.7009256419243711,0.210589637793629
0.29353789858522333,0.454964739833025
0.5995678562568918,0.352751744798176
0.03410659698321903,0.846510950869372
0.019637100358592733,0.967290260564973
0.2558193260877267,0.581908458882032
0.3937619453768372,0.0198374036785973
0.053560773111477396,0.827376657904812
0.851579222465051,0.0866805712610376
0.5692625163097004,0.366382978604705
0.41340938788482157,0.545176681178286
0.35832034211476266,0.545274715064551
0.38515139759539163,0.550283659317472
0.3438864430202122,0.337039854133787
0.003961403900506201,0.289181877713647
0.33861021014591725,0.424714062544591
0.08745824810221546,0.808438539155807
0.14896139297314878,0.633081410093681
0.5485215956709127,0.278780587119055
0.6016868713867387,0.169317449868909
0.9279034448935057,0.00327590159428509
0.2733845439494079,0.525257327979899
0.48013314179920147,0.410649265407002
0.6759942674773641,0.292043849163387
0.037692111580882946,0.399134419100493
0.580691763671288,0.320834265235409
0.19863732570792303,0.724198740521398
0.573935499022361,0.419208117736536
0.4433898391694716,0.247091542197951
0.9464377754592572,0.0403555811115374
0.44022252504886267,0.397182496938122
0.6902409063821321,0.203478656477396
0.07157706349330396,0.581216429217691
0.10474402197644542,0.666495741718978
0.16023761389201258,0.41026380661156
0.014930882486816267,0.888416311802569
0.4703182009780371,0.458148927779284
0.1074606435560045,0.877097488418361
0.7009318587420625,0.0360386294232103
0.06563071645899556,0.932925565360812
0.2479812991961484,0.745518802413273
0.041967618427085046,0.84673766046511
0.6787713657851016,0.18050093821704
0.513180600981707,0.375284541581008
0.20324024650556366,0.320483167019379
0.7530034918595514,0.133596772085148
0.6896668946107016,0.230480313310473
0.19721357108480642,0.25755606828719
0.14239295142087388,0.228207086279684
0.5634571141881419,0.0919155929254685
0.6459320408516983,0.268799756137643
0.1802567707198387,0.641430218368565
0.2510822145476944,0.52922008952199
0.90271239687013,0.039804094161266
0.627680203068896,0.36947037499035
0.3699947178755378,0.54517941056709
0.3562950097930789,0.46850684153554
0.48711022749332,0.336460606526045
0.13885374313775237,0.665893547568941
0.7375768226663203,0.232864281023362
0.644811565661059,0.188495487714271
0.4029278716111063,0.350628279863597
0.3484486399460882,0.597807796409526
0.28771161679444796,0.704927336733188
0.5052438049447925,0.470632680562715
0.4426717258987377,0.367590101269641
0.8872412856634713,0.0952065354114093
0.8441390245558839,0.154058468663123
0.2522029824533365,0.621813771516411
0.18263780373626207,0.789296810083442
0.0794435826889104,0.81383993964588
0.2864164030582271,0.347363335083541
0.056220569024390495,0.265945327997978
0.05878656207666232,0.831258657121511
0.092644104563698,0.785627944062911
0.31596298850103416,0.281925580882448
0.5162484194969396,0.0727565056642519
0.5368395193452312,0.244302285202576
0.39901518136731945,0.278696584399638
0.2789814941884878,0.0608428464183243
0.15563721202745942,0.807077467140234
0.8180261242668262,0.111713579366954
0.12987098423934637,0.752070519013407
0.8858154377395916,0.0460600972095969
0.4565943459231403,0.159053397683927
0.08566756732746292,0.78266351810493
0.18224203400025923,0.74726154258864
0.439140017595846,0.551859049869068
0.5238706480735893,0.0202989160214352
0.6170226812107937,0.280297496233916
0.014097071711411042,0.929818593617154
0.6853661142389484,0.0864405223296282
0.4811356981893336,0.36808154063084
0.5248948234340219,0.440958292976235
0.5242210818333138,0.32544801320531
0.5387301383583273,0.412201355695623
0.4295666354245388,0.518677072478054
0.4126802308205186,0.55986825177586
0.6651337165891894,0.175473523232596
0.5683064055530332,0.383404965599802
0.9028792459393342,0.0896809720261425
0.702925824289739,0.18427894147282
0.13172010415838997,0.282359744616378
0.5658007228795418,0.297152873512538
0.1981810537992651,0.686647396874693
0.08236407075158875,0.800086350108211
0.3680460049066098,0.367885038191158
0.5649367085115236,0.311239706735962
0.39871078844380703,0.591533063262572
0.9305113257696442,0.0257710385997796
0.24609507039281203,0.744048762696274
0.5651596265460864,0.265420994890458
0.8562151214071736,0.108790930955113
0.9399314680349304,0.0574177689156066
0.7281178616370987,0.240333778467453
0.0473285780535773,0.810698821251543
0.02441531132015768,0.741372060774077
0.6366125034829503,0.279422239111639
0.17904411437968057,0.771178398378702
0.14142157691670598,0.487543414393591
0.4560960753729583,0.47080793449532
0.8530220030372893,0.0249565615789351
0.10662042577040039,0.847029691215859
0.5070504074580224,0.452488865058599
0.18526886332927192,0.731723373983248
0.04526534594898415,0.917515807792688
0.41715371129423906,0.243798747385728
0.1713163053776544,0.78844207887408
0.6131770724897387,0.309269654700702
0.8318214604133899,0.150059045910133
0.06033136929934434,0.914870414661036
0.10994134606581783,0.815733852040708
0.48699276315066375,0.311199432890027
0.34347158698683644,0.377613419937751
0.837963044186877,0.0594680192528355
0.07457949428970663,0.638181066476354
0.03258911446527871,0.899942695205376
0.5406494525597714,0.312121134991185
0.3921918843181502,0.42068318477459
0.8232975281960867,0.16219709943908
0.803879591527551,0.0113485530561642
0.33221949386597704,0.644135080123727
0.26074276209178016,0.603518584078947
0.1620509336681283,0.675917683215382
0.35092073429825416,0.500686031893647
0.3832857680002617,0.475223425658574
0.6116803305079686,0.149583619591686
0.016491380555254505,0.171698179925004
0.6922591917224906,0.165488624299846
0.5778467965111287,0.346236003865487
0.7303035389306671,0.157863965422877
0.08892903400588491,0.505103903910327
0.22043207750806176,0.581996818013568
0.3257385919924102,0.61543048700863
0.41019167131870404,0.0155567485065489
0.024209058353069773,0.592162653768709
0.5950632831257865,0.394976307074353
0.7417598514251525,0.209627951392176
0.03407446463000131,0.952490376639694
0.39330296728042863,0.522926579231592
0.7410202879498548,0.243251747612681
0.02061771179645417,0.776183937606954
0.4219634693985135,0.230108734779158
0.37883703275053976,0.609797834682583
0.13805593963460475,0.77380961408858
0.3153003296120235,0.676737382034757
0.2517310550730575,0.444992758399145
0.5871217003706277,0.0933480827190189
0.7033688347819202,0.242957110159265
0.20325230787295523,0.755886469447705
0.6586875132390251,0.210117852118951
0.500524282383181,0.262883935376491
0.4817353030578814,0.362643876029299
0.4920803977562484,0.366567220772052
0.43729683411026216,0.488496118389169
0.2252543773520067,0.760982624736835
0.6056893131764532,0.22214563053823
0.22106968946959935,0.406568567322481
0.6879448724464484,0.268156395421924
0.6318419950667186,0.365257032366863
0.656482794176291,0.292113742004572
0.4388577911709346,0.220952242204775
0.5166635153906337,0.454766650820882
0.09435887831040132,0.639463424278844
0.08771745837883216,0.818863301625018
0.14675458169201827,0.545700254598921
0.6485532685757893,0.282715435604383
0.8213705959230947,0.113972382444363
0.13184265700190453,0.816299559444625
0.3266564917755866,0.394446665831965
0.7087737324104512,0.241174272645786
0.7881498654907363,0.000623929714589522
0.5203024699211919,0.440553202106169
0.42997949282942927,0.493522777466515
0.23871183965469311,0.635406246674484
0.5581515087153992,0.277744292187479
0.3297115664606365,0.6128786646856
0.23493866972950456,0.551055872029567
0.6569495260308961,0.24685814440932
0.9117820649184397,0.0802935849108856
0.45073424711294646,0.482806248677661
0.43281255304032423,0.363174435539165
0.7529623194542919,0.0730023634647837
0.08663616351822981,0.750174801750469
0.14324977544809064,0.590651692256229
0.5356728436555742,0.338707682323403
0.5117762017702486,0.47622090602769
0.11886826644416189,0.572639024243564
0.22733672571219288,0.729181326099429
0.044549688092824856,0.823315928717572
0.020810180842916144,0.954809746525358
0.4480577516146829,0.445312385574529
0.6054991177253933,0.126500894023579
0.652239010814437,0.275025726854369
0.3312471613714808,0.627488623526648
0.6651127057935828,0.246305201687371
0.8128784024903033,0.148115368103755
0.01126909421653296,0.717696795568675
0.40941031944090744,0.319815515577539
0.5570318082825436,0.416500549006904
0.2403562737915293,0.730255866850266
0.2362513356290076,0.706317222167734
0.15505649496575535,0.715026095908349
0.36164248881254807,0.195760929690696
0.3874915227927935,0.114313338377396
0.594096770698754,0.0687851917968498
0.36013393944897504,0.351240186502898
0.7483974009702055,0.162239951310558
0.10990166566951357,0.828895681049461
0.8269381147449225,0.134490057585881
0.8212251414006875,0.0309134567232888
0.2748525019772449,0.673717810986329
0.07345302053522135,0.594422571379648
0.29073320915910683,0.69248147249619
0.11941566910253315,0.829593725022446
0.020073972056053213,0.918380524257245
0.41658427691834626,0.406477453800984
0.5293437218314856,0.228323871866874
0.5349605193192798,0.453914878815441
0.2897287120100221,0.638173619568892
0.768976182256011,0.16576170468925
0.6342848213147438,0.307966328811467
0.7384492903580394,0.180936975035792
0.7963925342399369,0.119487210632952
0.3265543741382036,0.217528672984001
0.04386744952587376,0.887794885505438
0.693552480680265,0.0747259256756125
0.1210080114100423,0.552980315382284
0.08607129246268712,0.907169899282377
0.6418420376849134,0.352151637341373
0.7734881872212604,0.0130360860525963
0.052911500036927545,0.884054533561314
0.7530743656576178,0.0822346867976886
0.7397558996103313,0.233802369315143
0.5911033557572294,0.242058061100981
0.23121767747111072,0.47969252336211
0.2670377900910003,0.410868073865692
0.18242084598107827,0.635505059679101
0.8690702363721706,0.00770112004368812
0.05486853003509244,0.889623323427081
0.16497339935086014,0.500197656912451
0.12736343531208258,0.67410665888274
0.6559001189127744,0.141029398109358
0.6148592511092327,0.321948654168426
0.6076768258616535,0.307606081095098
0.06713201046570194,0.528065058451971
0.7051659034829424,0.0757514025458483
0.34185051335948113,0.589151850809619
0.02583544096943453,0.876893282726311
0.04318370578774427,0.881823490250363
0.29742792066869916,0.209645830581481
0.6347037591213551,0.270052076932396
0.0853718737383375,0.910106028770679
0.7940632368612502,0.199469543316599
0.22760364403097016,0.730106375899729
0.6853264854012407,0.151792921054678
0.019228211958289734,0.915113056038586
0.4884058913533485,0.360664464408443
0.6831900664410995,0.166016194650532
0.02349197082440505,0.898561522862086
0.44349989894791075,0.322185779759374
0.49985390870763,0.341722317202284
0.3670342562387798,0.477455373184678
0.801150933515844,0.029427503245182
0.6984184394659603,0.182256788568046
0.6314389666987049,0.231088282564908
0.6878332792427118,0.239827826270839
0.6709136103778924,0.328028594058521
0.39277762009449024,0.232486773913484
0.10736589538734648,0.782395806502604
0.119352347562743,0.57133562299475
0.5833928589618377,0.318542510313478
0.6833154636548753,0.242931029497056
0.0622553969039457,0.590521876536524
0.3109358057618309,0.688670855010439
0.7030169684342941,0.179652315501771
0.10980524350887973,0.680493214669191
0.29120640159668426,0.631598130807178
0.2917529268564706,0.541677892865787
0.9758660996195248,0.0217272796973379
0.5274291356840448,0.391999870957283
0.4234516944184446,0.00585560883192144
0.46788319196776207,0.328553649309074
0.2542891170341872,0.562674539067265
0.27352700566887334,0.45754465888521
0.7826196098278905,0.083816078131529
0.7170078811906946,0.25141830610313
0.6704376545367607,0.32579075176926
0.41804298540633306,0.442010241578807
0.17702323529671762,0.797044957472972
0.5994897355156441,0.182774762562043
0.8465312725453611,0.0725455019229461
0.11909281106549566,0.790273962389569
0.31965630837188536,0.26083742145154
0.5168128227046777,0.311494950301881
0.07737451605327536,0.479062684739988
0.28250098150900754,0.398015295045741
0.3527161226644891,0.632180322569594
0.11127233645756096,0.0655644226432901
0.492975606632458,0.483339455822434
0.3293646452996911,0.42848665458604
0.12758806705558715,0.806801381028919
0.6539062395865678,0.319869406135973
0.19681554674314605,0.776297727550542
0.03993941126641122,0.655190225794892
0.04209240206843809,0.934779855254226
0.71817383176651,0.259975900303166
0.6766957784024582,0.200958050463221
0.6444214542326617,0.203307111559476
0.26310838059713365,0.549591035404116
0.5511800656134929,0.440957897808407
0.3817573576095012,0.368175276023317
0.37461221616543783,0.61460034785052
0.4710121681992038,0.198366231217333
0.45019369938915643,0.414041187010104
0.519890243775582,0.330264567448238
0.07304675208477393,0.687295576971512
0.04207655608539387,0.865812333197496
0.07500195615046096,0.821289630860126
0.3305651662484334,0.652623958303576
0.868632735416099,0.0989877749676571
0.09926337651649099,0.856638565660721
0.288639456988775,0.705414088431568
0.04488519613550288,0.57518697405496
0.27256369931733837,0.524727709954581
0.3433206527070565,0.541021078096283
0.1909432277759541,0.756050610395898
0.49445041938810724,0.164994003345705
0.7944534697283313,0.0232749198577185
0.3036460230020373,0.379681968812735
0.718781945986315,0.277979240706281
0.13035373767429073,0.868775172927962
0.7082510931123056,0.029787908737044
0.9867029008966752,0.0119365534703577
0.716508218440494,0.0328822451919944
0.39149773742994765,0.239740566187843
0.04961858573835722,0.672519076476438
0.7506173611433384,0.247599106903196
0.6570533363636639,0.306901689972593
0.24612110401116752,0.327636158163876
0.38602523228010066,0.166701675313579
0.7290033479677864,0.230899829636833
0.0777790674653845,0.922041037741621
0.5165690072700887,0.15782034518871
0.3593852366221403,0.194965209382187
0.823820385558487,0.0930819800727716
0.017923180053336395,0.840922977313067
0.6307711662832164,0.289196461069278
0.4656401913514807,0.414091322501921
0.008034426142607088,0.976524924934084
0.40465344223099753,0.360569421812981
0.9858338246115121,0.00261740447199016
0.4395013230218456,0.510461223346966
0.2898613592341552,0.532422087948664
0.18609241919422084,0.539947222972241
0.47109582619266793,0.139759878080742
0.453746584870281,0.325932645930331
0.07457876718512581,0.903894787396934
0.41685065629413764,0.478656529448939
0.11131698169253722,0.570128605879994
0.4569641771533887,0.340559975997308
0.699332023090677,0.1786362099434
0.35566808049159754,0.544574181656905
0.9499011457802361,0.0287324653749859
0.29262353867327323,0.502591664164947
0.12637569851381553,0.827352724525684
0.6995805876827151,0.186749825533914
0.3429866856281787,0.435336268499148
0.7171802963862586,0.218952855784473
0.3379222523795966,0.583050726151212
0.3116175292063914,0.618421410979297
0.11589010910935005,0.554802706842424
0.4280835580503811,0.541747653176954
0.7387125545662938,0.028748860046754
0.29188719349736536,0.185154360526132
0.04368461302474047,0.81509685595325
0.5603538422526342,0.43465319042886
0.4072019268243417,0.228489364811104
0.847936007488656,0.0590945067429471
0.13282836442878698,0.497385205707947
0.5135659572807815,0.311562799019138
0.010140606631001707,0.920162215978352
0.613173018390154,0.282379569661295
0.2321217510129413,0.463543475431034
0.4363066284544332,0.493035367306208
0.6451684799710165,0.310757520218962
0.3725417020861868,0.364581930096938
0.35668553637310024,0.627001337224627
0.8440636342344938,0.153789627162647
0.5990545804032665,0.322291865495281
0.19371923392428517,0.599847634299284
0.0027313294648018765,0.824203832607299
0.4351967864731946,0.270067085765723
0.26695140372061205,0.632112041777817
0.5966569688551159,0.0250937242840599
0.4085041769493803,0.376475891039293
0.0705665222660326,0.393661337074161
0.5125576147091903,0.201826602300093
0.4179805441001231,0.56153054432552
0.733754838520749,0.184905270085369
0.5992759145353931,0.260836942262997
0.3257063528197137,0.400722281652411
0.5915824248088695,0.397129150436848
0.6125456652737915,0.274169087594916
0.6225088778142556,0.312566571195982
0.1296086214402297,0.788817718137819
0.09815342134689574,0.732493509071008
0.34075832546906837,0.448670826896102
0.053504603256927276,0.815985104261963
0.2407274746308286,0.588023232654764
0.11636774833943056,0.517864034591044
0.31408867372888466,0.636306330240454
0.8399403306145228,0.104089546246606
0.08318472891110276,0.741853537476197
0.8970861509367499,0.0927585206597256
0.750043692795345,0.157708951232181
0.42709094783794055,0.289753658852118
0.32564504866370453,0.0732361185680126
0.5610417035758803,0.00836913807346656
0.9239788976459277,0.0376446978811714
0.611378411576213,0.352534715638283
0.36754347574536606,0.579390127100416
0.256351247598727,0.148992672562966
0.1726505011276497,0.78638543070719
0.03175910150713386,0.961055392046365
0.07875907274352642,0.684274202408615
0.821844334667909,0.169565162786593
0.35820061896748767,0.419645830170438
0.8832391449174635,0.102412438287957
0.6351857206145569,0.36152085624779
0.5965279570208758,0.145514317224469
0.9868804988643661,0.00419954774452852
0.44808336465892334,0.426056327804635
0.5791622307559992,0.409678410354353
0.3443361310135019,0.615405651323361
0.7422839096551848,0.238122821445556
0.7131658469648474,0.215782268501417
0.3386203476496519,0.322447168317882
0.7838698251121666,0.178165521427387
0.6800581790795686,0.294056389425065
0.5429038799315041,0.374885453342419
0.4394048475696026,0.315171714692597
0.5784678018034277,0.279412342704869
0.20870079400384353,0.677003282217523
0.5390377139231447,0.387479061570951
0.0953961452590295,0.83552506109012
0.7664568645965144,0.232619889820424
0.7709790464909906,0.0452197797456276
0.09932138711674104,0.870002271647544
0.39220911375128614,0.568797949337759
0.8224141518033911,0.171661513517494
0.20681583395505693,0.667472933526592
0.9548537598754746,0.0425138723625267
0.838464133376835,0.00797967551901618
0.26114244738584536,0.345774001467331
0.36194821787868614,0.527863629984568
0.30888527173005725,0.642564383950331
0.6415865365882979,0.333432856627409
0.10657475066882979,0.802587240594912
0.07174137832544357,0.865280092337061
0.07786293473345052,0.875570829100248
0.45812786710517117,0.359814044794324
0.09083068199540412,0.850669440699369
0.1826585203438102,0.784716111735061
0.19170659289984152,0.552632088587521
0.7049797056537545,0.199233142999549
0.4459551949511069,0.449444014810818
0.31961053174332255,0.560773670294394
0.12264586921767696,0.627096325926101
0.05706778203299028,0.882232604667543
0.29512055393634,0.631751223250041
0.49208086352747843,0.319190501198853
0.6828124516977097,0.294019053998678
0.5509897343491765,0.161069054554571
0.41531078450358705,0.533592612825894
0.23599975733124737,0.743943024966303
0.2861039228936469,0.530389992101071
0.04639203715371452,0.944933754084836
0.19759672206472115,0.784836785935414
0.8566481143639308,0.142931049596313
0.27656135767872847,0.716469293386635
0.3008058209835979,0.415572007468543
0.6101666677328589,0.24011994214209
0.8604932927944025,0.122503449345242
0.05339096070317989,0.913300624527341
0.7414771276921618,0.0863576802010589
0.013032758652053562,0.715245744363173
0.359188495477914,0.0900972910533208
0.9012927230965103,0.0395102973852106
0.4444489215894553,0.496008668034001
0.5136833760280506,0.416450424860792
0.17554778820667086,0.69122363497147
0.08613149981298612,0.626034145733714
0.1351178447628811,0.524643038679872
0.7495889264815222,0.219389608296881
0.15779781519101738,0.790399223468497
0.05838551292889689,0.759293525504029
0.18332912613446734,0.672235417571636
0.7056926738756014,0.225985344443605
0.615396863950188,0.303975682453251
0.13905649067998893,0.586882291009228
0.7469574174314979,0.243283393259256
0.3024705851417965,0.377686532193142
0.37845635215030626,0.567634604256796
0.6343381174021574,0.351926961083349
0.9031570644608374,0.0526045312450292
0.41366112209793876,0.2111943578264
0.3787688604301481,0.413508267916097
0.8889315327659646,0.0899244564766577
0.7459315214912395,0.183996155901595
0.24953826651057964,0.47747801600901
0.4313510398298477,0.446059608749607
0.5070011886187096,0.459343721042154
0.19395986051679226,0.678484971358613
0.9460159687525573,0.00954346034457992
0.15464496394808278,0.126151919195589
0.9474154289840372,0.0447202610238607
0.8126828420440796,0.0389189195278352
0.8578950338904338,0.0404529694436886
0.8283533768431541,0.157212731050576
0.17598875845655168,0.654649082312366
0.22643542836685,0.691625901743004
0.9595571014705245,0.0391990885950693
0.4204815429859469,0.154413063115348
0.8371781445226696,0.0422615358863888
0.11862337595750672,0.871563531781411
0.6217510075669769,0.362056329362473
0.721612741058063,0.18315098974294
0.5447905250913126,0.177388393571341
0.16586576160610378,0.509900940128217
0.607751330053804,0.106336064903107
0.4420844260082906,0.548674146923707
0.3818950880593459,0.448990947534981
0.7000450071866027,0.0865950558807322
0.565104438187836,0.251930624792925
0.04089823879177659,0.922401454081978
0.48422406434779525,0.507630156531144
0.5064293355255005,0.476460741878613
0.9518355411201938,0.0153300374743828
0.5100459349566602,0.188229243388129
0.10898442168870145,0.251123358814298
0.6908456735881079,0.19553800963921
0.7792280413590854,0.184035557355089
0.17247949540351415,0.578054510530962
0.3653615442392789,0.624302923388376
0.7138491405413505,0.2565070649636
0.7872000140281896,0.201749547988342
0.4944038736949092,0.465864772676911
0.7596093251810843,0.225418611062082
0.9344760697650436,0.0104186183773277
0.40889201829517485,0.29209777612977
0.5235714650979011,0.363181565115939
0.5162944541009419,0.262647335238878
0.0806964088129226,0.776472505731942
0.31661165281829806,0.421636997970021
0.034834580212617844,0.829321264456449
0.03990615347787942,0.552161752969216
0.03095315259722243,0.761370712329833
0.7079271599569071,0.236248886075147
0.26556401727475065,0.703352665053268
0.09585756775205528,0.810247669861156
0.12761730445236844,0.600433579992986
0.09015268325248417,0.789578368670349
0.18556827368128714,0.364323503534602
0.15739711394827557,0.818030178229771
0.1775835613588005,0.810660009967774
0.6674550627736628,0.303747515397514
0.5322418396330277,0.197163593444637
0.8107548346082563,0.126229201821162
0.29732117112005857,0.472743518438122
0.3594635937145591,0.418574813837868
0.44845792261234463,0.515710931338869
0.2569177891811858,0.676953163231506
0.7110232493908359,0.0353458495830947
0.23779163721876118,0.592376357102314
0.3155414871841595,0.270707770677982
0.7283732536654921,0.203893018933136
0.258215850200484,0.631300298978127
0.5440069763750678,0.418986621980519
0.6813243907875316,0.205209470339079
0.8742775222517025,0.0821817365684847
0.012659024617273583,0.972606917249324
0.23044526967723322,0.744135729261537
0.979178382572128,0.0195651366476334
0.05354516515583369,0.703832527494796
0.8566415116362126,0.0831180562861161
0.35981309207123174,0.216355472678731
0.9131284834167179,0.0255317968752545
0.5349050021409217,0.275788933631747
0.9075585393513796,0.0873725636893756
0.6199785693123219,0.25445166346706
0.6614961725340719,0.148716869720594
0.4008597205916685,0.478984032089173
0.44391543016788604,0.543977510337877
0.005478950043898915,0.948824049370149
0.41523506502277147,0.266286123712492
0.062088234024955405,0.664928542826699
0.7056235295545407,0.117942378339609
0.3732239768960014,0.384836121122527
0.06234167626293171,0.828421302482672
0.5823531909807328,0.0354795164737571
0.739496775510349,0.0276375731781451
0.0502648602666775,0.620256241020474
0.6981377661705178,0.286011136483118
0.18283633742655378,0.769460918617665
0.834630804805336,0.129999665849033
0.48090824325142895,0.407835025004709
0.7986033147809651,0.0940999970531675
0.04906013320647181,0.791439910460391
0.05178781112918755,0.692631588000089
0.2792774803294655,0.678364928984176
0.7819067931140802,0.0757341196573081
0.8711089437055897,0.0255342332542183
0.5657412303436337,0.354115303078409
0.21285021235513407,0.785887792375573
0.7879034355972193,0.193997816755147
0.5823271704016013,0.234415372249607
0.8902999930409915,0.000747325508618835
0.505417985698523,0.305003087384372
0.5900164340573669,0.359223446827333
0.0718366034367831,0.715965410544444
0.2846609762940728,0.242910737070069
0.48717195276477016,0.349947546539756
0.07831836797021993,0.710933323578396
0.38223929508777227,0.461941879481346
0.12845012674145426,0.794381112331286
0.5491346180204393,0.28477181647101
0.42627650901238334,0.264612788131743
0.8573259458621079,0.110159237819344
0.7788556562983371,0.105955996209949
0.28740320892065413,0.625423215069274
0.2982405305551978,0.64199410821795
0.7625599139466286,0.0262088797523893
0.4487857166222747,0.476649773686127
0.3335747463044355,0.039577617562066
0.16390747075895348,0.741567548429412
0.5639040154250214,0.362224427782438
0.2035903232551076,0.772277538159933
0.08140176385684893,0.649554647809404
0.062194286549555035,0.840238121353775
0.0243429067996185,0.934844670813789
0.5621842055998034,0.357247052948321
0.32806052321423823,0.110841236039958
0.22125948418879,0.594328427227225
0.22589501298845524,0.462772784745215
0.5616250202778955,0.384874322943483
0.4798066362574739,0.504201871220022
0.4021089135371433,0.587983231305198
0.03618899622103935,0.747333460271303
0.005108940262680726,0.850348391638654
0.6531472227571598,0.320874882931038
0.3713334891085672,0.477361590959153
0.03263880430185152,0.945553833486238
0.7351564596186333,0.0602206189131605
0.580328080000564,0.400511752204177
0.04806554072677149,0.9104973573315
0.9201366956248673,0.00277411293819189
0.4870743023405961,0.337852066186033
0.8383828889373695,0.160721457410443
0.5401636327743814,0.325637131110975
0.4967722031813293,0.164881810407646
0.6170566793599308,0.257956076959788
0.33492538846667674,0.40509328074875
0.2356372694454038,0.590652465536728
0.03729487924227959,0.903116946101397
0.5323562847951472,0.431855852736229
0.2791943186509023,0.468815425365941
0.8877542419265587,0.0680171600648314
0.9213470352377945,0.0244843908182757
0.1458074914716121,0.824071410741431
0.3394222865251819,0.64646048299328
0.7563513505309444,0.0956390112488968
0.7431674707663519,0.160686490133995
0.026458720030568206,0.971510130877292
0.08061415227640926,0.710200575880542
0.8885421224784836,0.0707760319814096
0.30786565519003717,0.688249765074087
0.3269798392615264,0.649863555439419
0.18231505918815816,0.721812973200765
0.44971961694517987,0.323733227122121
0.2732950309527607,0.568401600295572
0.6984294224371184,0.027958953897222
0.13360660822307086,0.205658645788543
0.34102992511322444,0.419418493537871
0.013645939710347542,0.62277247860072
0.019371855164363228,0.969759001218116
0.8105996598782532,0.144079423210459
0.32440926419556626,0.0688158981550531
0.5769730142147792,0.242406202069109
0.8155181052832904,0.0398678385153535
0.141944849074003,0.818971476200006
0.15499319890681373,0.802901052244454
0.5542508147830593,0.0779781977586922
0.45334305962917,0.539729957431759
0.47964491102549756,0.51722849035376
0.3475482272100649,0.533712052573657
0.548216401193722,0.180483128711097
0.6032975415585816,0.298474408077198
0.10224464970147525,0.78240611873244
0.3909410340438497,0.595678006093642
0.30516222904554746,0.508044873389901
0.40507437141068214,0.483698349623089
0.13028419761461837,0.856504373221205
0.4608092269062174,0.214282652354237
0.7468608376496868,0.14541872518782
0.8992963524572632,0.030973057375461
0.31815141420380666,0.519598397828029
0.5031253065305382,0.449303286031923
0.45414279062677676,0.290913451187805
0.6339792941418109,0.344717851297475
0.45005734189601526,0.405965400022393
0.40905571610294744,0.581090450106405
0.5633342696640914,0.282005459255036
0.47232435228509634,0.231803548537292
0.37022828252063394,0.255068971568793
0.622822477855829,0.0685432505923299
0.6033456324591545,0.176439622431563
0.04648553488155262,0.753819057746613
0.23739147720542716,0.689240479339949
0.28719859351665056,0.630230140572299
0.38767783848655235,0.218167858368903
0.5722030458899697,0.333781261646594
0.02155875350930655,0.950749521270462
0.636761818381419,0.0570645614931437
0.1692311149115286,0.143388462960654
0.7542330669250312,0.0857704548022476
0.159110251472184,0.748541948554578
0.5848062335316232,0.245265311126911
0.03889566226333337,0.666279346151619
0.6660522125233935,0.159908603276813
0.16393183884614695,0.264365703622153
0.6641074595653167,0.287346650255972
0.02843704003819736,0.834521545720909
0.5016563776249958,0.469884279439279
0.4970691512177984,0.450703810712273
0.9099660286556045,0.0509388466429453
0.8095265415819409,0.104825495840659
0.05326448425382188,0.926165238538603
0.09009136376588577,0.371010395457019
0.4583800553552256,0.533467626589537
0.39935022140621346,0.331840187337367
0.22274257443554898,0.728216315021461
0.7419234787316339,0.114689766379941
0.2639707308673036,0.604127556447324
0.5766766840906372,0.202484170488278
0.20201777774760973,0.574765579003423
0.7343904579448068,0.0574549956557003
0.4741632323239728,0.313177740612501
0.4400575565232597,0.372704109240164
0.06180818696737617,0.526160975619886
0.01929622282557744,0.964568842711473
0.5852522517614573,0.181282470905698
0.5087679832098344,0.0596990546954358
0.6630092280681064,0.127411623767551
0.275003848748536,0.297034979994339
0.3506542538117322,0.5432021404206
0.32970583393267777,0.608174357112157
0.40822911292515485,0.464874648199315
0.25551901387595405,0.615800584911757
0.31254957363654196,0.60327480257607
0.09946744895707399,0.662779169972109
0.12021999886900707,0.753361239496466
0.37543842318556103,0.598768451932412
0.5000537604952346,0.481982109929765
0.0607205359127925,0.741244443565576
0.6685795063703345,0.285935740802657
0.54732709636884,0.331459886336014
0.19385296996193102,0.596144899643209
0.7502439796862181,0.244239336112973
0.34663274326399773,0.640324618032653
0.8053702609764564,0.0768621521505261
0.8148443231449439,0.118242275250634
0.3101855935538087,0.561029658521037
0.3492401723638279,0.631246494424279
0.898034849704872,0.030047754016983
0.6355435553775679,0.362517357616002
0.5694311586376087,0.319956420129254
0.9553455277766887,0.000511105467518258
0.6675648337292572,0.319367051464265
0.7754536848270893,0.0456328067439362
0.4426231360424698,0.504241755311823
0.1424058353373976,0.307045029872009
0.7634519720544266,0.225162853540313
0.19448887948262197,0.455946618724821
0.36364764832384855,0.54226038527177
0.08456217909130131,0.89423345315885
0.06635631685606133,0.856425093715058
0.8782632325892661,0.0934013754716274
0.48208834533492523,0.468753114131021
0.5451169961155107,0.295930564522067
0.37367147007260293,0.211102067841697
0.7382066842675102,0.222687793049317
0.22783549518667942,0.695433871197428
0.7679063673387077,0.207538092988492
0.8503377003842809,0.110041278281886
0.43604711923529205,0.193678497103257
0.02360255658219891,0.71015091641745
0.30079976508576306,0.58366952220083
0.8694637428639251,0.0571434848012071
0.44366789839862597,0.0718663384522367
0.05597149342573058,0.855115880298119
0.7839654412307556,0.00474787379165067
0.06872316441577955,0.805421688384183
0.3690255617672009,0.564975649528654
0.41414156645973077,0.184417049541565
0.6200490011361748,0.331020482949268
0.18645841633434806,0.704671879638997
0.29821707682137694,0.52644196013475
0.08622898036906153,0.820303039918828
0.9157683853999024,0.0681424033243253
0.17691422423857786,0.572839779974507
0.26869026665550755,0.696779997902701
0.7386489254787588,0.244627334069975
0.35881506275060465,0.574173039262957
0.5030363384914449,0.414364827121343
0.5764250399814765,0.0607613304309963
0.6214300946885613,0.334526716297911
0.7947684495522566,0.17629490765993
0.7977142161343579,0.104478080929345
0.27062075920099854,0.627497737134535
0.7088513698545549,0.0148833733695911
0.03762105836237249,0.654232749394858
0.1731296050380009,0.805892852187942
0.27108029767718783,0.684352838334287
0.5973656462298044,0.241439913480503
0.5514708229241847,0.309290122514697
0.9391881005725337,0.032576250333994
0.2552672732000415,0.609306735093913
0.596233373237033,0.293348631422136
0.8280835536871618,0.00223068701471527
0.7314056073610319,0.0123017708112746
0.4297519949649866,0.512152701416731
0.6172946422684981,0.380457262778243
0.9346141572682836,0.0593863920326003
0.6130934538845098,0.110370652028609
0.8104317048303169,0.0221223748506164
0.5598654420856972,0.315338577640553
0.6781412142120364,0.097465734786865
0.46737717174217697,0.418045285300425
0.3153868518875223,0.62615482128114
0.8554740660307565,0.107511352891449
0.03343740482799356,0.963226704548123
0.9019128496208977,0.0272575363476089
0.22350369420652072,0.765042157329263
0.267312151238127,0.618675896145321
0.03200758118012062,0.941432552713715
0.26762939333922553,0.38295029038961
0.24058015484541936,0.619179356626057
0.32321736796013334,0.53811006103702
0.47158254347529055,0.345714980732584
0.11183440536392714,0.867340632945933
0.7463751575436195,0.185062750444287
0.3066522489130966,0.479887983684785
0.2773655995678141,0.612730406863422
0.5857950120039042,0.31915661458814
0.3586126665626636,0.497706927192786
0.49566948227733043,0.472153849848818
0.45844736962997745,0.168166568561807
0.3403982689165463,0.392612424622869
0.5609017099288565,0.280195022616557
0.25745144628521016,0.730258918133201
0.26445522781094505,0.714046072175759
0.7795912874359227,0.06028161187577
0.6765210515237416,0.264466971269307
0.7889687644471204,0.193059338478004
0.7068395954338759,0.0483082092414824
0.2927214587266355,0.676624897078248
0.29007296364090696,0.576707130691529
0.15330632239900982,0.564225808468093
0.38888750305335684,0.580631013910235
0.6423532927552648,0.226201017675138
0.2616389218876956,0.696179396092324
0.8667282314301608,0.0740617805733851
0.4763201982335765,0.344908509129267
0.48451286475756344,0.466912006473743
0.09468930610459181,0.843555357759523
0.8787701341154076,0.0407431632696836
0.5704816309488273,0.359968975738223
0.061974749636919596,0.710135913747812
0.6451535482894545,0.290086368540691
0.41716397229741875,0.3786885196631
0.11809061837737282,0.782296841149649
0.3644077795074314,0.537761305633189
0.9578496936411416,0.0144217846767926
0.6166726727195109,0.304746614816269
0.6833766603893082,0.274397260320358
0.438671763334971,0.510212739793082
0.03465613904978754,0.413996137980497
0.5634639703146256,0.40291789020154
0.30059012112575256,0.643530443193814
0.28115454401913625,0.692852329506551
0.36437249481830336,0.456492289027361
0.7026185185731575,0.139170755738052
0.6649123810721758,0.164208367986937
0.4421271843952779,0.518611074861957
0.2527961861813317,0.30538880113535
0.9662696523716268,0.018777748216708
0.7624184379696792,0.0583904460681117
0.46072864487417253,0.0575550986471458
0.6041585890562053,0.30092023871506
0.43477017978952415,0.515404230021978
0.6263874557132608,0.333830763488664
0.2658604480568924,0.341885195937191
0.1032651503849387,0.695367637539033
0.01790205230031691,0.952190126433803
0.6710822758099895,0.133093087494735
0.21205590475787045,0.742228523009844
0.5191458161330536,0.455230640449957
0.06752552976956168,0.79052216089169
0.8232674694121856,0.0423239411887879
0.06488052989069716,0.741299868186968
0.5496555637476426,0.363005201153795
0.37489950759132734,0.581779505363226
0.2089479139882278,0.563894309638862
0.1872688291773564,0.574663230750425
0.42594718233658485,0.472241614217233
0.381852972702812,0.501140439531762
0.3344099618349453,0.560380909375984
0.7133901660293751,0.177105145724294
0.29685774373728413,0.494034194222706
0.7101443612362192,0.186912926194933
0.040976146201358685,0.887274294738105
0.7959511406704661,0.0711023989931314
0.6013998604924056,0.395376136995431
0.5363144061913383,0.163635738299319
0.5927119908734431,0.331327430838276
0.20418051410127133,0.774891075387538
0.4185732005216768,0.0337160742939858
0.3182707043431216,0.539270409730214
0.9165051080950524,0.0146498777153802
0.8414421849739366,0.13130098700633
0.5911460701350698,0.285241739712916
0.28406654412298377,0.598279565310345
0.1818179692435716,0.269064599858687
0.29360985215786545,0.415964754079295
0.18792264187266844,0.662085767880981
0.9323264637486207,0.0235615958751428
0.5919600286801873,0.364337475095068
0.2039151533831079,0.763407059377146
0.07815696465454432,0.728924993902094
0.5246566968308363,0.394612329940893
0.5286212518750493,0.455573666219969
0.6855134151887647,0.262588152931765
0.21582637344407288,0.428136997055691
0.7036312351503388,0.241226614705192
0.3221033472096248,0.60606728257997
0.6150293110678396,0.123390176857672
0.06286919543134092,0.862654476165321
0.35771839304365555,0.0472169428432617
0.842205272475333,0.105250038175618
0.2817909349623514,0.667955412133226
0.22310895760310187,0.764749601326329
0.28686870433706874,0.410284957142059
0.6899279611793994,0.131245800178386
0.49961070347419767,0.410732096211938
0.23666271532081784,0.710963759901275
0.35515403636757586,0.42371540594184
0.4027630477046784,0.59273059959288
0.6669512755781806,0.323733776243626
0.7301752282301917,0.0792010702762607
0.10097273978425421,0.836666325195059
0.5870670788468116,0.0272291259657853
0.8890176110690209,0.0467273949770521
0.047174627798563,0.695811092184023
0.8694141406096394,0.0843826721720822
0.19756687607702386,0.741665664674295
0.02078934387922004,0.51548341801037
0.06907601348309537,0.85140820482814
0.5747557277277907,0.145973765920558
0.8010440797878788,0.179339559624024
0.7634263507727637,0.189765341259119
0.12137899878414678,0.86046785668605
0.8493831743972164,0.0539613937740862
0.11560692575660093,0.718126910087011
0.408580954956751,0.406674440694718
0.13743974576410456,0.747577601280418
0.07300890040255088,0.821777260637837
0.5067197851195058,0.341814947850494
0.4808708167137056,0.330367675738853
0.9035654752501593,0.0418207778677344
0.735187544898027,0.248410607598145
0.04489903631234233,0.929770037657831
0.7838608528302414,0.0709672831283561
0.24428325172182605,0.623158880496145
0.42440120999608905,0.482394127756118
0.3894600551945712,0.548949136300107
0.4326852150220873,0.55535309911681
0.8628219219869852,0.130327767051735
0.7605414775925712,0.198414143788641
0.43866882209429847,0.198457672228725
0.3118344239134824,0.27976122730779
0.14961186217539116,0.686240538519013
0.3457632396471212,0.490281981904238
0.31122496935272825,0.661401976306388
0.02520649102837564,0.938864923554203
0.022729908656560265,0.900231287211156
0.729820821072312,0.135856126354561
0.3113032119709024,0.62012008141289
0.8089896925357029,0.075763244280269
0.1177385312254339,0.441097165796432
0.48861613197022236,0.411176085401139
0.15920169761046343,0.829236716506108
0.10401857270778422,0.795331492918474
0.04081529478297969,0.708118818153369
0.47425679574658347,0.513122936427006
0.10402651499409565,0.38086218484014
0.6482984485798282,0.10537424402787
0.654651909618263,0.228066492139892
0.7569705657742337,0.0898662129368722
0.1638550804053854,0.81525144793846
0.3710931530368335,0.604082785760681
0.6750455152912188,0.159753263370761
0.6383068872317099,0.346963236591461
0.2470499723552861,0.46704096274223
0.5954072125736177,0.355424092551519
0.20467257791069396,0.547169993127419
0.6541765457062878,0.32944640799552
0.417518646817613,0.416048184222232
0.3077634937817921,0.589011847663641
0.31363781816939174,0.55595058442845
0.5584986101511065,0.377738847547028
0.6048387127412455,0.318973083179675
0.18799796669775928,0.772010855858199
0.4527617365393754,0.28354796020427
0.7719765102941629,0.129749360902789
0.6316603147867783,0.328771924763024
0.5218514638729816,0.460209383130228
0.44912692123732795,0.456492440308249
0.14363949032579945,0.795306901733241
0.5692912477164869,0.0264497372537764
0.16190158988721193,0.695305143538674
0.43043319173000466,0.559596533918932
0.022120671718933668,0.52231263233267
0.2702451643292894,0.714097567369383
0.7770213446376042,0.192349475082382
0.02894590323600247,0.899574718431157
0.8130518715452998,0.138498486069951
0.5685467543040538,0.214324491337417
0.16293463505150024,0.572487589876097
0.8417746902839482,0.132832452824437
0.08628963454619094,0.571041614776154
0.7719786103583813,0.198026224232343
0.6471554730488417,0.0738062197923761
0.31652870057692606,0.235038010394542
0.0791510871072269,0.867275254322607
0.07625726417890463,0.448276105632279
0.6404039977760058,0.314033578205395
0.8329673704708654,0.0146703700072793
0.1818687926400841,0.612611311180534
0.6441839690060659,0.266229649529968
0.5539266425500391,0.317074855790525
0.29058548467292594,0.687977026650325
0.21639843649359058,0.560794100121479
0.16498308502775083,0.717703663507317
0.7031730570760227,0.161471228784908
0.13943623893889046,0.785731472460649
0.7773059193348044,0.193389858928555
0.7167309173328631,0.164959281333124
0.008291175709348854,0.738116741976456
0.3351273507735564,0.591492097893324
0.681383358142803,0.30522022056969
0.5461824415466162,0.265344650358857
0.478972557944214,0.280498453735894
0.018565586171754887,0.904509049483822
0.21396449972613907,0.749485716723319
0.3323837932710244,0.343777138187978
0.3989664156637639,0.514118429918599
0.43751422001625195,0.427217001237317
0.05882266849053763,0.932279878105202
0.6266441150422697,0.361444341700813
0.6600316319398378,0.172525855716451
0.4923226499527627,0.282730296716313
0.9358791349393937,0.0518156342102605
0.4720034198727205,0.443794953262053
0.4053536736195101,0.0828506738743837
0.19822971765664468,0.689656588609721
0.5747903377229078,0.130694242518619
0.5466670931131553,0.218721188191291
0.18946932116082169,0.715870306955613
0.11687788967891345,0.637608434419247
0.13995185813341035,0.445459354469553
0.02515779671689031,0.860298529214896
0.15082109441243974,0.684489986150263
0.7126087877956417,0.275542238603248
0.17339377023063968,0.316052033741786
0.2943241524256601,0.609124565882784
0.3327242005084006,0.311834492771655
0.6846965133831792,0.19973972595061
0.23717634682876224,0.677822333007579
0.9436689433764675,0.0551387974586975
0.7104314747203663,0.273561075634836
0.28745210661440873,0.419794807209968
0.09012707133703526,0.859227292974804
0.5748479326702438,0.219316283309996
0.23513083869237275,0.494917162248881
0.2777696985481692,0.677450659006134
0.8642819344782665,0.119506322385203
0.9911035996414941,0.005428164033705
0.11835712886014413,0.758259107837772
0.1756785076209999,0.756304811044942
0.5479269303798759,0.315986233274631
9.834524164351556e-05,0.930274395822018
0.4419900771305663,0.545046791159911
0.30621419475859313,0.571256036401297
0.9291808368470209,0.00396558923750839
0.1972952662631193,0.672157239318163
0.8170557087996625,0.14776628521589
0.10734686742071618,0.849028068067418
0.05142392773644797,0.804989635002066
0.19018554802276702,0.732490443090374
0.395074648973798,0.337493451287064
0.0381138158975502,0.728813423996617
0.46824494984639287,0.473581491369229
0.3723360981434564,0.568359502292121
0.331075690449695,0.496512816656338
0.6782841239190026,0.135866426853399
0.5967498611231907,0.369382185698891
0.856460604044486,0.0849299297941102
0.4656077545841027,0.513686336879417
0.6145841803495193,0.375252481276145
0.6660566663262076,0.16619148277788
0.33784905960069767,0.472822968688514
0.46152696525597564,0.416596290479968
0.3813590412064486,0.549922208597622
0.37316390595580917,0.266645986677821
0.12431748993366795,0.748588172665766
0.8512707901514387,0.0800744194078791
0.2740089873807168,0.644022700000331
0.2667672236921816,0.685725353491701
0.5642750062876658,0.207278526890849
0.09740096199018046,0.864824466298744
0.7157715177364201,0.164231607662416
0.6494657648719153,0.212715999357756
0.2788986630689772,0.246687074317695
0.5866685356216607,0.173888677807491
0.4580811426750886,0.457869771711264
0.392109134896177,0.544302051180224
0.27835631271999206,0.334991778170198
0.2527487357561341,0.407013261256537
0.20091570290214117,0.712851064672934
0.5722701050677271,0.105094136033584
0.2779721911866338,0.652060000511366
0.8566573537287714,0.00646023777433041
0.21203522915418138,0.600227389283758
0.5607463348265542,0.397116594617418
0.728228882092322,0.12992218796745
0.8855471848989823,0.0900258132433776
0.4106938724183028,0.512434220219674
0.6887560746592633,0.0065097455439142
0.6828706025992776,0.249555080437823
0.3641031050776796,0.606412417590192
0.34164946127993345,0.506059019846925
0.010793133358677508,0.954817659585454
0.17808681164567583,0.731686099483977
0.0939569324140963,0.867491167132445
0.6368318093271652,0.349479120426811
0.5958878860211118,0.401842349752414
0.515393662665368,0.372117809181217
0.1174617145771879,0.832699674907599
0.3513847060811741,0.496944000814527
0.0035971140697193295,0.977782049417961
0.8245945766950162,0.0857546687030038
0.35328214055798524,0.462377959470779
0.6035856010004669,0.260015224867645
0.15948172899417593,0.711196194945587
0.2974539125865859,0.698351246731079
0.7297190838747627,0.237899887677924
0.5208603634141644,0.476873197990258
0.7085192947850913,0.206401188165
0.15789484864157846,0.461699017961856
0.2596757669695495,0.616156468427849
0.928738534030008,0.0437227860984019
0.8257150534257458,0.114095631492831
0.4533069272053603,0.51432073910516
0.78518805706413,0.1406408728187
0.7873056610133362,0.0410420308763176
0.43322741939889475,0.485940196621309
0.4178110223361663,0.555166510943596
0.10186310904444515,0.78776993870904
0.2184507802470626,0.269271701208477
0.0399420812977676,0.819365741730394
0.09966914533502114,0.299062113925302
0.4190945483601643,0.40004818499356
0.02473956594220711,0.810925356751673
0.244381373631368,0.482541375992062
0.11004630853086018,0.634167641494447
0.4609660026201773,5.15508475355808e-5
0.03801034751341647,0.438782460068564
0.33515101003357006,0.627529296148816
0.32001959745149683,0.501635550104536
0.2801799347599334,0.643932525318376
0.5411379710768196,0.285448575446787
0.5747257380675848,0.135761925820593
0.9642976720869963,0.0313819943342851
0.2146692347799558,0.533943043715319
0.0859165283202888,0.277625115074778
0.4718928573537242,0.420919580622713
0.5115846915196821,0.365946359506519
0.6410048717591096,0.223077531283813
0.7688724241358845,0.142883606552092
0.39227636725059595,0.400289160910417
0.3269858952391981,0.444385661821458
0.4047301834723059,0.165136421322639
0.8187343398119102,0.0635214404225342
0.30197883797033687,0.353632626773813
0.17681043189796095,0.748414832968766
0.6856817374846021,0.268079729485857
0.7092614600235264,0.262080048124695
0.33407147039137675,0.405800564735148
0.35870268410026407,0.416795273870889
0.45765104705149684,0.433072513888002
0.5272195535805005,0.262388946017709
0.5630482599547735,0.163691868350834
0.8347924423323138,0.106540134942458
0.18073355075738243,0.503793886653581
0.01064936032758506,0.748086368842024
0.9237362774821397,0.0199991527069349
0.5892737989960943,0.259649884760523
0.053140636286478755,0.74039615104107
0.062094340820555545,0.914175915753493
0.29337109945257395,0.638423382452948
0.0650156422169429,0.703606998398727
0.04668523096234633,0.620425182612414
0.22099296009919295,0.756294340042873
0.14088837173257565,0.774904227349245
0.9581961073383839,0.00900997686296162
0.39565057101781437,0.159964972492417
0.20220747125403124,0.324967659165531
0.3353382709765954,0.349902010479023
0.4193846742414398,0.435818192108876
0.12326957391678035,0.553836398618037
0.8130576863082781,0.133621052051257
0.8967279065013749,0.0692566355338156
0.525281741230412,0.382437738324489
0.13558617666063022,0.758440582255058
0.02357046132528661,0.74841413390781
0.6242325995910898,0.338639111764949
0.6166415479450389,0.378876543116818
0.16191219732455017,0.700555437346877
0.5659107971105157,0.118991098718297
0.5040180982119844,0.434615732014213
0.6524103016328425,0.252866073007855
0.9297902026839128,0.0544802076221719
0.6221379271806524,0.245787102800722
0.7675489133952736,0.10600624630356
0.13280995252238734,0.863518372860428
0.6054114812210993,0.393366876769844
0.15614020433668024,0.832509878860008
0.39129757105030816,0.123792529018981
0.32796589563512013,0.529817409001813
0.5816286162436853,0.366614796418619
0.7607856746537978,0.00199678285099608
0.631698551698931,0.290931897841348
0.07368876914949825,0.273203056263192
0.372956155833544,0.454060456008107
0.9090508583499098,0.0329796892532908
0.4829119220728314,0.410154611749784
0.8752721313596987,0.045582535971307
0.37151086233796177,0.588494989715085
0.3715299394657687,0.410547899092351
0.2867451260653263,0.706892569443734
0.695159816030733,0.210666815502233
0.3326492563054125,0.524328530458853
0.30560700983074507,0.207046088841087
0.9172866428885456,0.0226332969708304
0.0008239699537225812,0.924303304370188
0.4700046984292245,0.411567431566534
0.01958677417396484,0.96027589367525
0.29799810110774083,0.47126571530424
0.49448344542423667,0.381699637677074
0.08493611721405418,0.754959152029217
0.5819255016893202,0.407846187949868
0.7110960819579957,0.0607938403334243
0.4286130484206812,0.41301331580068
0.016193253054767744,0.915653366694394
0.15373700610609645,0.713215785251613
0.6983544478662203,0.239771765000859
0.26803722286380066,0.719000991847231
0.13070915399383828,0.766292101320354
0.5847148401550365,0.276813537096653
0.003430865025467003,0.967878920224254
0.5700064963737431,0.41180673205741
0.49244010122715864,0.284078924603236
0.6156903741197418,0.0324858062914229
0.1505338743345732,0.724981266061067
0.5291399415944997,0.254796268530963
0.08278041900297974,0.724099933330963
0.8751342528354167,0.0337745817815914
0.6434048078114165,0.337400604697309
0.3130992540691436,0.545530417309338
0.17169962909032105,0.547241082288153
0.785703732507986,0.115596579553641
0.34853268119105907,0.524149734026086
0.6483231332346523,0.318651040380747
0.026416511296186582,0.733072040245391
0.8004709493423555,0.153491475260968
0.6470561838557942,0.333688648161364
0.7317182194135174,0.16848785378274
0.4210736434283615,0.396283545489932
0.09437515880627527,0.482494051176842
0.20644734258465566,0.568105818102249
0.2755538675806642,0.628413237345978
0.6590405659142203,0.195036263100284
0.12692347136887183,0.770965041357861
0.43057124234788485,0.323146256516007
0.6374472763447626,0.311959381985339
0.22166927104522935,0.668122774652156
0.6991389248831716,0.278219446109122
0.12895797363707698,0.803910026990958
0.3981005236160267,0.589986161747823
0.3206541011362972,0.488740630060755
0.6574855437673454,0.0549612285294485
0.5221225689995761,0.323232413826305
0.6242901270546664,0.105013807270352
0.885769557624468,0.0304994382756421
0.14043336995914554,0.758953307531457
0.8550225412429159,0.133771774183859
0.4012132745447569,0.519369202191416
0.2167364216418883,0.596997920106151
0.353793863651071,0.58913809383341
0.39516456790499516,0.583256995331399
0.1569683503834492,0.82284332116689
0.5903164793848628,0.265812490421872
0.060387680668075844,0.781004347324858
0.19827416410157905,0.746921165282431
0.5123934663810998,0.33697408996297
0.6967014165925226,0.187302596441125
0.16114363697437206,0.793078846265896
0.8142176881142215,0.147581069014698
0.9010318005540526,0.0297225734922054
0.4079027359007719,0.548131933109437
0.4928814069966611,0.311769826765416
0.5285448692494262,0.351913824987771
0.07315095303595279,0.925377327616438
0.5378565819839727,0.43753284551537
0.07936593241089018,0.799942733851099
0.46548647643481733,0.520292766488592
0.6615475800601032,0.0446482402736367
0.30171064176799794,0.495564833676578
0.34071287193869393,0.539274502696868
0.6996280809496705,0.225041371036443
0.2862519294945604,0.616943854446219
0.16794954891609698,0.305373327343034
0.20076560750095407,0.276016472056231
0.10012028828795666,0.781328758469031
0.014039363809304744,0.834957523179662
0.11749731205796823,0.818701533679833
0.5784032677584043,0.280261311962317
0.32032946068870544,0.64728134368693
0.20636580871290197,0.494071536234696
0.5489583672285694,0.384030987643215
0.6843399787779448,0.158089428551527
0.8425198028043878,0.0651568156047568
0.822959709270454,0.145523663226774
0.7245966425460322,0.245904098827233
0.7271087802321747,0.224462754805459
0.2869945675167091,0.622024003042498
0.7614721029619521,0.0329222759116252
0.4258063818841801,0.406853534641727
0.05560374261138611,0.935872181869358
0.34726706240700955,0.515772028319635
0.3294147981132234,0.211266454478225
0.0694443862464845,0.671586997817067
0.8194761849585342,0.102744414867588
0.7588145785042535,0.159156023603218
0.6051342356866773,0.0637711625589099
0.5538761939029729,0.238865316265444
0.0665875848084194,0.899242574116302
0.2989544653983625,0.470315637023489
0.18884171393572444,0.771108035074019
0.23730438147804392,0.568621174589245
0.7402732738818266,0.250495748458611
0.610778604403593,0.223788923684095
0.23354104102309287,0.433476434316813
0.0020729122547800648,0.616508470683196
0.35926155756145745,0.459595883887409
0.6716354160334372,0.197240639063271
0.5973317216320506,0.286219792073501
0.2772267445487482,0.698010054895289
0.7127812121525082,0.0611838595034616
0.5205217512025156,0.191835681210395
0.2005195898129213,0.790615519586408
0.5733465971673672,0.344084309201653
0.650073996073052,0.167512148523354
0.24646293791427415,0.416279006059356
0.4963695765498069,0.4125755584926
0.28572208706297325,0.680084385965483
0.5163697680878675,0.256823916914034
0.2996236204206173,0.501805818989695
0.6186612303307962,0.221348171897398
0.5335201650168441,0.43139445435413
0.5370779630765176,0.391937393882383
0.0709928446366357,0.81184737370221
0.07885236634939317,0.551374173811294
0.37205416683940495,0.401355720252527
0.3020320097852583,0.463979291255169
0.46221357074942837,0.463410430620045
0.5074439871027117,0.462023659530951
0.348154760885614,0.504060649762617
0.7507641444457894,0.141776700673833
0.23617618322298628,0.651013069528537
0.6021318554320285,0.0632939713598973
0.10889824448615655,0.850827801264868
0.6763430808259343,0.146708198773034
0.12258003607862945,0.68193760145968
0.5174511110336047,0.139283720765835
0.3879976937818661,0.536484699114243
0.9501967221825056,0.00945551947175532
0.17010492646877487,0.801364020045098
0.418597981895852,0.431986682388959
0.26301651035775303,0.600516883126345
0.11277285504098719,0.77995450360622
0.5350881772939375,0.334754112752786
0.8487808118329527,0.0307147062670775
0.435997342726069,0.494260634107429
0.578406634497893,0.0324120404441768
0.7220489381568488,0.21694665277465
0.3098799331361551,0.501622792909557
0.03748349294579987,0.851320896682961
0.8618284743667112,0.0816058560899637
0.25627800694332925,0.728080188028709
0.37742406665224787,0.565954173378178
0.12607069440293517,0.706005116589125
0.7330513515750535,0.219876093530247
0.755168685878618,0.0817230752116626
0.22263235161084777,0.595450610957126
0.0015766959982476138,0.62716440425247
0.37524100827460655,0.615975642833641
0.15691667739647785,0.75023841916556
0.2067822139564267,0.275164739874232
0.8479547756579491,0.0361133884829264
0.7850733252954786,0.19697668320196
0.30563869662344584,0.398993229343774
0.5424758455106722,0.236419193032691
0.3636316538273447,0.633182226419632
0.14052023477968317,0.0817405864092506
0.7655642592891294,0.172193882567587
0.5423910456179609,0.229696062967153
0.854410499463433,0.139181215745941
0.02342023001499853,0.825909687566637
0.35480618433842664,0.621259270350944
0.5951130490178567,0.392985193681879
0.4806664566889014,0.426821751346204
0.5358770113490936,0.261385033924267
0.21394348016606088,0.494505255787296
0.26701728294622257,0.615691170658961
0.5505470071746115,0.270392184803339
0.3263000215822072,0.520107539619131
0.20489416674170868,0.715905519018126
0.4835864910194701,0.29569700920803
0.5793193453825218,0.407146801262468
0.08444161455616449,0.54284218904035
0.5890714358523683,0.244834003640155
0.41876315181540236,0.461023425250631
0.6880343040096826,0.255253598926026
0.9055090955236695,0.0682194533033667
0.2215130580282991,0.212328987590568
0.5905207644012127,0.392078249441452
0.1278879174149999,0.862771448392473
0.37263218171156215,0.263571245696345
0.0564926758548861,0.665851482148725
0.4027295779448484,0.576832558874258
0.3799454182008395,0.364132313593784
0.9131262167792011,0.0373604532080947
0.4645579104141758,0.221920881040073
0.6158893652039586,0.364195375215752
0.5113841876711199,0.229132601271897
0.6909233569656801,0.272644016846091
0.8418854024944289,0.146163711339299
0.03881574747294568,0.697997141718072
0.2692241727091041,0.701142816914878
0.5598696470867653,0.0370103832931372
0.5679632634073187,0.397960738956009
0.08424414149467384,0.652363247496253
0.04876625042536699,0.755751272544945
0.5722245618790338,0.324021949482515
0.6327516548262033,0.0405628835369675
0.3030530337792452,0.587919649919536
0.1861506607660735,0.76238856523171
0.6394269281805497,0.0782143254220871
0.37969118553975767,0.501660712259328
0.4057228264161285,0.442755016160222
0.6272904649584897,0.117647639492193
0.1883900521147279,0.531254092846758
0.49203001698055554,0.422403991630685
0.8750771446515819,0.109716647468591
0.5664918888177574,0.305802649753225
0.4074545717410442,0.155347144899801
0.3057904490558284,0.337919816527354
0.16631732352022682,0.402346740286181
0.012040675114565125,0.71526365166741
0.016958094410626633,0.890238415350805
0.7001660563185695,0.286776383504545
0.7852792315586491,0.187011216767763
0.7798652234490199,0.193541884778488
0.5645815469741201,0.076117713876987
0.17929132441675588,0.596139321238334
0.45756875544147885,0.423248807067806
0.06566123110323221,0.835708416805163
0.14010554952516377,0.855638468547902
0.79156663370549,0.0913421940377017
0.15679215749428596,0.167065940232477
0.13833820504969213,0.741234853062346
0.777067219900199,0.101787761285506
0.7125325324775432,0.133582101829958
0.8468804555771241,0.0783059731695433
0.10040095416406124,0.718934448829235
0.49822616850036355,0.429280007067694
0.5631329726333859,0.403754891229449
0.2033819824989447,0.787855296957583
0.47997718951053714,0.255532667042755
0.008961666195719906,0.954862470299337
0.3172843870300351,0.397762717689306
0.2685683459949695,0.713599746600002
0.39374488165232635,0.230258590265232
0.6438596117136327,0.311107295923937
0.2551490319698589,0.119817440516246
0.41332304003720516,0.420152338512056
0.7698320433136195,0.00967261583546647
0.1969693193499194,0.679597127778302
0.6481053814619814,0.154271463054163
0.3549817446865229,0.0243157728900348
0.371440124001974,0.342576013739693
0.252632140611685,0.63391779979719
0.5585890743103753,0.439252851630055
0.6923882021517004,0.302652568254217
0.07024800559133114,0.541271082349566
0.8050344653771699,0.085650084402113
0.7657062737831933,0.154805851064415
0.5426471962570903,0.238462063202716
0.013328931056983734,0.961343839477136
0.776151962808632,0.0242061449077727
0.19506534760831437,0.53075494667108
0.5913008519584497,0.395039821528642
0.7593151077356272,0.188426885752195
0.515560845676101,0.373287338456556
0.47277200240501904,0.413445867123125
0.7301708454320487,0.0275114502989993
0.7603806986191689,0.160947578800872
0.2333055354867407,0.756450330409262
0.7310217276470913,0.253099977002447
0.1464521169178671,0.652097161962146
0.32159851205420814,0.446978377154127
0.8337029170548761,0.0639590173161783
0.6722038937595137,0.212175827218551
0.8455760302765696,0.142076379907928
0.4220803851215781,0.48488360485197
0.2686505872873987,0.580587125487182
0.6639073139116003,0.176765447584111
0.6327159225057156,0.0916590369054404
0.35673516675691563,0.53190357499733
0.288799332761217,0.654312789865398
0.6534597500016445,0.244576236908176
0.3043337941790067,0.462469002913457
0.02943321816317813,0.948538392214221
0.1639092750529376,0.773485455484963
0.6648489923320489,0.247333796262265
0.18250761457835715,0.333242704479851
0.7701575129095248,0.162114294295039
0.36866884060706495,0.534942566932291
0.52686358899417,0.379062817022216
0.5712031381827946,0.213087046642494
0.6722423893386906,0.32041757693363
0.8912190939776626,0.0511148015235312
0.074909679407038,0.919601871632796
0.4993562687044091,0.0503975703027503
0.26441840314629134,0.251426622903193
0.058666851023019086,0.858705009436453
0.25773029913013545,0.469029406600258
0.2268254723555213,0.758676159475472
0.9296898456208167,0.0446579660718096
0.6935601899190236,0.0774768266554629
0.11937938370689445,0.772640505347882
0.6495656963790165,0.0285890700567435
0.2537332709353123,0.532955488555496
0.30862916441118976,0.569095701859328
0.5517756380830687,0.0844534314051276
0.35331327408708363,0.58389137424957
0.2514927945047563,0.732497780449627
0.39823300763843067,0.587551037240992
0.21739595370499976,0.615204638056302
0.31346862061905245,0.651485409209732
0.17017907831379672,0.656697388810872
0.829768927747146,0.0556663770846146
0.09420817457591446,0.856482519259823
0.27520187136755586,0.692370553497519
0.7024988919891961,0.142675177816539
0.7953999132024951,0.189673471834831
0.003580310180522685,0.915301136813683
0.44783333526606656,0.469665842297168
0.43194210199188543,0.225914806190478
0.3563885805910973,0.497023283744289
0.1418188730942179,0.402146590997721
0.712426482220229,0.218281949242826
0.31609093632586693,0.529663823033217
0.35330998625337634,0.472151880102936
0.507047404761767,0.208111133983483
0.055697828202035816,0.931982172181753
0.555077037447569,0.406659726195292
0.151972672281128,0.834008408240884
0.28517142646665017,0.488085777250578
0.5634686677125329,0.342174362658026
0.29381362969638675,0.282754258706429
0.4743815919754795,0.384884715830607
0.5057508265429786,0.340649781726379
0.4811584755047096,0.368846947121491
0.8050168611765284,0.0757114348181451
0.03280924320674302,0.689863312462838
0.5780742585636697,0.365921129816228
0.012096750058086834,0.459963007353927
0.15684577211285383,0.762191891589496
0.7414716817995368,0.212781123621599
0.15284729823666815,0.662644289377987
0.6980426057135037,0.00221787819015479
0.41302273932691314,0.493600352472813
0.5456004573785063,0.217219730647878
0.5004393561023612,0.211547331813278
0.3474830058846149,0.543054789248574
0.43508084720012097,0.43967525829952
0.7964967598147252,0.122214351003857
0.5254468012265976,0.459435082558009
0.7124821911380727,0.254410729609951
0.6598964605671765,0.0208120211487495
0.54135740354804,0.447236372442372
0.43706204656495423,0.371460376984161
0.4076873114337827,0.548905929540595
0.2039945418082665,0.475413111701294
0.04753884045884309,0.906923446257689
0.6652288885287744,0.186320688189794
0.08963811859849093,0.798634938434678
0.0009923934225184818,0.992162150244167
0.3035922453896897,0.609964277464945
0.6125125750988163,0.315078783263527
0.23558560861626687,0.750406884316847
0.40171572556166557,0.575905826400311
0.556574447143652,0.0310390021665649
0.27689517650403306,0.502127128521398
0.023529514258228978,0.756603762842882
0.5709100287750657,0.272941546353571
0.4731639490572144,0.329518321620365
0.2270585280603508,0.701085265810014
0.0836116588576606,0.731172998601068
0.4346651362785062,0.401949316694777
0.2795593371887391,0.692097363117969
0.5347101459000161,0.307759054021018
0.40459836460442583,0.521209250857429
0.30831469241429055,0.511773550411285
0.9186661620372987,0.0349574537574004
0.30754338134744286,0.606597430706421
0.19199670828011556,0.672718945635067
0.21119628664848744,0.786838073833289
0.5227732523740795,0.41862735831555
0.5396151234594961,0.454691752280412
0.9048719024985981,0.0835657099046699
0.2535596372883141,0.254101031778011
0.08663848985378553,0.834414888001208
0.38937674637844466,0.470392817357095
0.9299997855306671,0.0578400507960902
0.7363046823798577,0.158531247540555
0.472838237753026,0.398065897671812
0.44247951768605076,0.459839795948433
0.7791137737889935,0.143208103268346
0.5021610963366012,0.340496120527849
0.5181003729853616,0.476017951085291
0.19481016259378786,0.590276267233791
0.7497599927704891,0.0156047036051155
0.13107557418517282,0.25873739452566
0.5651799914413107,0.424527514480167
0.3598906652687789,0.0685824821626927
0.22684828206475974,0.146062954311572
0.36010646185177125,0.543221501774418
0.28771401149825077,0.602257128133633
0.5258643348164233,0.314244962680455
0.8019957808130767,0.143403804213283
0.15756353073570806,0.832043805861964
0.2889185968431321,0.412512231313298
0.5953809650304323,0.350530372959848
0.03388597059562644,0.601179146375339
0.2567059660434012,0.674962200265435
0.4709272830624697,0.517242742754515
0.9435747475070362,0.0560128377124147
0.6311240643225099,0.216475163242967
0.06239379634832471,0.826681830304621
0.2779553822322786,0.498191928469508
0.1527171139410893,0.618932847329618
0.5922654246626117,0.382039284053326
0.35492741465974254,0.116465908173113
0.6668433346487413,0.0629649475607393
0.5504282616281657,0.144623489851776
0.32017943600250004,0.537663617990244
0.47058602848913905,0.525688934269626
0.20217115983473855,0.448647798087717
0.11321178285936692,0.532181273773968
0.49874771419866765,0.291281261344787
0.6241981052179587,0.32245869382352
0.7216609583442075,0.2755968073643
0.45016175876644526,0.487910210980856
0.2734928324592196,0.654869054206259
0.8777250157235619,0.0967612276890034
0.5372387023336483,0.0781281650355573
0.8286113274454513,0.113183378048186
0.6461124061175989,0.17230631845368
0.18606389673033272,0.695725173622725
0.0427981261730571,0.878776392386166
0.7544446269902207,0.142465751878706
0.4497535714350935,0.456611919804491
0.2430232374909398,0.63213153420377
0.20765180306965927,0.783347083898278
0.4850438877136749,0.366996974025593
0.07577647336101323,0.836389615288385
0.1589300332476034,0.801904032749712
0.3431016021919043,0.634064955462402
0.0607554430318278,0.779985413859891
0.5082345445500783,0.456560009420266
0.15492959408740936,0.740256287582493
0.2439662306865948,0.746159408473022
0.681755362728972,0.265013348906357
0.018584845124921274,0.945791179667895
0.048064225403678495,0.811396773894033
0.13621331951114032,0.498539443038904
0.16605391207980755,0.717112939377579
0.7697605326270687,0.0416714354738413
0.2995674656868063,0.572976141911094
0.6313730176075918,0.339759244820877
0.6619867878090417,0.211721216855847
0.5901079016309821,0.00948310977773591
0.4661863151444366,0.412271434631943
0.35653389761349724,0.490936349186538
0.3340737917081605,0.660895836259121
0.5048346251627025,0.139797673716022
0.3112507427877147,0.405632047577612
0.831797309319998,0.054698978792664
0.5892171200516734,0.133186061114209
0.7944280709418113,0.199646836022938
0.7000866510554091,0.291284683939134
0.7492743020873768,0.103356280623375
0.2508806155176476,0.684947934860996
0.46513245602060677,0.433278131068582
0.10854556482280177,0.288751230185934
0.7316527250808174,0.229868380174073
0.024783115596600062,0.639710790154925
0.5211310769236763,0.359814809565101
0.09208814566686664,0.82236381150413
0.5922488177818276,0.300309743590762
0.40222160466711837,0.496277662129516
0.3870871843077043,0.529591273974887
0.4095061883702481,0.457867462393614
0.44325602973623285,0.457191972296478
0.38421258182570284,0.518838889720722
0.7040062466066971,0.0518763976307692
0.5716751304615806,0.362492597415769
0.5660293186565258,0.0311045456230086
0.8878995828212902,0.0565014396779488
0.08607111886326685,0.876234001080414
0.6315280688486447,0.299368937293532
0.4358642298796286,0.453786505568934
0.31979284423595083,0.678366777176864
0.38024972673640217,0.544205187963005
0.35595277602947584,0.57918118996073
0.4609992123533097,0.00572314580883329
0.17649823556031413,0.780907573985163
0.5047604709607636,0.247471092816807
0.18377628405360313,0.65207734106476
0.43115826917481903,0.498099438490441
0.3013883340811975,0.565562579156921
0.459802159279293,0.269886358172663
0.6224065546727132,0.147371879004271
0.1906835465252657,0.748627867299323
0.7702069431838797,0.0427341843515537
0.16373046699427335,0.0704633068163958
0.5553029715999215,0.430583386686006
0.6570593826947955,0.181169447610269
0.08993251313012457,0.667214314227547
0.18165458142270743,0.729900148696236
0.5514556778100601,0.140162721470058
0.23511044674807235,0.622363163743345
0.2031914489174871,0.205015264088544
0.18909678938976776,0.593103400361682
0.5847248592891129,0.263933472816684
0.18229206025074068,0.712409357065162
0.2369950769169352,0.673281365047552
0.24317577174308352,0.630719439326215
0.25855006623651156,0.607429776140415
0.5409675074171013,0.384809417910451
0.20901143699461222,0.775866263727914
0.03212883752653276,0.867460975386389
0.6066973893716056,0.269009224176226
0.893946757024825,0.00986905722629966
0.4446430280004288,0.46612019530561
0.038652829062242745,0.951913881755807
0.2813051465380146,0.655858897530874
0.03545639158963008,0.762581243983436
0.1321103261776157,0.793798075546814
0.49993933106424293,0.265512619369655
0.5131662489503659,0.000517409638925159
0.14119646142527864,0.819267873190154
0.635029015739487,0.282876730468501
0.1620166571295092,0.52108815596372
0.14796661056206822,0.342365436344496
0.03802934758148249,0.869481752435726
0.7886953880140933,0.209851198392951
0.24871391670630968,0.445765931444368
0.46960504637763933,0.43619174970161
0.18218947278305578,0.468157332115814
0.6192822643561252,0.325484959774619
0.1675783536989534,0.812480670378547
0.8128401982321061,0.182476874541399
0.08062806556185774,0.780872890625613
0.472497229671828,0.500924776777266
0.4595510985668454,0.383896549298897
0.40156586453369847,0.584491193033292
0.025131181596396823,0.960536670388863
0.14713706505320767,0.790226232618548
0.7883219402778886,0.157032507957858
0.3743541841155011,0.568070679721593
0.18386562296451453,0.276019057334251
0.17190119206650228,0.777047000521538
0.01485012821172937,0.785272528159328
0.05090019224760037,0.700237976292523
0.19688810931598225,0.721605869540226
0.0040338922305019585,0.950548727965729
0.3404271524719336,0.531186499898697
0.11275225480126849,0.800917291597972
0.73293168666705,0.000630163582453658
0.6489968897401619,0.312552231940449
0.03621826148613475,0.940511321537086
0.014203776173764542,0.805300297205478
0.4702272156694222,0.518622231431406
0.29417595854732864,0.322698013435094
0.18080210456746565,0.530321747771212
0.42900759099789715,0.224854463627322
0.6483558926088763,0.328735496906354
0.009196007739246921,0.910865274444628
0.5062171312039274,0.391777514326901
0.49024402060411615,0.183898483379251
0.8002077063522561,0.0892219889348693
0.11663159317206173,0.795868420615946
0.40637956042510237,0.558520204889178
0.4748548384790614,0.0836186652260162
0.15419879875774295,0.791587240287392
0.6413021808732687,0.129087275874647
0.38500311662562325,0.558073336414543
0.4613600407188834,0.460236541195814
0.27087979205364493,0.431494233775705
0.6298703061359783,0.359468234359619
0.4140684997444357,0.471493202227563
0.3332941525900003,0.546838159191449
0.683524886971058,0.166198123341056
0.6658456204369648,0.281816931357337
0.7739425043880522,0.2125079877308
0.2972889053843143,0.687906115275746
0.1712126447809912,0.497972714131735
0.26805977413777704,0.676828979648259
0.2885726586562139,0.653969290772678
0.08026647012781565,0.338553750627636
0.4545696341970249,0.0847946601794582
0.39090562619107916,0.534383937733142
0.2618835250749653,0.549698103914242
0.3729564542897414,0.530658658688747
0.031967323207617075,0.847067305689743
0.08249566470492516,0.821684142576308
0.8044420347010145,0.0876143496613546
0.9339226937353121,0.000981866153842492
0.905291877090331,0.0887099560226697
0.3167597542035538,0.204557815816706
0.8139413124034999,0.181082261802938
0.002348367720808112,0.907986811670028
0.7296282815739461,0.233845225985384
0.30063954383784647,0.541993484614321
0.764350373389237,0.221467402470644
0.06733081867776375,0.538106617922935
0.31317787288048876,0.512977757522406
0.4262505090960026,0.479903860657385
0.172239268208694,0.519843726520886
0.05350650865883227,0.702219572686746
0.6198986282514171,0.376199108351434
0.3006978495163024,0.417952976192827
0.11724853542979763,0.854507450036627
0.877098311708901,0.10016079340015
0.10306274107862018,0.789211933917277
0.3321041724805221,0.55376789838531
0.039835677934547654,0.918230718946984
0.3287827940239905,0.498817629123725
0.09670164311872184,0.54025782946246
0.9477531005150552,0.0290525811441602
0.5264992150291131,0.216699470755827
0.5707091806790044,0.373160796728946
0.9605772095734297,0.0267535625021169
0.665355221480547,0.10826490088669
0.8073589553380193,0.04511000600111
0.23065104819467705,0.441390171600899
0.2068219074137782,0.595476578163417
0.6977919312474179,0.0711054749915388
0.1643533693427444,0.648960575834771
0.5875106256569429,0.259104268727873
0.8579769451076134,0.127040134636483
0.40043863010609543,0.492682745930619
0.8107980516269899,0.0350153300338722
0.5321495586080335,0.420533899453925
0.0868832614369546,0.89796896838366
0.5210563534832537,0.478704330641538
0.8017794615911873,0.18562396454384
0.824708597737422,0.127910751892492
0.311538628186904,0.681385087074297
0.3478193808355871,0.439137602093186
0.7310754014962736,0.256331396220306
0.19245938316828926,0.749783779727601
0.09804921761529405,0.733326709514339
0.4474489909704656,0.182186384755827
0.5963284789374448,0.368609705678106
0.123100121158155,0.600245446174057
0.5111458292882542,0.448583356901146
0.352853061063508,0.606114593458972
0.05197197870848,0.914767207032005
0.409698876750723,0.471778417002636
0.19303829152682456,0.612143900728391
0.8433883609258636,0.152756234045461
0.7422292380869022,0.0561715890322927
0.4519537045984069,0.375344253047962
0.7648757723925307,0.191907209917374
0.3770599230564016,0.59130576371229
0.38427920500426477,0.323689637213347
0.5418429044881221,0.383954060182729
0.6205208976444675,0.323608305198155
0.40423831451923314,0.55908611988496
0.6414033620618632,0.324910760999071
0.49056779033000203,0.482028725233009
0.5035988081167747,0.339335512514631
0.6725205915836195,0.147892832143539
0.9038811485404378,0.0269478737609215
0.4475838590644092,0.524144200400023
0.07676045445724569,0.87491253570099
0.10254058958605287,0.824134363469815
0.3823396289467761,0.476035337047923
0.6481459068559812,0.00168994905319014
0.43119830370214196,0.109591820393827
0.9135504031126073,0.030272269617491
0.43333256420314814,0.485171497230907
0.6119212480644661,0.284402037981333
0.1606691034962609,0.781069070322292
0.5732618124263155,0.104227921561741
0.8081291386253194,0.019566520232176
0.36427829328654265,0.613459191752043
0.44382986776354705,0.485850208113656
0.7992707436917039,0.186513223458114
0.738678871287567,0.254599639977478
0.5372439382159606,0.148403551113743
0.13397513904158942,0.682761481207353
0.1562337980477317,0.801763670843048
0.705244173879942,0.257252884117694
0.847049879651322,0.141246263734879
0.5244240644819472,0.156163560591988
0.5789293276802037,0.356113809663396
0.8339446646729403,0.0924135030460538
0.3478215748603284,0.581371884716565
0.39377757552822207,0.451418990145301
0.7571826570267678,0.201165486374575
0.4848006133533654,0.452143084566461
0.16760456876718866,0.821211654998304
0.15888085399120389,0.713886972111754
0.540073653854071,0.423821418683095
0.12970417213940688,0.692526241261232
0.5890755403744736,0.223324260442773
0.5875651747491614,0.150084227492631
0.8106482746671645,0.110151329078715
0.32062763372019276,0.555254499986005
0.49236003322644434,0.286844174075393
0.4441969578641042,0.264914546909379
0.326546133440778,0.596296560758269
0.42122951542001436,0.557984008207951
0.11709966675436947,0.863634030096111
0.47527306706056205,0.212805348003966
0.542114439055078,0.43028065196185
0.04539362656725875,0.84631926339948
0.7301494889822203,0.0337772024932996
0.36174959895787984,0.575475156561912
0.3237413664279944,0.646787986329724
0.2229633891690681,0.761944347228095
0.2994758391124924,0.602558548587657
0.34925995578316504,0.395307708777322
0.7760386603315338,0.0992243536150687
4.195473623889656e-05,0.785458936655163
0.15710346214133555,0.753214732331268
0.043014122239714146,0.441679260771911
0.6355123206259012,0.282140019652227
0.8237973858692176,0.0096719348391329
0.3694393759763107,0.189485189838463
0.6372884900325317,0.328286522241524
0.5872161612033592,0.146972993039025
0.561713152272724,0.101938165891881
0.4666771909723218,0.274705643334911
0.6738553568777715,0.317739131534103
0.07706350484181916,0.595853556940492
0.8786374156632679,0.103835220528682
0.32426426944382314,0.423559898962313
0.11469657748793044,0.814874465814271
0.615204324546532,0.0946622692806615
0.7850757134532474,0.178605730003292
0.23509775441599273,0.25444629253568
0.8179507448562768,0.135530744459261
0.5600777765408818,0.292041048518266
0.2514928902976027,0.336118168927906
0.3980318624597473,0.550167235433903
0.11541349881767134,0.532993229147559
0.044207885030889044,0.410345177934688
0.016327780559978907,0.788785241321974
0.6773992324532512,0.220162988150893
0.5705497541513219,0.201844642617977
0.5830434623564373,0.28775714790263
0.05406353068092598,0.756221511276137
0.5121275323865903,0.109658480258338
0.1151473387128443,0.749032504611341
0.2777013504729468,0.569096465794918
0.7508107871010251,0.132972031473028
0.4966272490559826,0.495433229936154
0.4646933692884307,0.0147319923564405
0.40783320385390043,0.390700590470744
0.7437186547795601,0.12911858746777
0.6163640037171522,0.309264531205824
0.5761936237908385,0.335304022006558
0.635048748320629,0.154623496535146
0.2168537731088581,0.779413026617635
0.42882521296082055,0.514536557899857
0.5720592793250265,0.223017068822241
0.04259240584460474,0.687336760064569
0.6938373997830452,0.19077664591803
0.030664247683418577,0.939181519722507
0.012946093872690285,0.975802122768165
0.25210940844196483,0.364916522403542
0.4709731883795141,0.128922689829398
0.6583054083604081,0.288796998185034
0.0979709930214103,0.786152678611228
0.06778277090155169,0.185432042434407
0.6926935840373922,0.097051403642718
0.3951304583438211,0.578240548513274
0.06402739446775381,0.931732826500967
0.07183035649939219,0.758544734841065
0.6632612722363622,0.180372323798267
0.9202038980620103,0.0630682537829122
0.6723631598942988,0.162320587716601
0.0001545755947167988,0.979529911689346
0.5851452212347279,0.311292326338834
0.7330455376547254,0.19812286985285
0.14076570207781336,0.738458714245873
0.653070985088468,0.174607844427381
0.710921143903095,0.230197746990771
0.060395145828049036,0.780180745157815
0.4582896819668755,0.530597693409518
0.5853500995204547,0.405314948661098
0.9089378727989262,0.040414812751788
0.10839122561536645,0.529198572947406
0.42839132741616043,0.513964251431502
0.2034435967433009,0.772668871854235
0.2851638947241254,0.536750158163305
0.5401007110363526,0.272918416386195
0.8398715739676879,0.147574621719032
0.7454872191058404,0.172003248356569
0.09360836333124913,0.80560001905626
0.5294960777978647,0.17795495140861
0.5794039136986593,0.27058035273653
0.3623056853023505,0.634460615477493
0.43305163762877713,0.501948267054185
0.5462146844061774,0.242782971048092
0.3499824110747921,0.511042551187834
0.18804929043840246,0.505294335201278
0.2398182541889889,0.253783335053
0.86396389426574,0.0427383892297236
0.027676534079046907,0.944968499900262
0.8491197282541416,0.147056318089473
0.17418898069173808,0.794150865626829
0.7552651943734024,0.22775159170795
0.43683111990552675,0.337998811205445
0.5241490583529874,0.442617435900172
0.0024235829072990836,0.808340030911654
0.9454403846154487,0.00250067648130675
0.5026934679882906,0.327679266978269
0.4871988977408123,0.294204145175388
0.7100386080957647,0.257627749770056
0.49239254135499777,0.321483819004041
0.6348680042324815,0.180168578498911
0.2770599690092627,0.70121026291097
0.24514670486909576,0.547623235063171
0.890557833734416,0.100367104637747
0.5057354701220678,0.260354002989011
0.719761385113174,0.13371667425027
0.2501918173775625,0.317609825355669
0.26477172246977176,0.731505057205928
0.295937333581244,0.399263180828313
0.5775555847751092,0.279056786967309
0.3074183062090633,0.635682103424922
0.17729756577631864,0.139778516237469
0.816466100962351,0.111096495714635
0.13123814456103236,0.741551000009768
0.6261915214879896,0.203129760100962
0.13254714820505478,0.742222176246742
0.33961216149850254,0.527795125849838
0.692322247825229,0.111950296292849
0.08598592323684796,0.876617755409949
0.40675950238868164,0.109022513590757
0.2329697646392428,0.56703551482025
0.47285983863460745,0.127430965720289
0.06473777430769888,0.928742573119286
0.09042980231080397,0.884652247732433
0.5064619866047446,0.359229865567446
0.7810396501702259,0.195080995201545
0.2099268609427204,0.270423653564462
0.45308562180969875,0.526339433910092
0.06381772950724102,0.632883688075846
0.7594292641465051,0.102250695230022
0.9425549046208641,0.0308235793687739
0.3170994710953051,0.535331781768673
0.224128900616714,0.68788851647568
0.22770456859960028,0.722768049118341
0.5190145338760512,0.443868851061701
0.2041072143395013,0.522899014801183
0.022481518280363207,0.621227735624521
0.5643898876002462,0.421122554681236
0.08936234077723006,0.886582663246205
0.5137434436127553,0.434186475579531
0.773265226123452,0.226336349440838
0.030545806425444803,0.395347085049378
0.19175380171000225,0.652222373438319
0.6175037677873285,0.338163217550882
0.3939568960909611,0.202376863940734
0.8051618556668263,0.048554007107504
0.28707638686065545,0.634387185535652
0.07649092247355826,0.871074472943999
0.7462067796145857,0.180801584967769
0.2935414670813769,0.466322309812806
0.7456589697157991,0.187357184068184
0.33042415739948494,0.590804123393844
0.32434827626005797,0.558236640897473
0.8744637463103961,0.0794474477745306
0.1393914044388687,0.313145970490419
0.2990466923544969,0.587000262519378
0.3675407198605797,0.586464107535587
0.22319556278575123,0.720009002427
0.8958072733068102,0.0231385656922589
0.11393450830310979,0.72917792406366
0.5724431684770221,0.237866129560865
0.6329649824805037,0.0973381995348913
0.25162923147603816,0.390218010268053
0.6494809647438635,0.189428885536218
0.7225928457581384,0.056291117068879
0.7504105842610692,0.0870574373754012
0.43682369765090134,0.22883147498792
0.6922532468162518,0.0103480502779052
0.04778833431486096,0.83523194526581
0.7354940262780189,0.256710659300258
0.14101347881829082,0.787714646515229
0.018507208970009535,0.59913587519487
0.3888009167300298,0.377502579193734
0.035703666762667965,0.728684213816327
0.3838453596339766,0.207443622332283
0.9244188368441214,0.00739299321496717
0.848498010226166,0.139943911518681
0.3645911066411908,0.53117989421645
0.5191319666688063,0.43235486835502
0.7554711206335573,0.0023172125179331
0.9692187451166457,0.0154858270230423
0.555877899376705,0.434889732976028
0.40910251507669526,0.496168066912773
0.0350818321039383,0.934009466070035
0.24904845262202957,0.642081917172989
0.5257154630203983,0.275576604600728
0.6505761155090151,0.25094231751523
0.758450631871438,0.0428235667027686
0.8291583445686497,0.112307232904438
0.24712652090110013,0.719543879490531
0.8702735493335453,0.100356253501571
0.27594373297178676,0.640284830571583
0.7452780966255185,0.169285172895532
0.5639539673547754,0.183604821302795
0.4720245167359485,0.454428820315868
0.24586882827125794,0.654243363170937
0.24505095760388818,0.726805342114679
0.3652766302380979,0.438099634954946
0.16775942500292967,0.80556269937229
0.3415026470202335,0.426023055932964
0.2177509488981235,0.388184370083857
0.07983345378430455,0.839090644756536
0.3052961161785017,0.512843913030914
0.6862888701405591,0.303103929910269
0.04654134048750744,0.900645346413178
0.0095915192993888,0.66681155178887
0.3173687620416326,0.617730546457643
0.8460415910506223,0.0718836070299043
0.8664006884851779,0.108981546334068
0.5751436071452348,0.390587333568461
0.5624248130851953,0.202803307676282
0.6363752257312678,0.33111325974933
0.4567337370823697,0.399973597020897
0.3645884248848924,0.461788211925643
0.5509506985675308,0.141294944763161
0.8565038873515707,0.083345380535961
0.20719135522838802,0.678109407317379
0.4738711453227507,0.295621682304988
0.21739155799851873,0.295595324677774
0.7356690235573834,0.0527596913351114
0.3178510203263103,0.622635848756158
0.5494793901975531,0.119182596242034
0.28172707909586897,0.686463359871244
0.5933573037855346,0.180494712510699
0.2875880221938348,0.708474177187554
0.9241496815972172,0.0193539080432483
0.13860785805404474,0.815548562674238
0.3218130944604935,0.648417132456151
0.31436070626466517,0.510487673485229
0.3384756610720748,0.422249723952699
0.8239570679194035,0.0747954307068303
0.37567206626124355,0.521350053811276
0.015687819237732353,0.831870347190063
0.5603706198743212,0.0801790833092379
0.22042758636671347,0.506065861102216
0.506171235328004,0.389351187568358
0.479962759658685,0.39313309834362
0.41390253042718056,0.479728224007351
0.8781776111236074,0.114537564585697
0.5021669030581796,0.453043854195103
0.3776799377920826,0.532495333653314
0.3293342550513318,0.432727948988312
0.6590791995444709,0.292724024861632
0.2950887913634706,0.634785485049663
0.28397568373726756,0.710490330331321
0.6502116213862368,0.170519997611225
0.36249791453368874,0.433652163079337
0.5613570410629042,0.12404815611651
0.16618186979023308,0.707735193896622
0.07084744663092472,0.588419967434784
0.8223306589694234,0.167533598684728
0.41495621149648104,0.502918178162544
0.11134306680430478,0.333166530755441
0.8914051837436912,0.095117619919242
0.20863889047752712,0.648028868133924
0.39067115942864034,0.58972373017113
0.6775367142574725,0.21690100426948
0.03555944115251856,0.913238048745396
0.6961249087662755,0.0167321682331443
0.6403007761121793,0.279598980473636
0.06076414809264583,0.818879450848988
0.9214136372108978,0.0267024338698706
0.5171855922115264,0.396234517010471
0.1922660105698952,0.795312849776562
0.42725542596707544,0.0742976990968058
0.7638079923213952,0.134610499447729
0.5632797051145569,0.376756059976903
0.30558196447086566,0.113640599842603
0.1894106046152483,0.589050913286702
0.0745690602023581,0.319479448005781
0.15371873674875725,0.651407038245251
0.9313728433015441,0.0319360779512471
0.8401535277092932,0.120205513287964
0.6276049298313412,0.235234623790499
0.520104277912368,0.187443815858534
0.6023513837066377,0.215407134513298
0.8473010312231883,0.123609254034141
0.8676372190349105,0.102263510180643
0.005866461047548601,0.789117430525821
0.22427567008529994,0.77489644604204
0.750517418419697,0.0190609703930384
0.27781969186867483,0.699463051647793
0.11480220113202096,0.820467480368742
0.5810400243229261,0.299320093089502
0.7468031263007615,0.156385408146407
0.7422969869751299,0.221766315990206
0.2595097216463064,0.511407163816908
0.14459221663222915,0.677873025310889
0.7593256248539658,0.128631164449919
0.0448231777501121,0.895102642843418
0.1983781385830167,0.538881967652971
0.7737174639862033,0.00244432827800628
0.18343166553298448,0.778193033182952
0.5274590593474477,0.453985722795344
0.9404720303556527,0.00121714334719109
0.2809961434836472,0.49508937920076
0.15295962710908845,0.719786591616338
0.6773916010931446,0.279923607430215
0.28029858132483265,0.654652455062129
0.037481916867467456,0.911067143422556
0.20854982128160032,0.447783772285596
0.10772083652305241,0.464056225519276
0.26511792622749425,0.701985516398225
0.12050485784000885,0.852306034014469
0.4904297507376993,0.240802706992405
0.05890290924205982,0.895244279888467
0.5803200828272814,0.204457163213336
0.5440080744562752,0.411920790325458
0.2198091044503747,0.478674331546458
0.8779450998416363,0.0169583256864654
0.08224356674931659,0.741225355573945
0.3885417381933145,0.601213509157398
0.7754668691822643,0.166905606735423
0.07084226323905778,0.7005906908374
0.8862358674581504,2.19444480188957e-5
0.6406607476192672,0.327074436258755
0.20036790358571793,0.611454552463205
0.44139152311117064,0.240122006173043
0.32003153952405566,0.363324056580133
0.367426508373996,0.536301789502281
0.4956727591216679,0.167616048119453
0.5279806553488372,0.130469048106563
0.3002702076809467,0.373175620459794
0.8662579571352854,0.0709318928936506
0.8965686693818098,0.0973848740284776
0.18365519196627078,0.516339132377245
0.029462113111174394,0.962903362165853
0.6395620947201501,0.266928047679506
0.6610557216555963,0.297555735893467
0.28301916813358424,0.475236340655641
0.9439734841554822,0.00118287639418011
0.389450889594596,0.449308386686298
0.9273056844155315,0.0528049274586787
0.805157482934541,0.191752924617834
0.015532742482272491,0.804947984932993
0.10939460471391714,0.728233544052023
0.24351314978852878,0.54329210926334
0.5862871008537728,0.291852974118791
0.463208554071266,0.445808068510232
0.5587293845304969,0.414051044176764
0.9246445462620844,0.0454309551358565
0.32509742529169633,0.618212811017237
0.03701624339422669,0.363916083011018
0.2460631703103644,0.716337067939533
0.4904733862685727,0.164826072791829
0.4329010443891104,0.402233334177775
0.1427455747090181,0.286787921261607
0.4051697139984145,0.518034791570553
0.3359034298133974,0.647702586059913
0.552443121177903,0.263325310947009
0.2835819499465147,0.424998509626973
0.22241586821051115,0.599465256972123
0.6320434106265934,0.140482684439516
0.4218948891432752,0.507993180890711
0.7387650308565719,0.0140988647595967
0.3268799090215277,0.632147593360749
0.3147968148377855,0.616494507247432
0.05165326754991529,0.945535713145047
0.5187055984211549,0.323203202077343
0.23560254785764656,0.680912143123658
0.032031159492895034,0.890124017769846
0.5438299893085787,0.269700592903166
0.6841466214064928,0.293556733284303
0.016866751409514654,0.947281603710253
0.49713448930111104,0.327860694426619
0.08816270676405975,0.812384628731188
0.8768725698513364,0.0669357195523662
0.18083869656927778,0.803349746644318
0.23574421318084068,0.467855703965212
0.13659177347352405,0.743031209237559
0.8131948701953937,0.171567141796987
0.47284002131840597,0.295846102026878
0.9002446962492697,0.0320098454076491
0.6710328823507632,0.324599494013582
0.32753769655815335,0.271984150995617
0.011983008397876355,0.882606379774616
0.6318375993830456,0.200617288915707
0.6605959425820217,0.065405748650826
0.23955466214576945,0.739693712695633
0.23675280937853224,0.392903644449409
0.8664386510705874,0.106032178812369
0.5240585908239327,0.246659649426698
0.5621571300874287,0.405475358264761
0.18358238496757603,0.43805802354068
