t1,t2
0.1267694820094036,0.334161311700615
0.4794732475921069,0.0579446276295416
0.07047990359398922,0.251879026309654
0.040191455836478,0.0216525482664686
0.16681778499915395,0.0392750097837727
0.20541281777652692,0.398297706688364
0.07804503387544472,0.76344856876023
0.5256974777360504,0.125620900200813
0.14819640239609622,0.243304109364625
0.5426411665441572,0.0870870697603821
0.11637330875913401,0.394263765726972
0.011388013087043895,0.101362996018446
0.16963181718176745,0.288608428131026
0.1512117861039831,0.0821269937628652
0.02876662107308459,0.147281004705482
0.5283607835082854,0.420307905927491
0.14787922114852958,0.4977460394374
0.055102575846364035,0.206068308523758
0.4519409999395542,0.23758347255434
0.19867387548130325,0.551378037079556
0.23829154483568224,0.169332908744811
0.3085198322022751,0.000761572522176693
0.013310713183643508,0.10808298269954
0.0374489892995596,0.552041668681736
0.9510940993236207,0.0283264307276118
0.027148438914814232,0.0126755686818135
0.02601960204754165,0.20723091391106
0.29871947932649623,0.0423417485978046
0.3370362547225771,0.0322668063855926
0.15311949142138775,0.0983205438141185
0.4366750002683674,0.124152318417722
0.00016806126345810576,0.0084607566429879
0.21307141790289846,0.479811933793226
0.059260433574171135,0.632602324358905
0.07973233205105992,0.024379377999911
0.0938136691393235,0.260124542157172
0.17422964514277117,0.148838978509015
0.1935826126172827,0.000943577166757517
0.040153313420025274,0.29168074515873
0.06307433118335215,0.211025160281761
0.02417584191745457,0.0814223652555809
0.15869184397155883,0.508067626457609
0.18934309525888565,0.0130515739461079
0.284536654534022,0.0678320295861505
0.053336813487186184,0.07258269847241
0.5226284486827394,0.00840886359673083
0.2681047813650163,0.0430398473123996
0.07925720873247698,0.108608773687585
0.09898243762527188,0.124388291510959
0.4002021971677239,0.000287363910446877
0.7423841489216367,0.132351187687501
0.14445187391035075,0.215741045838575
0.07890024134428109,0.218608550176005
0.32723380191633467,0.0145898394222685
0.06253725107147451,0.341458444323142
0.4738047130028177,0.400059002134995
0.04708789419563705,0.0465540633231145
0.013407042706287106,0.153947813006609
0.1011248267337258,0.328820547824486
0.4221191954165247,0.287898628076156
0.16770162649227766,0.153084852306342
0.046878892392777934,0.149525176967045
0.15328904867113788,0.331531015769365
0.10671577564780513,0.000165190855264867
0.028501457374815593,0.078969933277572
0.257182065317404,0.438794151731015
0.38827295997177264,0.246494202949318
0.3853009354590089,0.0862435334776996
0.06426472983369189,0.414283163107658
0.03630585719023769,0.0970009006608862
0.3306647979519857,0.190692830237374
0.3062445802861672,0.0557022773793129
0.00114640718323236,0.322177819744232
0.3404219519330379,0.118843774980289
0.024508943969485494,0.301217885375229
0.6107243868987197,0.121036973218344
0.0497276409740757,0.111590425463853
0.533610609011661,0.0599993415105321
0.17412928018883272,0.0490801222601012
0.0484246984833217,0.264895602494165
0.5459171518078021,0.127413131404265
0.019812519947682978,0.0398304261154426
0.48640087676577526,0.113539039090011
0.5100096734597862,0.0747519609611172
0.09541021986139567,0.111866663447807
0.01402861762769827,0.578785781054633
0.25959868812679127,0.00888989762709976
0.45369821740649163,0.00871666518095316
0.7749875575813477,0.0236388537983499
0.09278110441302477,0.763113030890409
0.3216444544571841,0.208939110436332
0.07669372629117238,0.224393631295703
0.008037554259363127,0.00688959672672191
0.19748730838449097,0.344730335783103
0.15042371352708644,0.328761430300713
0.16180152700954842,0.361346067359008
0.039588640385738116,0.271428131672207
0.7232317104148318,0.0778618515747155
0.00010265193292940546,0.252772180499872
0.21409868406143157,0.112916506140343
0.158150167322874,0.176073806310159
0.05032699426718268,0.543182949897988
0.3734282924747624,0.0828493054386504
0.09670989680793052,0.388952381503196
0.1873441348590174,0.033128766418775
0.06183074402247735,0.256170998147592
0.23979268743087728,0.125712623638359
0.058650349477617506,0.491606119806739
0.09272370822305774,0.0862941907148772
0.10179834658616098,0.121217776353156
0.2868302258219122,0.194871191613484
0.5119544032176798,0.199811114206989
0.5662028384405512,0.064869079434611
0.08741718716524995,0.266155373806405
0.35343044429675996,0.210480725547982
0.030134157391400827,0.0807693463371801
0.09111467159338853,0.302875160610748
0.2087470751305231,0.303390800110247
0.1339321935614543,0.184845052535869
0.36203929094154247,0.0605424233991038
0.10493598097862224,0.193382014709244
0.27604557695207693,0.382740953458946
0.08773080826775188,0.31007152994205
0.11109196749512863,0.219411463630861
0.14588474944773655,0.166241532390579
0.1768014498079268,0.271910125201804
0.008486995148508609,0.0540555783108039
0.01847291416140731,0.0688033277194266
0.4208536877261368,0.138784862920372
0.004357496059933255,0.220449372284456
0.6498092799929441,0.349675736851157
0.4462296887460438,0.0236778254226999
0.006787660519832834,0.0469883503737411
0.2863035246958094,0.123014363211769
0.1300942481053102,0.0438458323895994
0.06683889179555982,0.551474382014417
0.24833213987120464,0.0108404540171665
0.3585658475800454,0.16063247685059
0.11018412906314388,0.0193995533629578
0.11206498319272004,0.0311242858759247
0.16500958578339436,0.161121587125695
0.06901263131251312,0.584894605816308
0.3240669213959619,0.134102117367586
0.1445201126462718,0.390576267493125
0.17106448418929474,0.221668531487464
0.19452260886237546,0.0396357461755163
0.32394463846445376,0.373147542429762
0.25317386457955554,0.0443442278175104
0.06845174583775068,0.132676474500909
0.005155743983676586,0.502743562523253
0.05732286836873113,0.0600030986976232
0.245152376481824,0.254321380995675
0.0851013193942792,0.03791530319387
0.2234648216672913,0.197434765556461
0.38358270531473404,0.162166754910802
0.04319694133267356,0.181104534963722
0.0724435814088266,0.31882643240832
0.3509135364497846,0.00840554300332771
0.04708821696679695,0.195487532379843
0.09680084514174421,0.0844282991080091
0.6217444506950339,0.269751025350679
0.5921711579996729,0.0863641543714483
0.0646019122657067,0.285802872630473
0.6598624728936098,0.142777005708303
0.005797533837175335,0.102347102377572
0.4060967659094194,0.00248494382143149
0.44489328752283774,0.117735162573681
0.16952287272061614,0.213388421709894
0.5905201831040268,0.360356152069998
0.1123260675885564,0.428254324438403
0.08279311649433264,0.393539812046089
0.011190419675381235,0.00765466065882846
0.14947367511595375,0.0631526699665676
0.3915026495417613,0.105436576152115
0.20274734571294567,0.274149297214975
0.3859438931943718,0.0809437733167172
0.12939083309298707,0.0433703646091162
0.16927721027763323,0.0765230221063004
0.39811760908534044,0.40812269760163
0.024792779851908364,0.0521266110048564
0.10174514821470548,0.0199655998081915
0.5547936948409236,0.270446364971095
0.03637236860580839,0.0409332742503269
0.44063072237552803,0.312160018681465
0.12661928771691347,0.237269962032039
0.15950521103503318,0.324131657349367
0.19979123436766613,0.0457834649645318
0.11046760559268053,0.231247715235619
0.30833693209173163,0.00370733086679611
0.07419705259452798,0.321346434784051
0.4219714825902596,0.133261066458721
0.1751499693543375,0.224629840892995
0.08734004715519504,0.0561056933466988
0.09275646468675677,0.0752041111779428
0.44337995040116096,0.517465154743859
0.45353659163370225,0.179361101111444
0.2323789224002871,0.00468325031788965
0.3697552884386119,0.0313381742936259
0.19164728360691632,0.502105061751334
0.16160952614607577,0.156683824624807
0.14232294964846423,0.10016095318039
0.1953003306349374,0.16732011785498
0.18282679052968556,0.218686225672913
0.10687579402729877,0.0800361240706792
0.4268364327302471,0.146325216323928
0.40463932383986817,0.205042963798057
0.03383987402816044,0.880266806138385
0.37299064529647885,0.0536791698453053
0.27815970249695715,0.106866360266044
0.22166487169218577,0.250474232322368
0.1782964687662498,0.0960747413810568
0.24981198405257085,0.407571716669404
0.45562832244257206,0.066651815244272
0.09526653680810097,0.0081795774848175
0.05379820613122544,0.492692017287843
0.4748386376588393,0.209365745728209
0.024386823959694343,0.0587403152752107
0.0903611016208105,0.0693077815847598
0.1526773859950218,0.0226446666913841
0.031217442348130394,0.186906786574042
0.002121936031279784,0.223677639253721
0.11489255425241093,0.612387723208384
0.17786337455525067,0.100509768123831
0.044533130248198376,0.179007684277657
0.2051598744504798,0.153559716841175
0.9416154834482725,0.021236189932442
0.1629945797425341,0.0746763160068036
0.04276462542082201,0.0433281393235745
0.1483742131603076,0.0960381868446075
0.311032801384161,0.147877071251998
0.29867143641695343,0.176732205335705
0.20539859844330635,0.26054467093743
0.15754677799719852,0.376310213944166
0.09648068633683453,0.0823834192119717
0.322311313897635,0.0657945746089971
0.503529586818853,0.120818547957654
0.2642749153354096,0.0101842768644028
0.6280882437033888,0.239177359576275
0.3180566066438373,0.551484952193273
0.02002218822208773,0.0240033248787766
0.39913187910015374,0.0861836395602406
0.0033594897092991166,0.130887732799622
0.09024033157521444,0.317409634386556
0.18838710060359576,0.435018676559953
0.04743618289378815,0.1084169791755
0.017109082864455446,0.109004526655561
0.45776126878040263,0.0261433916767936
0.2250744473682344,0.317424567378746
0.3448715172910117,0.0175706430719918
0.27819111276254416,0.014470609129964
0.06953592509165087,0.058178097055413
0.05426043668328864,0.231608841633255
0.4321162046929524,0.219870197014099
0.33940431574787383,0.0919717001341915
0.010053857933090372,0.136482150503278
0.17233007475152898,0.0258198400889381
0.0004564277913416202,0.160509717439422
0.03987678431862375,0.119214046152796
0.007085447886417414,0.469717503785827
0.0377111140619969,0.178713196813454
0.404160339569728,0.137852750085415
0.06276636324529002,0.512786642490828
0.6363612629297012,0.176125112279003
0.3684612856563515,0.0137495838275853
0.24436507028947863,0.111801614025768
0.05990941573273766,0.681631142668951
0.06401753762070557,0.0371037564710774
0.1415161499806096,0.125215216004147
0.3066965233150676,0.130330433033233
0.3382841385181065,0.131007490178966
0.11516063731206959,0.224614794994448
0.13609614671091919,0.182806442809948
0.27211949758615195,0.0227059730886101
0.0610737220862102,0.571392295301745
0.35778547466498734,0.252285755822787
0.0952165640071376,0.174062511562945
0.396326319428033,0.15331718646554
0.2505832073385436,0.183012878207731
0.05125076714186908,0.422335755121184
0.16703981123911127,0.123919620878693
0.5306973609118328,0.117738543561878
0.43044139287843025,0.032854991583608
0.16415779798871954,0.0694526825295319
0.2392930928693642,0.0357998511909297
0.19633505183813713,0.113746644626479
0.22918929729196716,0.316717226609745
0.2271375927881844,0.0652506383255086
0.018388014315613283,0.0984281113127268
0.32207145145675997,0.164486374752762
0.25226866124411157,0.0818871799736841
0.22188543689317244,0.105144676593233
0.19026603876200635,0.291099148718761
0.006834346775484527,0.0255200443159054
0.0017523412900139286,0.224943967947513
0.12588555196855597,0.0530126900363874
0.04571821047889813,0.588591820537558
0.07317309465981404,0.00626250965826718
0.29590059254714385,0.121155116587103
0.04517200314208912,0.093917987814576
0.4100492752847854,0.0357680333497354
0.3813616070447873,0.266252930495065
0.10429228054418326,0.202889459714684
0.019858507137347492,0.15429822645986
0.5346948042925102,0.200403028627951
0.08986113247613636,0.52375908096061
0.2851159493129662,0.14983756732495
0.43046643819020863,0.140106588772046
0.19091494270206194,0.147291827202032
0.28243942556216767,0.16786603862802
0.03129127463908082,0.0720414962312742
0.028788017203611727,0.0639545379456247
0.0071661638115281595,0.0862271674618202
0.3352434666665853,0.325897815044444
0.3610906709516832,0.0419677460475111
0.19547824704842,0.412490574262781
0.01688295128996393,0.146234392426019
0.13983939673422155,0.137317819548479
0.09762525464265273,0.124542276582995
0.04758160132318015,0.120614515238495
0.21645364723434743,0.0578066935848593
0.06873177840080358,0.0325858382448008
0.47718532924360735,0.0493101461840851
0.03838387299146624,0.23301761540062
0.341322484901228,0.529491476141065
0.2998182601248356,0.496132712769925
0.5069942987235575,0.104609309297347
0.32003944019909414,0.175358615615117
0.05185713768917048,0.235817869803076
0.18525571842008412,0.632494908908805
0.011190946856398553,0.0994562981371745
0.0240217935035562,0.612359380536058
0.21261117091799003,0.351763547234726
0.5112917853004395,0.120678740999907
0.22427056644773855,0.107312610409529
0.25107879532663024,0.0843474521001097
0.3154428970834201,0.07465552612774
0.6027286367581379,0.0336449639294893
0.13204871176981195,0.213744018856735
0.694358323270774,0.172225551636912
0.19535240274503884,0.0281330288677354
0.1107251265501171,0.0193612729241821
0.5082308480017962,0.0531602514532738
0.07359785061589967,0.257867251422835
0.014947641609810564,0.265722942117605
0.08066588089528673,0.134493239120377
0.5075993959368776,0.273369989139237
0.12812124136012276,0.0262860534115922
0.0696231084529179,0.0855772475220008
0.09376611363515762,0.0185335960355404
0.05886964340353957,0.470596187647597
0.10621171095649444,0.146778400142774
0.31053266640446403,0.032541669179588
0.01161904726094438,0.0364058219427101
0.0785767104628265,0.248058332437362
0.4671377888140656,0.012147735595389
0.3806005236265831,0.0044934748681497
0.1933178708230188,0.110798463319666
0.17789744653000544,0.0477118504531979
0.4122581800330906,0.122100142411565
0.1479259148393926,0.122993848880337
0.0829446357179859,0.0955756992959465
0.02873713168160046,0.426681047515904
0.01504354984704394,0.328367288456234
0.04073143340179591,0.0382998633857363
0.29816916274741384,0.0976528965639252
0.24666300219583093,0.0382336171740787
0.1294596828850412,0.0160846063301417
0.6979242971739348,0.0188338346163028
0.1907961604617508,0.176631208176549
0.3188997010689342,0.21043543858112
0.031817924421816815,0.365563830801694
0.1091066561496361,0.146942488890669
0.2451697738654486,0.0366225229402112
0.9701467166783709,0.0197713573123537
0.039574442941401104,0.0693526985708654
0.0700672435463853,0.420670285805304
0.0389124175651055,0.539854072654326
0.16464445732936056,0.125608539735415
0.18246086833382574,0.308007697834164
0.16551959125492327,0.250323206460669
0.16424468157537941,0.0590124808232391
0.07908772476484736,0.223031340217679
0.09613969760525529,0.240511148850425
0.31006143719894763,0.0535078390943756
0.0634883873856065,0.659690236996517
0.2254390975870691,0.423446003760289
0.3365217172734154,0.0587527925261745
0.6143079277549519,0.159675600781468
0.019915189796508793,0.123486584049658
0.022699480736760452,0.0388315404398955
0.034601636860677465,0.366737382509074
0.5245115220413976,0.473235971630992
0.6056219834235028,0.0172025817087755
0.11673521398525831,0.222104280062445
0.10512738611096649,0.472612633669604
0.01820949633502561,0.310405551062533
0.053081531074799425,0.11143036225236
0.24935730328286732,0.0292772726031591
0.12329832965011628,0.100538016318845
0.12762753321308115,0.126320642387879
0.5295202272174372,0.27432644358467
0.2462049559308534,0.190624493962957
0.04111013977503794,0.0229788780406952
0.19556596713233226,0.273882356246118
0.1065245044717883,0.261217737375319
0.2456105518147829,0.112949792417062
0.047141070235585524,0.0600938716478082
0.061347933482440456,0.134913641078639
0.5222604897928059,0.0131858326447963
0.09339487887470173,0.199272715732953
0.022617557151627964,0.211006769604668
0.07460164338412516,0.225883953480647
0.09751683232478668,0.0712888114375513
0.2889641214592724,0.272431209472713
0.2431316005427438,0.0140871496911242
0.3062475803888623,0.5615672180016
0.23934195905888744,0.126478885198589
0.16883469949648727,0.22295880165596
0.19383653082645014,0.335862144350873
0.22872866148794146,0.184718884666586
0.10393203039923998,0.267624449736819
0.47925408276821674,0.0122468186858219
0.5561920044235126,0.0361641948377684
0.0966441434978775,0.0966140324939457
0.07297186994555992,0.0810603642987847
0.1435176526301742,0.294081730550815
0.12612175558567332,0.0444699566181316
0.1453934637567782,0.127728056740155
0.09290386022678053,0.159307054646003
0.7256584099664292,0.185109115098125
0.23608762444513187,0.261368111974284
0.3352187618047727,0.245111572061965
0.26558112613519236,0.156629476497554
0.4381064490948167,0.20547977069484
0.015510141783751642,0.803512976309922
0.06709135015887632,0.0963955977937539
0.5599381804758601,0.201015636813732
0.050294432445848164,0.104434084654334
0.06662830215271406,0.318100705957279
0.21347259347561653,0.0630499692044181
0.2829160966237549,0.180822564819756
0.04979738336070323,0.171655186145255
0.05201934122845833,0.198945028905537
0.2447025509579957,0.0173756890963299
0.16041427896861563,0.0766667214987706
0.8703310296587154,0.0413837710678043
0.17629120894513317,0.0705663975695011
0.16018085187715578,0.174170609859239
0.2735883522548825,0.119401637422497
0.10767813235354103,0.336432250868022
0.020378360535539944,0.367846650567093
0.40168151563780113,0.119464312486591
0.1629693095092692,0.237537756384293
0.13810753160816164,0.554313599613008
0.24009145623654293,0.0243448065750186
0.3008041771177784,0.115178153516012
0.6596626361473308,0.0880465106454881
0.30144042978028696,0.457865740406745
0.7343196395143484,0.0586481362542296
0.003823750637448003,0.0318120929893015
0.13227970174895162,0.111194592407607
0.37308592924076456,0.424070850858775
0.06301301200106514,0.0742958243477055
0.1466119726542354,0.0387926401668967
0.476018640940229,0.0799827426596345
0.05438117703419485,0.572579570622446
0.05971468146285757,0.124816756360554
0.17317799145485288,0.0565751935360291
0.0028983307582379535,0.250546765903422
0.059251918970753194,0.441927994316157
0.2799603491473228,0.0328031451431495
0.23692292790179353,0.021689745098686
0.05922159639166256,0.38415742838977
0.227615402276462,0.319740139852866
0.23327159811650938,0.117991090287358
0.19384043207286666,0.0281646634602317
0.026315257819964254,0.310616120452448
0.04939855192523705,0.0483261105163432
0.08453601427015651,0.0779265369181899
0.01792394000054624,0.179168823261154
0.31142113071624206,0.295344459906791
0.07597652872417196,0.0181802232618432
0.22917590939923005,0.0781109394663739
0.005256047524556937,0.0771789394515443
0.7364649009888077,0.0522309382448554
0.24105501608584917,0.0737090247824176
0.46228217906825464,0.00332602631508988
0.2554837725849981,0.424635514337418
0.31196600970583843,0.165386297481613
0.09552382576757319,0.0851042792444365
0.004715969202216362,0.202713162361676
0.2586259377725142,0.227573718803782
0.06120314369067696,0.160829158609165
0.4270705061573066,0.100516913543212
0.008826359016570615,0.555309771320241
0.07702341693359892,0.0518246308420006
0.034489996621726006,0.0512494202885283
0.01152613793067085,0.192678574324146
0.18008134711749674,0.066093694865657
0.138495273675196,0.293404758560822
0.034958558806303545,0.123194379108609
0.08535144103451422,0.0116703769806549
0.22369536426318865,0.227648424996939
0.6316303960600189,0.172170446147932
0.12012751546422841,0.198970012326423
0.10612324566107226,0.246754686736467
0.3394926710698021,0.264172252136709
0.09835222667990878,0.306625240297731
0.3949417255755787,0.0712678845519301
0.14153706988853446,0.385678279686879
0.08190957153061468,0.353401534151278
0.2526305852173417,0.274348218045833
0.004158107460762738,0.267016219137213
0.854255308441897,0.000365771824784316
0.04482049548788014,0.174336546623222
0.1528802931242673,0.2487368785096
0.14677041071373584,0.139434107391183
0.059701815846138484,0.0674611954650271
0.310308750286212,0.439355739867859
0.05387285102631104,0.152715337674444
0.06390555301981256,0.355390829991157
0.148795273277283,0.14921159938652
0.40665104996692986,0.0883039639773399
0.07781963261417661,0.384749148880295
0.0853920841178196,0.08947834392462
0.023213992179995858,0.372038541235886
0.4345626819721939,0.215770412294836
0.07332060990340071,0.243490241137771
0.013205643293247278,0.0221791873140458
0.23245986776022157,0.248620160252439
0.0003548002861469608,0.0295837061985598
0.0040768699611449626,0.233744145015472
0.4427020207607597,0.0439049049923955
0.024079861302213932,0.101380479610332
0.24362059218411103,0.370193436802998
0.3100592426184199,0.00305820823553988
0.3231597062217893,0.171168042061129
0.2116744947384274,0.346444605218229
0.015885643545640583,0.0768049396981245
0.1863776387829854,0.142994908213342
0.005308321644077878,0.11944144055967
0.32242082749865963,0.355645697119698
0.09745117694892567,0.0109107872880456
0.02181569071467152,0.0475539517020703
0.30258804726615457,0.121970963979708
0.026563462607050645,0.0839002967639724
0.10063645205953022,0.202732253554217
0.11294644896049535,0.0430216963934407
0.38970303027937797,0.501885859937062
0.26309379454594173,0.0124379443967635
0.15613798019771113,0.415111709161626
0.34182887555154745,0.0213772810677277
0.04207212716142927,0.448884875742509
0.04886167606575102,0.546736343199015
0.3819887001079524,0.134452817719198
0.04098650309405956,0.091971103721547
0.04402778028014612,0.190922650583309
0.010592259200118213,0.392739471612508
0.03991299208677082,0.083111855856237
0.020976501925258795,0.226681367752567
0.4197596485326309,0.314136659613278
0.08989363817936413,0.20862613879364
0.041706132850749665,0.0573342402644388
0.027236057448964943,0.0832146903509757
0.04590338440159679,0.383211025606021
0.5088659573456588,0.311631248672802
0.2195419185501349,0.0496776062864938
0.28579821866514415,0.605468618016381
0.1874601397048734,0.00688474063566061
0.12148937006613815,0.125939470352854
0.17885979800294666,0.0401983764516772
0.0818370748999257,0.0563482327051407
0.4693722067454016,0.0231460886418302
0.14966461280963478,0.364062062216506
0.2528254929567032,0.365115823655398
0.30071902556849744,0.155840762874721
0.5810109925148682,0.00545376187015521
0.28540781917751845,0.0246858821714296
0.14245058329004975,0.253763318648747
0.03330695671931553,0.358622893916137
0.30682591040464785,0.167402810608155
0.36947444925335826,0.555095224499954
0.009123533014318962,0.855848930903075
0.21799399078184642,0.157522151366739
0.2597840748518198,0.0765746841707954
0.009069250672009161,0.360160028530623
0.03701385190682985,0.281880462110129
0.0715365521625587,0.0855717827738808
0.1571039417981178,0.201445018938817
0.21319723599339216,0.0499488225573457
0.44245187914680956,0.210961469709869
0.16149077256697383,0.764205873764438
0.094281228390699,0.312356565888185
0.07965462956762324,0.104673718056218
0.26235713790148596,0.180661671096213
0.3842652193054192,0.126504682386256
0.0858277300864678,0.0126008990480036
0.07009768268679854,0.197090331274039
0.23051003245891652,0.155622792047394
0.35895442102327046,0.0655835601877001
0.18209716489579444,0.430107666564307
0.01374932075976346,0.102907118796819
0.09371584929905204,0.0897439916306533
0.02871481275595024,0.12587060258317
0.5016559036243255,5.03951117886238e-5
0.11407346719569546,0.248548002317174
0.0008662871241813027,0.0895278890440982
0.31024580352615405,0.303569919500525
0.41561046615460523,0.0792276369377695
0.08754271765941207,0.0274851469253922
0.040014509203727844,0.197871184018657
0.2983468714606042,0.244372176407404
0.11395055612572805,0.0244594228253505
0.4472099021145433,0.174795928548688
0.7883701723797214,0.161392488401143
0.11289111189504315,0.138127329839783
0.6117545394613266,0.00371888472241991
0.12690074200839405,0.0889447826605911
0.08559380359449494,0.430088624288711
0.011742544577628534,0.186083822351063
0.07815425786886734,0.163320745160168
0.21125670849398664,0.0349583975826532
0.47238564948262657,0.0182659813696735
0.656967378136186,0.100738871652836
0.4804103397647404,0.194897248628201
0.27403058477021697,0.285833955917221
0.10592164500145464,0.128422569100059
0.3583024818304148,0.33660271601025
0.7529703522572676,0.0394180931112862
0.013265794330138806,0.00483896796732614
0.12318156782435384,0.220687086325448
0.16771530492748177,0.222644285765336
0.07911577248863749,0.155124242141583
0.14118620653526148,0.269549705456149
0.06700867558500952,0.0184735935387427
0.06415466560168691,0.0812264999782128
0.5809305900857218,0.262719480944852
0.4370909032534725,0.0315259340250711
0.17550884555542984,0.296487355069761
0.05270326324644484,0.119806289691361
0.1507305813641134,0.0634672319687966
0.08026511928511909,0.274590593130672
0.029150523643707304,0.00652467107764584
0.022848341107727387,0.299739372639299
0.16685452317621746,0.365629078110405
0.11605720651730952,0.038036937318938
0.5114128680729069,0.452592578556362
0.3385560040673742,0.130077710541286
0.1122191950558524,0.0512307388029084
0.08890794674248433,0.0292506832534144
0.09448248133804701,0.205935259046844
0.13231961497920802,0.106784867013158
0.3027845701233212,0.13573108752187
0.2458407650075212,0.228985269086346
0.029874028389285195,0.517578859965029
0.09413271276726405,0.740794152240262
0.41962536411366225,0.0095724205774917
0.6777393119679329,0.109584440745706
0.2209831397686542,0.0687449641140617
0.03837257974260686,0.529835918110011
0.06068376399114423,0.0162002255039202
0.18826057360378826,0.264907637204906
0.07074494855260312,0.0440919748639626
0.0524249964050664,0.205575215034287
0.24839161805914398,0.143211520540358
0.34375504801515444,0.14825427571481
0.0560426532364855,0.594007620993076
0.10542229399541829,0.23543021408427
0.38303096493831856,0.158049182594904
0.08966244971419499,0.0817745107912288
0.06651107503099143,0.457484487196834
0.18080132552338748,0.0535702408415182
0.0386474846172118,0.566429719768857
0.190111457404374,0.227534380792709
0.13556823506293736,0.233136528128108
0.09418971948257149,0.0361264645077674
0.3230564354097223,0.0513157603377156
0.05280346899832593,0.299021068558591
0.6068278545094942,0.0571356028594021
0.1335645120809364,0.187306106095016
0.0879125334458228,0.147899182308886
0.5859427980706113,0.142535508182891
0.3876205879010299,0.44580327828699
0.3584351269769495,0.289622553918511
0.05903004022130454,0.135205670267263
0.1712618186962355,0.175871276983668
0.1452895374112626,0.0457596857379686
0.0068472154993322,0.0225402602962659
0.6102228997797358,0.0314481289060367
0.3447054641222343,0.129302147954684
0.19063782683509356,0.19681469029278
0.0915091538939595,0.892178481272567
0.505275690433324,0.215674467783912
0.08528831670265,0.807063524638093
0.351508276891068,0.267539706704265
0.22462224159891123,0.636029252760655
0.4400793090519877,0.158380733377291
0.04788367464746508,0.188330889419728
0.06953086362644918,0.353470637760478
0.302315218552505,0.011083430261718
0.030828050560980355,0.226257565927732
0.34558060566286086,0.150317692139001
0.05813273559034715,0.579197435624539
0.19245014235414068,0.0917419227402841
0.38567552205160943,0.568040936447105
0.2530440189700969,0.294619039813987
0.1294249705937125,0.0264388095715146
0.055758276936033954,0.0940330278946396
0.12028377798539075,0.34445416659079
0.050289722732803875,0.00543320364830105
0.12315003254848803,0.0253386818681213
0.013411597750646147,0.0664244694117227
0.018307583368385116,0.602661191624934
0.033143283380817457,0.143950417658915
0.433249245684062,0.266469189214046
0.13741123083764753,0.112114934344541
0.04801381861513821,0.192707862915222
0.3087867118111014,0.0761534502860779
0.3404927671623767,0.607658959930284
0.18066578302463365,0.178944504396718
0.039743706611727214,0.141717678118996
0.5711808507117243,0.00487845998711672
0.5501789365730142,0.0146981806948917
0.38665921577195267,0.0870223283221783
0.020296212324514038,0.0722067073729483
0.4992643716815767,0.0956487997813593
0.1444334627200021,0.03471765466457
0.5247482377660767,0.224292010069271
0.07700285952324035,0.332078372370099
0.21543630643828993,0.481648841231354
0.026453452151831404,0.0944440392729886
0.0019019126660530575,0.00753852853952069
0.43969951578204414,0.081096177095812
0.05124991179727279,0.00462510189269092
0.6244266064686823,0.0256394163429589
0.08128563935285092,0.723266407856264
0.14575954113573195,0.00788284833476731
0.14819795052091272,0.702523509190481
0.3949182890594487,0.106889090350404
0.13065850329738748,0.295184427814273
0.13995350666439793,0.00755414656367871
0.29416690958282166,0.0106111718833727
0.4208244868085581,0.0141219785784222
0.057712900997477085,0.352636351563882
0.03634125789918586,0.180120812947723
0.0765179545990326,0.0432092129550197
0.08406074335199029,0.252800892437175
0.00029128120707455624,0.227066563774391
0.4723956467241152,0.0616550908386942
0.030160702537782424,0.267198371136216
0.4621764959409054,0.210412455786407
0.03180278406448165,0.076036670770153
0.1407430592481809,0.686645266569739
0.4791799525113192,0.0543542366940628
0.2072224410347998,0.222043458798889
0.7168870482797688,0.0888273807936136
0.024529390029294575,0.104583360367316
0.13928134450831556,0.385784026402493
0.12361619849364595,0.0925830425204968
0.07050488962632363,0.0943779619772454
0.09534924025147044,0.382173411020004
0.014408890543659776,0.161446336559018
0.1257525350581603,0.131359210391405
0.022475364307594264,0.0990911433220042
0.07688628475890229,0.215128384996768
0.012915568184691206,0.196618829326382
0.16557641607873663,0.31604244512144
0.48717067063845143,0.392831123465725
0.33058443576184643,0.286736832101349
0.1684362212971648,0.185226514527074
0.36646099401949545,0.363393459083679
0.37097217684575456,0.227106585982653
0.5472251546875847,0.0086900722481143
0.25678468936309723,0.349733764560834
0.2071373288602362,0.123106090213405
0.2084967994478882,0.0195744581458597
0.09873796625001635,0.204021465432011
0.27033344152390093,0.0733614564000138
0.15869194937948766,0.224212767538597
0.39950253988921264,0.0256584735435637
0.1168632821432046,0.291616973442771
0.10625768411083553,0.171146035401027
0.12103315508494977,0.318425596708838
0.017035118539587245,0.422212074706076
0.201601983333971,0.0687326221473391
0.5889609545023805,0.131581125155298
0.16781496244485802,0.0732351635794415
0.6616254769691242,0.0175084637635086
0.26074673314063035,0.364886173734583
0.1536472663324127,0.0328247797712248
0.45815541151098443,0.0998783350976748
0.08531433779583557,0.0830264932350252
0.018991844318622237,0.63707212536456
0.15813053960147758,0.475683937813914
0.20722333856704,0.549128331628364
0.04609213422210289,0.326000143576802
0.052169257756470445,0.241603534853263
0.06940410596635199,0.35505049477746
0.1563475095078531,0.392106735080685
0.16485559704861968,0.00599380550805448
0.12558172177718016,0.341119821729707
0.0409257392934932,0.0123926470673286
0.4476666816077722,0.29702711532238
0.0686905847535044,0.156185512213719
0.17443094364521358,0.288895264193835
0.15213077303067205,0.0725172430511896
0.1575371174491705,0.150445077493496
0.4182803805252398,0.22787003601726
0.01605232972434234,0.235405542222801
0.12059077479475065,0.341182928567238
0.10693396299458112,0.606295309701973
0.5815571218591205,0.143247713702991
0.34362594545657094,0.132783246665848
0.41284383818080606,0.573486030485438
0.041222363700959296,0.0308393597800377
0.2827593618247995,0.246123536077137
0.3734428953479121,0.362673721819203
0.11646122374057177,0.526488356494333
0.11956461396676815,0.0283484444864469
0.061580020524738974,0.121894545483213
0.08719049801028107,0.196738775549561
0.0794624778441926,0.190771069976386
0.20488597244355122,0.146201901346999
0.05294204951222555,0.0528410532022356
0.01616769976139511,0.282890946625843
0.06311837542847698,0.0911329273026727
0.23294564767583387,0.503330671595198
0.36375959028721355,0.212691596206446
0.12510923560306533,0.332281958829995
0.08540910222041932,0.0890457565853918
0.07551275108559974,0.0436888846748279
0.03258874536952488,0.831254071257047
0.09477479316643153,0.199362171502178
0.11787427806478995,0.0702168926169506
0.0646947818721068,0.437084324882784
0.3506734724657325,0.0749818032487453
0.1473468356732919,0.0997260482430594
0.24214145942943965,0.464360607760781
0.2713413210726147,0.0148582349180409
0.2265789742108002,0.0850116295716873
0.09046424894547414,0.444875497907427
0.4111126573271304,0.0579026947725515
0.38847723215638336,0.00207766077448229
0.3250396581057325,0.146203222185792
0.1414862585723936,0.156758578373729
0.15149272853927315,0.351610725775875
0.289413908129685,0.18845514665279
0.45366263926542477,0.177505915671619
0.027467514639926978,0.110805710814726
0.04659318798125321,0.18443994034566
0.12392349604792728,0.125743713127997
0.0021511552670728244,0.783515757679676
0.4928785233617343,0.243836524218498
0.08738067470052668,0.0333836543229251
0.22434101758874628,0.00257184610914223
0.060681358566695605,0.286661115635524
0.07721468014885513,0.169708649796599
0.005712178174053959,0.118765743176306
0.17108495230976878,0.307437673597818
0.04167895715586298,0.406716603033089
0.17644113265012118,0.00691053724552619
0.24107896865690243,0.0603077557142694
0.4138160470985836,0.180602158624648
0.33522263417732184,0.470547320026797
0.10875106543131396,0.491219855484678
0.19563791610521375,0.090188479411962
0.8179731003480999,0.0707436429648566
0.08271342054842729,0.233453828504297
0.39192634159475487,0.118707765319166
0.27463484314391345,0.135363150831942
0.03650088344821826,0.346742122658064
0.1505797424769275,0.0720740046748531
0.6331976336129621,0.00782585528922503
0.39369770162920603,0.0701059787199525
0.33424143898811426,0.345597521820562
0.19559441209951484,0.682666400904446
0.14301908669112717,0.168505135826801
0.1509881724776309,0.186741506182399
0.03770454567030097,0.32963105031966
0.036801488302694016,0.368075203165069
0.22696003780862903,0.219514854388035
0.17609604164927992,0.308559765255228
0.11626736181531624,0.0912970163001899
0.25246442761222276,0.100182124677082
0.19043424065206419,0.367439705781233
0.44956877204548573,0.411698692452845
0.011645691534121604,0.0712717803014508
0.3204909128259607,0.204171420315593
0.3563763889156657,0.423362154796133
0.21580272335721964,0.304868359372238
0.4935212646941785,0.145634792410241
0.06393382401026274,0.410930381385558
0.3627112274029311,0.0250873571241057
0.3302851138788099,0.0282674548089978
0.053779899883900875,0.365126108620441
0.21862688490665116,0.215061859900092
0.6932592784668316,0.216082700273832
0.3889376950540269,0.469936949953964
0.23726337492040817,0.0797527367902459
0.3617385751578505,0.146410892382539
0.284634409429417,0.171388002422787
0.27302488182319945,0.00519279487424595
0.586298791093728,0.258132549973684
0.06689287112698176,0.0723599588463859
0.3600119031590891,0.121371917163888
0.19743610114125693,0.0468233739860803
0.04038995818968053,0.0198707003324124
0.15751077112472603,0.392043403924028
0.1893152063644248,0.452125612682633
0.0070397461463137315,0.0616541034919934
0.4009450617076434,0.139111758891277
0.1727267915976405,0.0435001589821707
0.18578493931079393,0.29359245936522
0.4950239014068727,0.401556152477122
0.17513415461709492,0.0491308883016093
0.44419489890624214,0.186200465855282
0.33428429887507016,0.219728816186177
0.15273813156048652,0.708117768631504
0.09551528899364346,0.0903675056131502
0.04242862971122591,0.283778501928179
0.1606762791377925,0.0657274160733268
0.00838891353111524,0.15656715280034
0.21783542853893553,0.226227379752963
0.09075911291463218,0.194773501800373
0.09293012747106125,0.0910387979713694
0.08671234566608747,0.305299850978226
0.05910190815105811,0.211455123733618
0.3194949697308946,0.0683883237233099
0.015465688451873925,0.0192366339216093
0.424539147399969,0.0181979023883326
0.2497644641169293,0.0145400045358656
0.3591063794295198,0.034937538884984
0.13152957131505855,0.163673066174999
0.3713096029507457,0.35123064285967
0.0934415343288473,0.0802497407097364
0.07808629671316013,0.0228548702549628
0.17406794997870423,0.149626305573672
0.5805702353269943,0.317365291667971
0.25101311473522525,0.295588194300168
0.09435366707772823,0.0244475295569958
0.10773446625711494,0.308794883819027
0.00767419773451874,0.446663149677187
0.24153882770265725,0.149079880349691
0.03074911131306034,0.392853953818713
0.03997664290450819,0.092681557652203
0.22260902662675103,0.34079658427266
0.048164434304696656,0.304995256083674
0.5712893802132978,0.023720506414838
0.38884532288317963,0.100257756798019
0.16282117099669188,0.131332498519246
0.0863316902512226,0.0583611498924448
0.6107058644012845,0.205422226023053
0.17917733195628172,0.0982163715072216
0.1415785867819573,0.0280277190238914
0.15546504846383447,0.0269518981362654
0.36168488483467887,0.422429940956674
0.024253281741354576,0.222719107939965
0.046302652459754706,0.314829816589863
0.1154154384650814,0.012807042038293
0.10369645007320613,0.235540595966921
0.12980743952366397,0.280542963609367
0.005645386604668199,0.0198387287709689
0.04441126631174772,0.286261389698729
0.24813647286189514,0.443549329397866
0.24347306511400071,0.157881964884846
0.35848128021871783,0.307076230932342
0.053084583873430784,0.650955393482284
0.21725248015947307,0.156103819193454
0.2352950434710471,0.191277841839069
0.7697796093457769,0.223231679626593
0.1523607936591819,0.0554341041875415
0.13792076464933575,0.209674809404611
0.3855386528215311,0.092476852434393
0.07706721200908444,0.0956438617957066
0.7937660953275469,0.0264642736596417
0.07853380935630766,0.280364491395645
0.0042246625126416415,0.0944629427791557
0.34669136694018443,0.391461475021789
0.02708121670508236,0.0564844448552339
0.31905643842056214,0.0631055417181849
0.25928924306570783,0.137374418320875
0.24338566093449435,0.227686796729423
0.26020225292446,0.477127647508476
0.218079652423131,0.142853299043619
0.011973105946659337,0.143343816080423
0.07272248490303838,0.128044711279474
0.1146171736027117,0.026680953888734
0.07536815349526563,0.28232876257609
0.027367426553185227,0.606955222709408
0.006651383961880365,0.163066327582271
0.016654546864177253,0.0758514210765772
0.008060225178471983,0.424818923685932
0.04092920066721692,0.43638759626101
0.1642968392260499,0.79894368969179
0.355985052033076,0.0779032680493139
0.34453309740815996,0.131218598594406
0.0783460055455713,0.262564809716454
0.11553570406021464,0.0188719514977095
0.030923275800710432,0.290195445295186
0.34761759315750473,0.0958467261091195
0.018341266124023304,0.122389411864459
0.4862840481133269,0.141284166696152
0.016618670677188464,0.36596253190987
0.16695322690729866,0.0444989242105723
0.3243461855994951,0.101562518876562
0.06035987337284722,0.0661432847942866
0.5839261442909086,0.0820736044496902
0.14773096815282538,0.0394070618174496
0.09225729993395054,0.0486912092723084
0.04046334733019322,0.220963958588493
0.09555510185031904,0.130043993320973
0.179904985287378,0.0583886321864096
0.2151686288908859,0.366033670807929
0.07771550388540202,0.147967902906283
0.3539155021328798,0.182903410420284
0.05449921702402386,0.28234170744896
0.17065244843487173,0.139300004850527
0.49428419751773756,0.0181556136970289
0.11251982604522046,0.00901000435511119
0.007983521255281142,0.0917609504890868
0.18455006121781747,0.116036916307067
0.48835142145390253,0.0280313983989799
0.09309889931745191,0.368455668690732
0.020222621149985087,0.581473642236888
0.06418319540804303,0.314516947841939
0.03419729812647516,0.183004582341117
0.2280624019487389,0.349101648511451
0.026067625604232637,0.353831820384942
0.22274547172709794,0.0206898147772278
0.520265777925249,0.337744074034513
0.20333194980709413,0.575396908575723
0.039104795329341115,0.0937908813585627
0.5262638305584855,0.0744164501600828
0.402346816513271,0.0141373658048056
0.5458191788757262,0.022009774025085
0.0094420314523745,0.335778833255077
0.10211843884861338,0.000595945430472984
0.20228142868148144,0.00943278114504144
0.009069708092955295,0.0274637464757115
0.03697668698473654,0.449374235273117
0.31721792234065815,0.0374864915873937
0.7429138339875302,0.0735400785187185
0.16898666350627697,0.0246405103903463
0.12093753318127225,0.074565440307976
0.0899217107344334,0.0431355509281366
0.23977789259412327,0.203046532395835
0.17633939046923996,0.181826217014575
0.35362122664403106,0.36687056401499
0.1671629479466038,0.585508731108049
0.04347457455880883,0.0474155567247046
0.25426260971074566,0.116199713802735
0.4135564364352896,0.485341353126859
0.023490814339822228,0.0169403079274055
0.24251814719577852,0.199578695262432
0.12864904597950033,0.222923938708887
0.07452783100934224,0.125649186802301
0.03155698545342094,0.20908039463644
0.05693470329180323,0.153974323024624
0.04789228026576204,0.280488504516811
0.028657137988677563,0.133607625562999
0.5049198502546984,0.471701113770669
0.3275752722020418,0.255155318446565
0.01853347830638706,0.290170660900416
0.15956114805399124,0.195133614105186
0.2676062984183908,0.0195728142518012
0.04598220482714921,0.00703124951825316
0.12541058587786577,0.0677870817281424
0.38896081215893247,0.188824317097338
0.20481259176209374,0.332653110469602
0.07631412046177301,0.379087201950459
0.15645789470360527,0.117243313639547
0.0241659023194727,0.0817236801747455
0.15946963655831883,0.0879065339151689
0.12196496590066024,0.213874169343149
0.15895449159698263,0.705463242697562
0.49836036563925196,0.0315636876208111
0.011636756440163333,0.101331245984715
0.018266640081986224,0.674572354996062
0.14779880779214644,0.415346677753827
0.1460777259892946,0.326099335128386
0.03193344661322008,0.211318758289326
0.05534485975378698,0.00898204126079816
0.19161717567975842,0.162845994654802
0.23426705353698724,0.101540531465993
0.27448010335247147,0.157193424661245
0.11874460066953026,0.26472143105212
0.17395254196247087,0.219729668833766
2.11644893358779e-05,0.229164710631902
0.3058602040168732,0.34601860448688
0.36442929408624974,0.39946600839477
0.07568504212481388,0.25165061218811
0.16505427034941292,0.129394016075432
0.06667364136232179,0.104405805311306
0.0553448227865839,0.175680404672049
0.5079886157042937,0.233990234858884
0.22423987714967808,0.318840219465699
0.11659339719543736,0.0664725971980606
0.04437792057670847,0.19193952078482
0.016112439872429458,0.0705426531989866
0.17059414677348125,0.064026246435569
0.05573257564851551,0.107269707003103
0.27684427225460967,0.320208878833912
0.25658539322640195,0.0130378923450082
0.2695192407591382,0.303746926689626
0.5334236546725971,0.110611764679205
0.43659473558297734,0.129510547641041
0.24812174546292487,0.290296434183637
0.18062694672966131,0.20138910262085
0.16311685086279512,0.0961427141742708
0.20130814174476377,0.593393859735572
0.16673380855853126,0.026321628995904
0.04462321654237108,0.0928848324088508
0.18829330173607423,0.0503112548246744
0.03760371096552389,0.0415169094428356
0.04623088074164954,0.246929127646683
0.44482979953771085,0.00135054194443743
0.0673113069788411,0.028665601885294
0.14378615379320664,0.00268396071337907
0.2436931250823743,0.311772176594049
0.06715096241305601,0.431252355358675
0.10609356660072748,0.253893919197262
0.06522214017924277,0.122378568536457
0.2177888746775421,0.0203686609182819
0.030699591836622693,0.0731300680004164
0.1854757400933891,0.105226710811276
0.15850948213110816,0.0264859239424527
0.1428001579713885,0.074125945048426
0.15046335662010757,0.151945669153909
0.28345763995573453,0.158820253473304
0.3201328608691403,0.0631710265979887
0.33271060865534974,0.352767298427785
0.2723316581404861,0.141595775744816
0.18610938924116546,0.321894833541111
0.022021700608418036,0.0834774933329294
0.5681021569914617,0.141121324512296
0.16864908600809062,0.236802981458672
0.1365710812121775,0.377210139635804
0.09927285845050843,0.00582188272020853
0.06702096074920523,0.0590386040287866
0.24086090763396692,0.144316219478991
0.057891789344963356,0.490771795994616
0.18990185825394312,0.0955608109391331
0.06959852698186492,0.103723060963696
0.0743513642314107,0.0934800617804256
0.08473489648993507,0.176265639896595
0.4082181544203526,0.154168302002711
0.313006506439306,0.0957738858997017
0.10107436117098934,0.124790239563794
0.31496892647003444,0.213712811286209
0.29018811973951186,0.676030013134037
0.5438685808711141,0.11782038935421
0.1326954052976996,0.105826792962011
0.058899487580041175,0.106708651852366
0.06772798863440144,0.222957374301382
0.11211840023112374,0.0100306605984952
0.09101000923512964,0.435356087542253
0.4526250132740852,0.0460498059595433
0.14554395255191105,0.107012129673998
0.032189011102994644,0.0603267017030195
0.2776464910568037,0.0415657369429843
0.005381724652393521,0.46527992900377
0.012335276355537907,0.287193664085747
0.03583218908710063,0.126453352456924
0.23759557343381035,0.295588709927208
0.10775522625252319,0.264092726907837
0.08616490027664665,0.0646205036787342
0.15514386130976732,0.154016590819823
0.08364915097947873,0.0659123056735411
0.28968533888665154,0.180585482661765
0.17189413851264845,0.0493988031862471
0.5157646074500871,0.252030682315237
0.16625024072339828,0.113690216645338
0.15719155409648522,0.0978980249848567
0.0150004839043769,0.319253137183718
0.14672642669374159,0.0469120649036965
0.1301132671051506,0.00700092519586808
0.009323976650986061,0.669608371120624
0.0031014456812478385,0.133237132729894
0.20544821052988024,0.187178593178553
0.05068854931610599,0.307921101887797
0.03380106887635931,0.0171403404604215
0.13852882329617916,0.0370044292287996
0.0007492955213435292,0.0891570838153397
0.1556793775814249,0.0801626002017733
0.03372913466222432,0.0182088940192716
0.029731912969858117,0.268770145034376
0.1260636251172234,0.550180296459033
0.007383288819478,0.336209943688426
0.15232497245235851,0.234876458635334
0.17448140241776217,0.104585711528486
0.7346781853494728,0.170217302041824
0.5645498144371331,0.128269514379981
0.06120824172591332,0.342252147923343
0.1810635511264496,0.292667943587615
0.10049322641475499,0.341375129186597
0.14950572961393369,0.0148340670693618
0.05478127536987291,0.340532971822325
0.18469450965995482,0.413025452494849
0.3820269975248132,0.00165528200131399
0.14618344286425677,0.0132119457354677
0.04794828685574921,0.3570638269048
0.5313663975796727,0.16283544693243
0.14077294173623686,0.176995717163281
0.1960279328252759,0.519935101533118
0.10149426441529047,0.0316221358361361
0.05386518849288231,0.179406968932186
0.3419606038023459,0.154973109359724
0.263710400191669,0.106659425322785
0.0903617898463845,0.566754063201045
0.0010300722878963191,0.0675761898191245
0.3134605450089977,0.00372906583983709
0.10005035680564793,0.00145892802694404
0.1659993121224919,0.196805084650173
0.22975068578408206,0.0826942432456854
0.19282642446932552,0.0668837074193813
0.30262929919334713,0.0819451837807739
0.014413260281809457,0.325394567485436
0.2797300239666099,0.100766994324365
0.018677780863941652,0.360216846817756
0.2553168763279898,0.0531780434259246
0.017600803271720675,0.305073418624285
0.07113370874494185,0.0863469418522948
0.1291220151132581,0.00855784151215688
0.06893033269215361,0.0839472347700869
0.08617663555729867,0.340584024207451
0.20277941235625607,0.020752116587802
0.059593396223878776,0.462400456159375
0.11073765300146941,0.177576049614683
0.14243191567476,0.233696822150895
0.32018897769282256,0.246024543177144
0.02908672953586901,0.13353000694394
0.24672605469052467,0.0742683367787531
0.05942651251934066,0.392242154214349
0.20589604833478278,0.243028718736833
0.349658072485706,0.0464639571920834
0.1746358683157887,0.25114808101449
0.23721030191327705,0.196175901072342
0.0198193031208676,0.385327657637551
0.4021778951539194,0.0688505658827074
0.5888695954122525,0.0509385158258172
0.21470976340580264,0.10475579208058
0.39380133719841603,0.10638607041134
0.3185840412676366,0.0234352216699486
0.09546496817530999,0.156461805263845
0.09532128063601307,0.230193172798324
0.2649220785424124,0.237726066039034
0.05504580338479751,0.448565158172117
0.21932064166273216,0.234136929572892
0.2260898575053715,0.561165896876683
0.26046024033634907,0.00130244327721603
0.07749513628952304,0.0716183357210116
0.22204521965660862,0.14231828830152
0.021791390778974296,0.886682979860202
0.11275155545843345,0.028264680797456
0.17808280407953,0.139686426994193
0.011121844415381416,0.0283695968684633
0.08317700179500076,0.173602499069819
0.3591030598846548,0.136624057915284
0.021476850006536867,0.0435031385480859
0.38700022358852515,0.0984160142374782
0.31907512480694694,0.0386090256848066
0.1127606752632007,0.159638987177198
0.4613415155193361,0.175023072649096
0.26822230547942627,0.123061322447899
0.6851149497562296,0.0214708150029087
0.04222233895261604,0.025170490897547
0.24635429674462048,0.167553067235209
0.1732187521620332,0.37755734803547
0.07549168882460322,0.242177791280662
0.24944124902404916,0.57565352742186
0.5318870983989334,0.0504579594677717
0.029919359871773694,0.0299128610838139
0.40153662553258795,0.36529909572865
0.1300423438461862,0.0281333662134751
0.35407135861147404,0.134592331097286
0.0021292876342223982,0.515962046402087
0.04324873980857009,0.453429950664532
0.05487591233607951,0.0283975638992275
0.3731329931999278,0.0451139635552686
0.06041347331983667,0.128881569690862
0.03853477717713089,0.102289721167882
0.09279356851507899,0.356401637207483
0.18517703101481792,0.077726439259042
0.13520158378611163,0.0852611042718544
0.1577440417722188,0.177357125011167
0.05650998574728994,0.0759976924941587
0.3601245120771421,0.0705565879894004
0.3633977894998552,0.0811570520902923
0.4714533012602412,0.012743135620493
0.2830262971119004,0.0651633353522651
0.23938477051635423,0.110348572743407
0.07788294430869404,0.270128112022611
0.17447095350010258,0.27052069311466
0.4234603576795741,0.0564336708589528
0.023312675883514117,0.0430218945802872
0.10628234152436923,0.0695536402607379
0.10384627899977165,0.0264897936080762
0.24944040667135856,0.218776360626739
0.17393045389497197,0.14349041631422
0.2444138158565692,0.0558799546010749
0.4580049451814298,0.123716599531279
0.016776919105795002,0.198603372009472
0.24635085919002706,0.169667708321568
0.07109610218620174,0.332460048540486
0.08502340202506684,0.019419391099973
0.19638125907400739,0.101091843496929
0.5562329555082514,0.0595757992696903
0.000728436507621912,0.00415330807614582
0.05945228246425722,0.244392504195459
0.2390997664421846,0.0227252989291763
0.7936530676218059,0.0140702958365873
0.1185254824528101,0.00163153420854796
0.054515317478629984,0.0931334833607405
0.07382302828257772,0.0161224276224892
0.15734680400403342,0.511527626835567
0.11725485198680072,0.189061848990904
0.18859733940211576,0.208557204452675
0.2526118985205857,0.0481299112197961
0.13243271210010532,0.853829046147758
0.022825805922640385,0.0240731939165707
0.6112177492381047,0.340474748470358
0.20697454236564264,0.135455034645215
0.10016942932293636,0.0812804824790799
0.1716642890438406,0.112278619387146
0.3263568103984033,0.324107757700072
0.38916479225811873,0.00865925728715033
0.24600991389289953,0.264879185175433
0.1547960113865313,0.00258432709440064
0.045092996366155755,0.53128874838664
0.08864089455881914,0.0308717851087862
0.08889570140062403,0.0224887082796051
0.06976934202310936,0.0198477554980917
0.2764615876234152,0.100284265379535
0.24597204012741014,0.604528856001853
0.5563985686128555,0.208966242467367
0.01647276279658358,0.0809535250410181
0.5945616543749594,0.357777700722013
0.09783251354140919,0.0170691936980771
0.12955446696697193,0.0214663417949847
0.08079512891954359,0.0557361446983382
0.08800956020204853,0.24886580209889
0.31011406052415014,0.0496410090443646
0.10869513223679743,0.00768805766949499
0.282312459175567,0.0841520570649141
0.07022811348383157,0.262832669864549
0.21009492652119632,0.0679982502831955
0.05238393859813851,0.121437070369185
0.20949004608139854,0.342088700745143
0.30766192193332187,0.0458596140771628
0.5250067518716135,0.248776379709271
0.4528188049042051,0.0406025901537552
0.7700636789390185,0.0687472525521608
0.026762579199713317,0.245555835281172
0.22811311655042987,0.0764068195073357
0.1436310432158984,0.282060220394179
0.12212961084872868,0.0593942792545577
0.004227164650469659,0.036454917068026
0.03967466268197725,0.165808862085064
0.08022172472912262,0.0419547152504362
0.5838187866769107,0.240696553391391
0.43493709254769486,0.227678159605089
0.36797712420293005,0.0427108832019385
0.21104005163263395,0.0143862416810076
0.3266610207490472,0.438382823112715
0.0919556845682821,0.47579104376511
0.1911666503899327,0.383503207517314
0.3689014843770211,0.468417075222102
0.13855642604190732,0.637921611585712
0.034626369297968834,0.123929079796821
0.07711556132517157,0.669497998495708
0.18466022696411713,0.229485680013015
0.15095474708242745,0.0108586977663709
0.21079914443745063,0.0222265645628321
0.18568915139526604,0.192743550282109
0.5082070536359107,0.138875823825478
0.017172871732333988,0.00382145803891251
0.1476792366795018,0.263777146948497
0.29721970435588363,0.0127639208204305
0.03141734164967789,0.359069822072129
0.09971216937521213,0.464850884562701
0.20910814452304402,0.0913854173213657
0.03858032319603023,0.416041331411369
0.10357898255211934,0.432841982138475
0.026994416437671177,0.401538509963766
0.2141984885774211,0.0425571764336838
0.054819912989779,0.923156143684518
0.06453270926342682,0.015423198260093
0.3005879912856059,0.043233726832117
0.015467635220196643,0.403963318553576
0.4327887107119429,0.0386488902129812
0.08750083615300937,0.420489524326169
0.1170252812915625,0.139505261620411
0.045430003720872324,0.381819981330751
0.48006223051310193,0.116693470166992
0.4136892053163084,0.196114043710987
0.12314093439958554,0.773542023674793
0.35023305688863443,0.240294283140359
0.059356724502968,0.0836183597924917
0.37255904309250193,0.0299135628886025
0.07849398301066078,0.0496716986578768
0.00029701894109958375,0.0464807220682452
0.1064698984912635,0.0135752934929711
0.4191540404795806,0.186246402918723
0.1900364738896823,0.271182036912083
0.07929857416048428,0.361247917136259
0.6448885069540201,0.179162720796877
0.002910331213653729,0.0218567961697871
0.095133704523653,0.0298566711051005
0.13542586183924066,0.0699742344793539
0.1302039862274652,0.0598072110852444
0.23683863981009312,0.116576629411249
0.20206397895289255,0.262801816980067
0.026120741805511275,0.57688617839119
0.6041897144632362,0.164996605136472
0.10079129031858611,0.0389243458282605
0.18084201728447497,0.0863388013244924
0.05653244101476147,0.519951935314138
0.15015749748871263,0.530326597988306
0.052098517632050034,0.307347187009767
0.04662490526373134,0.295188349420108
0.09213162791699597,0.36348986490446
0.06835152394787386,0.43238674101078
0.11817152642208499,0.225774277684233
0.27803979752368385,0.157759795132207
0.14987516741145912,0.0254166015152882
0.6604265837670429,0.00287585557881407
0.46618174763348713,0.172407854697761
0.1283701634079444,0.0931612728151982
0.24539546064241702,0.182345736703602
0.42914098595146943,0.482658838814869
0.03363445766613004,0.0365441557229641
0.14924418017126426,0.471284089024436
0.039414475240852447,0.00207733321371191
0.02267502558409944,0.22724395720437
0.21885570697313228,0.0362440323949537
0.04566577247692008,0.0134994273586131
0.11584192658393283,0.19688898033045
0.032281480596302065,0.424325641328521
0.11547960595744554,0.155661495395329
0.6467554835461192,0.167307171862039
0.08363951829995046,0.0300380790792922
0.721278363627994,0.0909922557088264
0.10595360225025709,0.183876719417713
0.2879563422131593,0.117994971510856
0.1039845832449427,0.811713802981073
0.765779239178125,0.0326528952794164
0.1922039493274926,0.35272826027879
0.03113758642228983,0.460230400239932
0.04424264508836255,0.316305387393292
0.14317665553635145,0.346710852142574
0.48326449413743366,0.114246581396763
0.046279414949650516,0.0547951226470504
0.6906866954388179,0.0313154496392335
0.11838130172347072,0.12013259718989
0.11191283687466008,0.269821480771749
0.13687922317901985,0.257926446702883
0.029254998957047737,0.4354825281666
0.13739796127807316,0.0757305050173342
0.09031786521261446,0.186470642169196
0.22460312902281496,0.279832467205673
0.025868291680518494,0.12475896270521
0.2766065178701391,0.0827395195877778
0.047029568147164476,0.23566278317086
0.5027121941199302,0.0138404658676144
0.07693452035152867,0.424317201425983
0.0098974676572063,0.0683597697357288
0.006395140811121772,0.177960835642385
0.14975416477739822,0.127636890364693
0.10244491376318533,0.150779140620761
0.05108984116080484,0.108457255437829
0.17862103636004806,0.360562397606258
0.3333424217861318,0.0197709872417145
0.23497508189908195,0.180739675134939
0.24450840454178793,0.0896835892448775
0.04794335966898894,0.107675366596025
0.059487231207655485,0.583749182204243
0.10269545827529526,0.359597128352718
0.12903437821797709,0.110622813152882
0.24807327328169612,0.236645995391302
0.2476317471499759,0.0148562527431575
0.24524497131428438,0.0419930261864743
0.1032920135460885,0.190689867226432
0.4997518054040535,0.186858760622747
0.2777849049258629,0.684627310144609
0.78789723401815,0.0910317011927527
0.08823652392722685,0.336418949096816
0.04477781140047595,0.632485779987923
0.227222665794929,0.327708979129812
0.22588993750992856,0.0921542574753538
0.058776998295782396,0.0951823758077267
0.06623683117639104,0.0131281408444662
0.010904276376611394,0.39536511290765
0.19258464681999973,0.0382649142173741
0.19665767575235574,0.274766232178528
0.059354893059700015,0.437943589513372
0.7236522390743657,0.246956201969322
0.2577076927434822,0.152657458083647
0.257467758854715,0.244882998879504
0.037949203925773486,0.610639898555002
0.11305922925557751,0.579243900667248
0.11425492869674182,0.206700015906137
0.19903350833884687,0.188291820373883
0.1381714596774178,0.0454137466875619
0.468527914435138,0.215487243893753
0.047477875449288304,0.447943038107881
0.322715134816537,0.30008176588648
0.3276498401073261,0.0320934237964172
0.03118394693271035,0.134321196032413
0.23262649518045408,0.209921293504286
0.045700158180899036,0.355295427494989
0.10160269015438264,0.00842721786836408
0.21157476428087318,0.0473784082337462
0.14766679636350663,0.284050493468614
0.014353783796736581,0.0501988458568794
0.019749174594622006,0.1378103899255
0.08765730134582768,0.0241462422816491
0.024334205117800142,0.548007187679835
0.03499494466323069,0.555485181505314
0.15036594460232303,0.0748722257704515
0.11909279380693157,0.46071297949806
0.016751672048728287,0.16778015010162
0.2797918326266885,0.524585508523851
0.08931296018376281,0.280019719759569
0.001783424885670557,0.125746977636275
0.17012985872737393,0.018555237344498
0.19029318363183342,0.698863371078171
0.3024864066624417,0.210741245344752
0.2990796079283486,0.543819978849481
0.022841831801425332,0.179575066702365
0.019701074976017495,0.125253170099034
0.020741476963255057,0.490024611725639
0.08373964275062531,0.0557358836787957
0.49729654172695903,0.400486947990975
0.046027936111785475,0.615205989480279
0.06350270855954494,0.290672811336377
0.1593840725011019,0.20445803290354
0.04681461458209382,0.0700395452964904
0.12658572923362713,0.00286694577147666
0.5322031803157995,0.362314834199906
0.10469525853826603,0.0396720695182422
0.1413834228515574,0.376556195070236
0.22083933917862303,0.24327823257231
0.08706960013089679,0.225130200682329
0.06664733425387545,0.0673780993192242
0.008055248080853474,0.144354953171552
0.1873879269565264,0.302344885940068
0.015830670399857822,0.148501044605115
0.4366673115960747,0.114171602074218
0.12496539118982827,0.352611894429595
0.6351880180799548,0.0316196915822326
0.12556924076782733,0.201749480683368
0.00972630821948211,0.286267866118928
0.4714419869645966,0.196266874337857
0.07425387315796995,0.0780758481984984
0.33402775765957493,0.153337791976001
0.17952687117949445,0.174789625073752
0.22561292625462578,0.1400839723129
0.02542478124636389,0.877861301013314
0.47382168665249286,0.164702848567458
0.06927796259089536,0.642359711348325
0.18853332689080082,0.0965875448511218
0.4253475289254501,0.0418676067822711
0.005029379217103671,0.250113768034289
0.19616645786771894,0.14916698704474
0.1370786388958115,0.0960525666818287
0.1699288403661952,0.126870060299304
0.043081454470716825,0.0851495776417275
0.3461843445130875,0.216874617846317
0.2801240481186137,0.0504705190677118
0.18466588897472688,0.457973110524837
0.2213585172939347,0.758598362723249
0.011575402994630918,0.110613568419638
0.04870235303921875,0.0537710207576174
0.17903385739723332,0.414093948183684
0.06578259259747733,0.263003811517494
0.3440202020698516,0.106597009476607
0.044216913821695895,0.00703660558339616
0.1496490342750431,0.051977776618569
0.487943306769564,0.306206431057936
0.2063689385809427,0.12289496121372
0.043498069922339816,0.245578175927806
0.0804563419417341,0.172032404296295
0.04126194510535196,0.0587819575321333
0.2800095672077596,0.185716544530861
0.03387943006930007,0.104073653343333
0.1514568432836656,0.195815374564613
0.010081188129274839,0.0638112231045345
0.10582089817301792,0.495484694612976
0.017110031415841477,0.842313021072847
0.10060462388101495,0.0154100184660572
0.2062262556543675,0.107458952541412
0.1134792908689985,0.693856851920546
0.2796071037030977,0.256082242969822
0.20712261984912053,0.615419045929796
0.17465551713355243,0.0418540633542049
0.3163725788398382,0.106373911450239
0.05655934838765206,0.26635229453513
0.19608678033156765,0.136556339342097
0.09338268840240564,0.201674672671496
0.4338371414862311,0.0594771583649831
0.23683658561144472,0.0515084011141061
0.730537123103823,0.137627574006861
0.6327482119600111,0.169414614523313
0.3853436586965122,0.0166910281293663
0.5293537628031456,0.0812373562203978
0.1190612484513576,0.183912417283747
0.18651158875019522,0.0401929661180297
0.18326010172605614,0.0168293647010309
0.281946345590886,0.412009122831296
0.6355875150956273,0.0402132399684676
0.22751291099559848,0.0896286352803689
0.4326102784739241,0.186747360399412
0.22936165258417568,0.0526075431367175
0.01775461271150547,0.323032601328301
0.06182588561361637,0.392468152188014
0.0372489515365426,0.415724686987354
0.3148414469746342,0.0642018259270131
0.5157389880522192,0.134918933389257
0.09274858794808136,0.263046374421202
0.12450423910365638,0.502204247666147
0.17265031349922083,0.0100953927537665
0.1924641822440662,0.0160306795692131
0.4401030915875229,0.0116889573706484
0.2037103518448169,0.304251289899683
0.08439694948398734,0.144992358334787
0.061189783864461084,0.0794250743438649
0.04041885353451884,0.300632976684832
0.14709465069995034,0.0409765982088178
0.3128867890687253,0.0524910040192287
0.6601699455831008,0.314698644474345
0.09128459001478213,0.223280551531833
0.16467604970872027,0.280830542550162
0.045782406024279756,0.297916614380219
0.3576537014199043,0.143728153639318
0.05117443633360714,0.485924081010059
0.24623492794035928,0.0248812724902344
0.4778744960618667,0.320936740004158
0.05121761628761967,0.0314370520272298
0.29677170712557693,0.00979232646803904
0.21166876962267253,0.208520107933573
0.21948888502994954,0.472212528649982
0.006941757063064473,0.150246134768674
0.5107303903025219,0.172225521947377
0.14865653670220252,0.0938771225594977
0.20663174613971183,0.024843857620133
0.1469885434935018,0.824741798360545
0.025232290905409068,0.44886116006163
0.05508242063731647,0.156590708456693
0.30676836135112695,0.0240839503082006
0.13810564511086437,0.14653117128016
0.0802855805376019,0.568989239406054
0.11412807985222088,0.564014935448148
0.13862796546197373,0.0980688321823345
0.5039461675341995,0.378949643664946
0.07471813640272336,0.0356633030768868
0.041607001408764166,0.0195222850119805
0.3572019094081346,0.0695742390292692
0.07502925148644571,0.0387308365824473
0.004854911308828298,0.831425816453185
0.15373986194042452,0.319428937145475
0.30481282584395925,0.230737219019593
0.02771032232958223,0.0580347955041197
0.0401888925474999,0.0651856441694799
0.15608744290092388,0.0242529911709118
0.5124301266127957,0.144959260628874
0.06653576457126972,0.485161332838429
0.1018567039564834,0.226605968040802
0.12495531618376937,0.0252218180344022
0.1727617590251206,0.189848165952373
0.26197494360124507,0.0610543604815383
0.01332385396218256,0.31616386634486
0.2380508121397725,0.108842423210429
0.19207518152812586,0.174006988197133
0.1582786394156187,0.173117660918538
0.12438608822348535,0.0234219667685696
0.01911338288299398,0.230628595409564
0.01263588466814644,0.121099310610993
0.10506984264960248,0.307194766951893
0.24548384704789136,0.125574028277496
0.015237419943352985,0.167705509050602
0.11419691413327264,0.136786335951557
0.43483459731042456,0.0149696533420387
0.13895868673009695,0.0470563506252789
0.3649080803063928,0.317959560213271
0.06686595088922824,0.0732790201029275
0.40866399145124704,0.270306799770698
0.160913414692187,0.285165252259235
0.15109367365011192,0.348131006638436
0.000698234236997415,0.0432566541127316
0.4319480637693631,0.23399797287511
0.26107948174098744,0.0693960488554878
0.11985122433741106,0.133005281216287
0.12146287679425467,0.0514138728118572
0.20580025035762844,0.145859032767629
0.021025203937213445,0.391863714931519
0.4451516425047543,0.0093226595640207
0.29818624578507025,0.239760374172928
0.21355326577273442,0.147764965693183
0.23915205743672868,0.251012575335238
0.12207791653927424,0.264427888342282
0.3379680216230833,0.376041928856304
0.5566396123725112,0.241393489367886
0.08439934553582258,0.161056481783785
0.06974807088358391,0.135905634563353
0.0846180410904661,0.560540281121389
0.4300373536899813,0.0861639339528178
0.4284924767134373,0.107287162201704
0.33598089723305785,0.112439480749828
0.09007222991614812,0.0586233995230743
0.09683444070939667,0.222065071577242
0.07414046153196868,0.0100234021807601
0.15036372207974114,0.0177423388716087
0.061376946555952966,0.0380087911798753
0.07087687289238913,0.137385924696385
0.022415658360147143,0.0613839409557165
0.33414065731478865,0.16495971541952
0.3531946806387447,0.419430881411705
0.08309397284973566,0.0529979194108043
0.034292325529333485,0.78278619188185
0.41370634037566256,0.0404240684147621
0.12536927372355036,0.122446721840118
0.042719173975083,0.0849503216083545
0.2713535509887204,0.381331130320753
0.07534629803911475,0.14540338740288
0.08834064174666341,0.0286908241517634
0.36149851841049,0.118256064293925
0.08709778298373422,0.123583877941464
0.273384198991237,0.0706652239587854
0.0006540809657138407,0.0650912003812659
0.2544959791446075,0.553929316667784
0.13039059992902127,0.0413584883069385
0.02673145712249511,0.435671863081366
0.26916043512787585,0.248676501117913
0.1720547471184028,0.138731933092561
0.0042899438009376106,0.538587433700323
0.2704406486334842,0.11574035217794
0.15524913559330203,0.0416821689749774
0.39462742496874365,0.11029332735031
0.007105244034264998,0.185083311804335
0.06648697548882977,0.46116378939883
0.1341446434974343,0.108965329631636
0.015501516644595738,0.54028319629912
0.3315212846900855,0.096713488886539
0.056220442899507804,0.881635094269293
0.02157756020664548,0.430470658952074
0.10738437056214394,0.0383482796413584
0.911913333697274,0.0101425418824386
0.38198930004505655,0.33430064046728
0.22060468737982272,0.0604958549312383
0.25223912063052983,0.233147274418004
0.22072884592349162,0.0475227163269702
0.10496631125882896,0.0217376282167498
0.046723148178217315,0.0513825669773407
0.1717383086014491,0.120214749452917
0.15294717747204764,0.153666305234216
0.16301665605233612,0.169982283464222
0.07924358442749378,0.544113124132526
0.12853364227251582,0.0203576611100822
0.15037506312828008,0.0510660718270285
0.17565207651629144,0.116322680980379
0.005762713942860785,0.137296063863649
0.08891567829007502,0.204283734888478
0.34705595386210314,0.241549344025867
0.15438980142738845,0.561765495537265
0.1262478377666697,0.235858057336691
0.18094574438922478,0.138879751829373
0.41675763617553974,0.162045487359854
0.25826602447299685,0.302041550250895
0.11002295764985938,0.228284077391579
0.11161127044248446,0.367772699305327
0.35114461998934554,0.0433807623224715
0.32930053747159455,0.136333683169904
0.33306249772661833,0.260584857807547
0.25138931523775976,0.154926617688186
0.01699076068190343,0.0727195398833568
0.6743094746860794,0.0459667232597933
0.012702845773275491,0.0390849032721945
0.5697040287474198,0.136318012709375
0.2677879095525888,0.0428801677408691
0.28471346916072404,0.0464841061542911
0.022614275424961684,0.205045528519586
0.014220616514543774,0.144441041804594
0.1928478999513712,0.120993615791401
0.02442093731070903,0.0382065320318066
0.11906059798947179,0.198000456614897
0.10765128322493205,0.0354765644528324
0.1404091377151646,0.224243814348028
0.039378476193103924,0.0573563628730742
0.27822419828906364,0.0357433547524295
0.21147178285016563,0.64706643840657
0.23697539530444522,0.345637441914269
0.44361549799166006,0.0147068715241935
0.5005608278082047,0.4306534025525
0.000745442398200395,0.743908655227282
0.6121105650756731,0.0175798195570344
0.4701976081013247,0.316259943624971
0.18851602435544046,0.109671186517321
0.27741616330087526,0.0978849241418618
0.031075841265138064,0.221620598921515
0.17470938594595764,0.229745661493223
0.5743490168684873,0.267680272435089
0.10416439907419432,0.125922278302431
0.4240854747354179,0.49824180242869
0.030485738859677876,0.0166734462393928
0.23860119547176983,0.116087260006712
0.5472592495941505,0.170490517620398
0.04532718559080171,0.539365326115859
0.42541650409783827,0.207412191118226
0.2187764840992036,0.392389500154967
0.004771615706910231,0.561163971990852
0.17548901263141914,0.616712173868549
0.08641501527390706,0.155088447916064
0.31767216635076545,0.124885577981411
0.10252057590697866,0.262637943158706
0.10051112953352333,0.412073769594912
0.17492281234542628,0.132443426423895
0.22709061995834548,0.174337329070921
0.05259148007757424,0.357490067429178
0.05222225605026484,0.176857716362708
0.3930172712993879,0.186672417279562
0.12680247415202078,0.374549481318208
0.21868572262157676,0.122495595791599
0.03839526568260644,0.0503700284567732
0.11077441074743695,0.126639995173264
0.12520789639815047,0.432391287234387
0.0016575458333751632,0.319616839685735
0.00290126390744564,0.111448054138727
0.06732204708960352,0.837053493922377
0.10757628679266307,0.0642722752346334
0.21139169559375454,0.145369009655597
0.029326043034242508,0.242612619553317
0.09195408000742566,0.183697186167836
0.5007392970647794,0.307469752523378
0.038566635989767874,0.412322142581596
0.05922643952807762,0.0106414245361077
0.06524273483007562,0.0823925171534506
0.30590646298914687,0.145573037764663
0.02390180516518916,0.225516356789477
0.1409106510153783,0.0726796447338107
0.2642923863269744,0.0360609749581806
0.21528516969990968,0.0596888469468855
0.027566995023453455,0.240882590918792
0.01988539409793319,0.082820703883965
0.19342982856454388,0.266015802881144
0.26754346134342327,0.0681339205499132
0.24857931493965368,0.0104272544643737
0.20064625332035468,0.0580866610451864
0.09489824403802764,0.162397109594226
0.024311836812714455,0.399847884595241
0.26861914307150453,0.367826900755957
0.1523839820314259,0.0416705263457045
0.47320339807216766,0.00871145144816541
0.2601579969281944,0.00997748393550064
0.14559377950009056,0.174884117119367
0.0002932644517235242,0.079030165340994
0.05065223780837551,0.161264929271256
0.6140321232358255,0.215649765190885
0.06683110990913901,0.117369418245954
0.019191171287089533,0.0468540528940068
0.018600520387434576,0.405054966740347
0.17044494806463448,0.022065068937789
0.049114757166029574,0.225974094456066
0.013554854267835374,0.632106235944305
0.03301104448118162,0.26446880704763
0.20660933725881325,0.048625324512961
0.8010064368018075,0.00185065446780474
0.10000549974505248,0.592398742696388
0.22402680945048423,0.368330296971138
0.10589234291299432,0.327117263538894
0.23793788551313594,0.206416835019387
0.21334854354535138,0.0548080013307697
0.5813952216556735,0.0749298152982058
0.07566083304032444,0.0383716949656824
0.24141279838957702,0.132829086958435
0.11845624074050294,0.249622460382787
0.2486631361289729,0.25389778521512
0.18113695588852505,0.129038294570218
0.177423333333789,0.0281256202097472
0.1461364868367566,0.10962840792059
0.03958906553869168,0.255125239145497
0.19598190325381204,0.139625255829609
0.20942426538264847,0.23849322474635
0.23031046731325075,0.372011653112416
0.07684221410538652,0.137147554492118
0.4153653629051117,0.229958219781162
0.05512215886918682,0.717452203699354
0.06387773502790678,0.130137221397848
0.16857537011523085,0.445621859070889
0.7441799485662312,0.244916822350992
0.2234719491488836,0.5227425325514
0.2355635829082623,0.344987637268513
0.24224053566754786,0.230288413883902
0.03678275638583067,0.1253084424164
0.27778745029042823,0.0756430972619966
0.41612208424541425,0.109341056249332
0.13010833392077142,0.0563089760718822
0.12696264728557521,0.211875331340269
0.0014346109678453668,0.146751334816166
0.26633307378024595,0.369083314998607
0.16750522034711612,0.144072108616478
0.053152695570906655,0.00448763456152361
0.5226435990708047,0.307161072072376
0.4299855599812813,0.00869817037027145
0.057296674478071054,0.246924821835033
0.36947942547068424,0.0434649587682939
0.0042106505137646365,0.127129387314226
0.02515550088220109,0.336840844024435
0.16030621879851614,0.0827403793676711
0.01613470015040552,0.0777668440815026
0.03498640440536457,0.28093518721039
0.3397527827391419,0.0159732493906981
0.0645110674029573,0.0847507707548082
0.3321188067711548,0.0215172493945945
0.10204047222256124,0.268421734014536
0.06299109698354516,0.0947876421250114
0.3384779484851558,0.0464888213953021
0.12014635118138513,0.29715629998988
0.24380682799990053,0.098787896816421
0.07745306098656664,0.364816698242093
0.3320418958654107,0.393212535010944
0.07229802888037055,0.11140870934803
0.05953515431863187,0.157923987743036
0.17289300333336075,0.0747890986173934
0.20264217339206456,0.00155398959045861
0.1026366359516526,0.872769058277523
0.067540285631242,0.199663849612347
0.24034998388019718,0.10573342575475
0.2556736006173176,0.0430896897890494
0.035275335048510145,0.00318711492906813
0.03740751493986967,0.510790985765403
0.0307134393471217,0.188268221775846
0.011635733386541988,0.632427765540065
0.09731193900593929,0.151663532296278
0.08623908452532811,0.475591949230032
0.13760698084057693,0.0662418855775045
0.4092769354402437,0.095061907639312
0.2032610467350283,0.317096039476044
0.06896250402176726,0.0203197828897943
0.18533246094021608,0.591611489450955
0.10862553921756073,0.213593911084166
0.4259139881108609,0.0568251240444397
0.1053959443305069,0.525538962602879
0.07518726109632698,0.0585850195298575
0.1860260632789016,0.0121009589657151
0.03509266375465911,0.167028917265969
0.12002530906262673,0.141595453399149
0.22643286356632408,0.387239659321162
0.12275276391678044,0.0822215195073379
0.12829316432231655,0.00122638335910337
0.10572582065080778,0.0705229062631269
0.49007115145996477,0.0139270566504198
0.2392458074273685,0.0314043398233506
0.2199597226133633,0.436430302717357
0.27111212976578863,0.152109123256339
0.09882234387077715,0.326026475352936
0.5314018101715073,0.188739460832542
0.1673988588847833,0.279565888194307
0.006203129704591214,0.157438842789413
0.31936364947069995,0.112643404532422
0.18234510692222153,0.0574268507059112
0.2603418772400439,0.642196761235102
0.15761356296643264,0.493012749446299
0.1828500985021827,0.553445039322166
0.19949292862560156,0.323443614702309
0.29083341179733296,0.0435090782167344
0.026784375882481393,0.162461687377642
0.10144110371110598,0.020597582178124
0.15621475483078698,0.0592571106122111
0.09258607985338005,0.432172697623194
0.15504220979487543,0.0888868173711445
0.5628603971519734,0.0158835105346634
0.0878832633091319,0.0860422429476381
0.44344133546777537,0.115359658966495
0.2268340908630881,0.0720808503944693
0.31249196880921765,0.117553758541947
0.1301642111208114,0.216804446618814
0.0499210208609149,0.056461757197418
0.09388561197851118,0.093623171432041
0.3420038368733432,0.0217197599437584
0.18857212496305636,0.105589798347798
0.29004513308159113,0.0246728690187399
0.17905116103319413,0.231336196821625
0.3809092924137861,0.366545654854695
0.324024828432271,0.173780786837342
0.018520773058474212,0.518195430073867
0.3172521889895153,0.137608295296383
0.15669254608287067,0.0733768372766193
0.36587674535986464,0.0689061807859015
0.521508022577246,0.0472756784351536
0.21984552130519283,0.204127122329119
0.0816662627539259,0.241289658369308
0.33332269962602323,0.537452163077426
0.23019699247408487,0.0861588580704619
0.15793709925449517,0.300658706427692
0.21818596520095335,0.330061000033374
0.0014809362991736802,0.936665096980166
0.32987820788830763,0.174121069800515
0.1237228577573389,0.0520080568068015
0.08238282775698938,0.100421690913149
0.03381577336393167,0.151243519221369
0.09358151074503915,0.135340333819617
0.07479575752862362,0.375438990944073
0.10154853305284353,0.195245165267265
0.03583892410562398,0.319673714646385
0.32093306176106307,0.23007658653543
0.0009139416864080875,0.124939417195792
0.8739807435324087,0.0636376805606819
0.1014084409413656,0.172088079985839
0.9380929858768691,0.0588272177011484
0.10581188165273396,0.191388099650277
0.08960676336472453,0.0387130163854368
0.4252469034396547,0.281249890580459
0.19605591257839372,0.0444882129908766
0.21192729284531978,0.234048187239906
0.1785553305715091,0.00791625146861779
0.002210971442691212,0.0461117488898431
0.16196048055357073,0.104964951943246
0.18912534656330948,0.252842756064048
0.6694011296581953,0.111605905086356
0.10446640905127803,0.431047429294276
0.3267325745498042,0.054606803472197
0.04455638399615546,0.103300375967019
0.06713315622356049,0.332343292235953
0.03359244996455313,0.105852236471287
0.04939552448301414,0.502930559161646
0.4828966748173352,0.0369242533126539
0.14539933119002105,0.41897653213519
0.09792201841047735,0.623384638331298
0.36520585057208993,0.162712634296222
0.47027684126435504,0.312631354488763
0.2181372532468838,0.0782438824697592
0.3962767934603263,0.0665871367198442
0.01823222729760814,0.189707513400053
0.40284750932148666,0.138164987463372
0.2776915018498669,0.0133688017372487
0.007964316224285211,0.00690549522901938
0.33238810266745333,0.578204751897158
0.3573996924588683,0.236664825383919
0.14136793132789174,0.165551480579377
0.4032257850612336,0.403495770522217
0.2889723910949357,0.1453435106457
0.15733006424391766,0.352007685524981
0.1023398912352073,0.042510307959165
0.44283638873639525,0.186067080716205
0.7577609148381048,0.157536734753335
0.3740975595351902,0.160016660616527
0.32879144414461775,0.345646108531963
0.7870823648397026,0.140513910726182
0.27045532645818826,0.128505951932472
0.2936911203128534,0.262705994358864
0.4315912022724033,0.0724556103945873
0.08700913202961398,0.0629074405131964
0.2993177045330167,0.354882170761026
0.044937634128086865,0.109443951186954
0.15053560590306364,0.0541859191496543
0.35840919743948013,0.169970264606786
0.06876471221840576,0.0922348917150404
0.7514307973416935,0.0199329969624855
0.05807672991047178,0.0312586431385796
0.35429109770628897,0.522680098324892
0.1500763354273708,0.0680629124663833
0.3256103716750736,0.145064383619758
0.41074803713999936,0.0641623996376733
0.08745779572379872,0.150637238898109
0.07691205842525536,0.0380893684662925
0.03284603125159874,0.0245138674907425
0.09874051553820955,0.44649621919544
0.26552528624491234,0.199148414440147
0.07891877643848053,0.0203220593010277
0.33989730527763434,0.271362639960416
0.31680608284664374,0.2937265853617
0.06429696408205166,0.453853668275681
0.15625074078781223,0.708617694352413
0.14532260670261796,0.0362142475589654
0.023940578460452295,0.124564722457791
0.6430867138921188,0.0131721424063072
0.12212081501448797,0.166545848189091
0.0031424283997032345,0.000178624083439305
0.2581559887261707,0.322073764633382
0.4959988090899978,0.00703261986208582
0.038886452260804824,0.353869768564489
0.06471806173532481,0.151218103540745
0.18191524706936443,0.660129163485461
0.011026454491633243,0.137258981041495
0.11966723332562898,0.179456448379748
0.1569029017322991,0.0690142029230328
0.10474794055712633,0.000488373421313169
0.12445987909887751,0.0648851092668249
0.06702912301138936,0.369667126086862
0.19871159898866556,0.130495182568227
0.07986691350057774,0.0657776157088909
0.15390904833573202,0.307563342772063
0.006697922555350986,0.672375043682186
0.09177849910561851,0.78227972368831
0.05484816794342415,0.124072881912986
0.2539902404810968,0.108616987988393
0.359768247707862,0.0415034322267448
0.2813261498484487,0.533703533996403
0.5183420074858055,0.353382188499076
0.0033705465673525364,0.351518385581947
0.06292181699018501,0.103186172964256
0.08741382208155342,0.00228739477452481
0.15758912678907766,0.0653764621637695
0.46956972978322364,0.465401170152822
0.2871319257414208,0.0386406287002945
0.241885644613588,0.013414854460142
0.020633132464891225,0.238985200395621
0.046573484190807264,0.76464841556433
0.35232701089134205,0.0506304059195044
0.23645853055260052,0.0871038431624632
0.33587388176297683,0.0423281719544212
0.2849209591681876,0.027874310805433
0.3886957241971567,0.129794792674174
0.4442956169219634,0.0953149856484374
0.23467808018237182,0.151703713300652
0.2549425579432919,0.23203846162545
0.05598813410250951,0.0530051017159945
0.12050568535307137,0.20232031990437
0.4038848089974058,0.345271393353897
0.041382268775312016,0.0995919028493897
0.11716335981369982,0.421609925238203
0.6487247039093968,0.136915585797025
0.1692399946428041,0.177374012567958
0.15713129144153207,0.286876939679976
0.2516749033226927,0.458203678675477
0.1872553338131173,0.17682897886836
0.022583582122686435,0.122526769344556
0.06268444248586406,0.146762915085173
0.019883226477126276,0.163043566655136
0.22689153531489126,0.414520126141002
0.056798879239471,0.22939258311775
0.057528568425526255,0.0198026770186368
0.08109523520715448,0.0881016846559175
0.12799029240522627,0.104667014870188
0.39643214695100304,0.122191515964283
0.31200386451872586,0.0580798617160713
0.002860595173826287,0.132378021474055
0.08725715279152395,0.281687168597683
0.20383808834016912,0.072578192830462
0.18740330940380193,0.0588883645855365
0.04095644673811812,0.123219503616996
0.16640613311663327,0.506337722368642
0.15621280504416835,0.0366538274182554
0.367616890703142,0.00275868006871179
0.0605088782450014,0.396866733432156
0.4060488637373358,0.546440059888569
0.04945136532119731,0.0719621049381043
0.15347903003476643,0.30306214116661
0.11411296010646088,0.260900888061668
0.1008271914264321,0.140343374585059
0.004413234428250485,0.0802439783024597
0.18264394685404906,0.0183990588307152
0.06710534660268616,0.117462333815329
0.06946050115227802,0.056426597435325
0.09763658523657424,0.172536761970952
0.25155085557587803,0.135302656871658
0.039201440601431506,0.261226339247945
0.13017148539822426,0.012532736936232
0.17399741742523428,0.0140061451826466
0.2887534446967003,0.109334626300186
0.008544880947578187,0.186494270071966
0.35135550313273567,0.0492434945756622
0.6591970394981209,0.0774075454466647
0.035284184701707896,0.485834830645288
0.017106096135794426,0.764890501190436
0.02291848203491352,0.481391522584102
0.4383840710272968,0.153454833992189
0.48075241643399175,0.0140838223856784
0.4286882615178202,0.121354806617878
0.03775241439739193,0.198195669829173
0.3987409228349511,0.105581467243071
0.15571797732583914,0.357507985489281
0.08788759768507184,0.42574726618514
0.032085783068372946,0.184505930768886
0.6118089571509727,0.162024157368545
0.11916398596574683,0.103741209329793
0.10315038619020857,0.176306526166091
0.36924212879536983,0.142117191449731
0.025264583738052748,0.415934681347158
0.601811577050125,0.0216803968363514
0.8640751594819973,0.0187490793135987
0.43104345779895,0.146941148399322
0.2990322956852605,0.172400280949847
0.16547024836943408,0.450133353813054
0.09427863178516116,0.511463703160741
0.47693899953699215,0.0517196579809958
0.1573906825371279,0.0251225501813514
0.23516581635462086,0.127988586429087
0.06735119572044158,0.103505351852176
0.025583467534440598,0.0787307731892493
0.46304144577155537,0.415964439700006
0.2289995620441886,0.377019580284901
0.4037508711419032,0.22272248325991
0.03173887573443038,0.190778325091306
0.041487992543415196,0.00183617839570308
0.37999029616494584,0.157132051806632
0.15864124858136908,0.198396552066509
0.01511345202605299,0.255370932852
0.37319560966702464,0.0792038863437287
0.20950759654427417,0.0409547561523045
0.3185727995458474,0.427262771149295
0.41538474706215855,0.0571857007772151
0.07878711767117984,0.622111813370788
0.12954228688203567,0.0059835938812605
0.4100685062014459,0.0340556117199754
0.12789748012790406,0.590354201590852
0.0650530927687817,0.367998946269671
0.08822043255012384,0.165005910517794
0.7025371024905361,0.0505455247086143
0.0011245405206617956,0.51501218019331
0.05177766398182437,0.109898193583598
0.25092852032704177,0.273552520661055
0.1165240087591585,0.3019104313519
0.37451964744323685,0.598214701010627
0.13390018168099346,0.189573693644601
0.1775226613771438,0.093937718182851
0.1710506064037481,0.149406517671638
0.3605778119779445,0.260076567450539
0.3131242243141154,0.105332449488969
0.21350589149394497,0.00130923110700286
0.37359398186289133,0.0320877623640799
0.24315983882137,0.0373749456202802
0.21272418810519217,0.0365681419852862
0.6185663079358737,0.128655258526288
0.10879149065815852,0.0457500305519007
0.022899177979332535,0.038710048490334
0.4003511481153961,0.0777159245264485
0.00523272635140779,0.0610099404189341
0.06179229841759078,0.350934416684656
0.37976614710634715,0.163872213280897
0.24716022088255976,0.0691453830724552
0.21565675513240196,0.0290859187839964
0.005981605577898052,0.544426822849249
0.272156061877597,0.218962144079578
0.5379800924940845,0.22042965911176
0.0870642625276465,0.0798850914614858
0.09037750745504908,0.055617837678381
0.10283225387763535,0.081028472224291
0.19270151221862636,0.42258544192031
0.5039041154597003,0.123357790152619
0.014832483399209383,0.175795388976121
0.18349782502465198,0.46672654789567
0.07626518805108964,0.0245451578048537
0.012990981668386322,0.388376623796494
0.5070437223102084,0.392385681494033
0.07814265796223697,0.00467864660365413
0.11335366652071685,0.171356974835992
0.5366395107092122,0.0144095228264921
0.09361052306728798,0.0326425670606352
0.35552788100943805,0.249960385063957
0.1230410862279216,0.301063935024929
0.03233866170915054,0.314304728133652
0.4587146275427463,0.242447859677215
0.08759836914324182,0.0820670072875796
0.16034330660200619,0.309299710512628
0.23507340100404292,0.0395602807096775
0.27546034297622335,0.435158823348163
0.06712403042320114,0.373318297672015
0.052403368124662335,0.315023652927172
0.31136270842816965,0.0870818427443392
0.11564989079149109,0.00816484231049519
0.021496943136641137,0.219421199445097
0.2696196793445816,0.300086477785687
0.09689965820419492,0.593036688857897
0.3542803285460137,0.0581515526046325
0.08556008879174272,0.577777461432228
0.24216323052178879,0.405881150861619
0.32622025954324685,0.046374458894364
0.33165983427398316,0.115898581471597
0.5292940840209471,0.0911713203076894
0.012249486976268289,0.155600732776063
0.16126337029672982,0.184886287172501
0.062265717636165056,0.66325129735703
0.5802406744468598,0.175067966831006
0.26779333877852785,0.00095722713965371
0.14163495154610506,0.367156856690415
0.10644792863370711,0.0598207449509634
0.025694433068336048,0.0418718526487146
0.1360972199177802,0.151385772804091
0.46348518377385967,0.214450380615476
0.03173742529037646,0.426504862136997
0.219023066321019,0.0323551029393829
0.4013759657828017,0.0818898277627303
0.5483027921345808,0.179684763617374
0.13337475191869083,0.147119286346316
0.06009808674567207,0.109339123433174
0.23755124102154931,0.0658067229649845
0.06853464430623413,0.0426304306832246
0.6948962674910888,0.24056720291342
0.1200668348443062,0.141711124899063
0.6527197251042725,0.0202037711248566
0.17199496094634134,0.209741888979497
0.1419234943513581,0.00447126011307453
0.08614078859517135,0.118870364515538
0.060174916303111906,0.112699009686355
0.012693436969906075,0.870572944505515
0.023924211687212205,0.023725493348367
0.23091669158270495,0.27548235482645
0.14762394137736706,0.134548185042184
0.05904284532556778,0.0787841942871907
0.16401438255980175,0.265834014089064
0.14101625232894607,0.356837472161648
0.7661468387043555,0.00356900207307278
0.08071545542358209,0.0502607668736734
0.34005521224149554,0.0266883273782889
0.01094497984144498,0.324425010936425
0.14621434253516877,0.175397476270276
0.023784712486637813,0.167348406176011
0.6145980646895899,0.134529920374553
0.20287540907558485,0.33864004780161
0.06425317951399219,0.178670848083792
0.14314574928796409,0.449456687752761
0.048783942948481616,0.269285052260815
0.3692363967711683,0.24621332248907
0.20474815431276905,0.641909464365662
0.15689845986761994,0.0324666706498647
0.26624326775414725,0.152198285115678
0.09190110414969174,0.0857621020014592
0.06448368374158053,0.0633949134549
0.3649043470094459,0.216784883990198
0.08194292926312871,0.320206133625385
0.19663636216758268,0.134798452959872
0.040416644483149466,0.472663963807676
0.24616347590416032,0.296397860901136
0.25640075083067126,0.0291523309742681
0.30498143693771224,0.0860058922860603
0.1562437578029057,0.411988043623688
0.26208009333396676,0.190285529192331
0.0368635361066525,0.307408860671494
0.3542287932821095,0.362478015286623
0.31434579330302814,0.32582148641391
0.00822117249179579,0.0995089182808052
0.2682877914104264,0.0270849736966429
0.03242194294202883,0.149033587783974
0.42732462961399126,0.0105457247355917
0.19626654188469955,0.162878434056737
0.10452104702358947,0.437473333403519
0.008740844942458427,0.0486341041255606
0.04546888538005086,0.0933505660509291
0.1417961517994392,0.388103581962295
0.45845031686761883,0.372832939478697
0.27944404657106736,0.265646128037723
0.13026992832279183,0.0593356527667961
0.14093570705787464,0.100537998637218
0.24698607545829782,0.0119737657890025
0.5221230775831364,0.176762701295279
0.19283506473111303,0.256336229044786
0.018934766411950237,0.27569523863287
0.04127728395539752,0.029057436184662
0.6047743117643923,0.0218405032584485
0.021282080055475796,0.0446718167412003
0.18745373987933997,0.0978836891634014
0.18382901585502057,0.39318065623074
0.2137886079308405,0.0550469178836836
0.24541576801727158,0.162385808375084
0.0792265460502817,0.0511007708976429
0.5955157965921193,0.0716061923953284
0.17767100029563446,0.377340302631177
0.594604256567702,0.00584858088367096
0.047489021553983234,0.0977929867404854
0.26872341095268126,0.148765095365669
0.26787199240211285,0.674125866047519
0.2857422043943051,0.0255121217780475
0.04421205831273937,0.420591800082227
0.396510033537712,0.129580049112985
0.24764474327291822,0.156791632486268
0.4278251458392109,0.076285969115791
0.08864055933620553,0.0547961043511729
0.008928821883401024,0.0759978242000482
0.08460335303106073,0.412503591865458
0.6582266076363714,0.0708029227978321
0.20455871706392179,0.583151767906796
0.010205841368735485,0.125795565004069
0.1193221288427306,0.322755677266825
0.01951365732036939,0.135002591924164
0.5332658720692904,0.0188627777539796
0.17777116592675987,0.159178979301976
0.1535391199743476,0.323421738119768
0.06199904407149717,0.147291600011267
0.2675994605624035,0.138173489305633
0.1918145989252406,0.00557320335331328
0.03495262453568909,0.00775004600429819
0.0776541933697185,0.0538464937678073
0.2074344203254091,0.457791698395157
0.1509647955089692,0.0141819314717398
0.2505637274034791,0.0381511316808418
0.16045275224672817,0.417051049787577
0.16625935389015595,0.0901621801464843
0.1658152659097636,0.523466282495908
0.12305476612874804,0.0628607213715638
0.019548003492277304,0.212981501149987
0.08277225718512149,0.0801887309774297
0.15345083582744118,0.0831290140460156
0.1299680155581144,0.192779846943968
0.1679173168019648,0.219376824663142
0.10231239345207077,0.363633973022209
0.0047716779179691506,0.0676940373374985
0.1500839694572327,0.0595822507714957
0.11358817157059539,0.0155586140713444
0.0685796186284316,0.128696233458489
0.04060076018421321,0.39021051332394
0.15489888526846984,0.352427069311012
0.015059713909637267,0.201768351477757
0.0092340214667673,0.71586580286061
0.07170874292615279,0.200088051087579
0.2914054220630925,0.199171838940043
0.10444137254099768,0.317526189998297
0.6119742533113416,0.00592372508300826
0.05637561552453211,0.328223083752783
0.11540161755694503,0.139564021476751
0.46208996261860524,0.487748297425228
0.03084317862164308,0.012588304926833
0.5162034651763614,0.0559783636473
0.10004930855672663,0.0373403826621027
0.5975689577266794,0.30870787518424
0.2724082479068074,0.0952080525673431
0.05549628236771586,0.23080003205503
0.40386461232879034,0.0565667373703795
0.6938637830587077,0.030188547075768
0.2063465963525007,0.026027030679299
0.09887889135729813,0.220783068145151
0.2335287130880391,0.147825195922669
0.2708498012109559,0.0709853025705712
0.6006461233911263,0.275535830510531
0.101495436961402,0.0612109252846841
0.20347980836938667,0.0509383063316272
0.04629087776763529,0.0317618840817476
0.16880255102325212,0.0868607636571892
0.06354179277017032,0.16077703352432
0.0744182987103668,0.405585128543963
0.04632372189107068,0.189147894101702
0.0536993222140515,0.0597872485198506
0.2577662378779321,0.352239991807454
0.038301203556543206,0.0885144603884367
0.13198376510690502,0.2772937253349
0.06699963867809794,0.426767532574267
0.14333180874028228,0.109607381003482
0.3482746817122326,0.0493347958658583
0.048580108208661585,0.106498856666599
0.22119074363444224,0.29600983717895
0.17637590822307062,0.139195813775473
0.19795798455354982,0.123815801526859
0.02789709144892463,0.19129066737476
0.30996323763446704,0.100401920207998
0.2513933547014667,0.0599370004282657
0.018864799785057253,0.326058397045957
0.04563446580761602,0.422896388928184
0.021769347608673967,0.335898112081024
0.025815435792936554,0.461082075647252
0.0786241326516355,0.080114801543579
0.1467957702653362,0.341072529437051
0.4593000739514927,0.487797981476498
0.08378408928201024,0.0549793837477504
0.05962974817842104,0.0662398125076423
0.04083123488769914,0.294369165272941
0.7753022216121872,0.145789687303273
0.533608108409825,0.0873618491240019
0.06070196968218876,0.267757934525881
0.35164365421400884,0.122483865375222
0.23661823002777865,0.117847142446001
0.1426446551011033,0.221998969127394
0.05672469122165398,0.0767976506924362
0.0037803517638310014,0.339275355402073
0.2882712583658597,0.176775046471735
0.3448557447759663,0.392161794080252
0.08552595739888647,0.153541872493776
0.26194649829765954,0.108964529249388
0.034695702659756814,0.0639088905442841
0.21617496090860489,0.0586131689571577
0.22096143789041875,0.339955858412294
0.2193952568606686,0.245669250291006
0.3235275579413496,0.0937130830627022
0.14224397761062715,0.00667225169674939
0.020009789964399824,0.425353586437814
0.01789531180033951,0.150578030846897
0.3479973488428905,0.00662129885854374
0.4805843600617641,0.0535203292191808
0.2996607967210243,0.413721907644918
0.37385544468127424,0.0676356118652427
0.47213399605262724,0.0894760793472023
0.09985695607333585,0.164574457837499
0.10497454293780095,0.310774548782056
0.03960694258881697,0.204745236558063
0.3531907153554811,0.253553647962355
0.3908443409482118,0.0916742664289607
0.15652821788667642,0.129848847831524
0.16839967900459124,0.0164541133004957
0.2090995627932947,0.157503760257994
0.15761520836581147,0.124496777832469
0.03850538775950506,0.063870368068167
0.03323264225420348,0.0782014134706685
0.07018606736042807,0.141907824998935
0.20152102842241137,0.600132037119957
0.09976558136893753,0.0032858124686132
0.3883680060562328,0.0284212557415745
0.2156563881370059,0.0935204596109233
0.09242449458848202,0.258928538175969
0.09168988024979295,0.182386579660317
0.11413879706456609,0.0413906317070601
0.11274482214299555,0.365763628498429
0.5755011680624021,0.243029159986949
0.06849687641036213,0.0036120984301529
0.2436513548346434,0.198206093608847
0.008379510347308274,0.226999433204584
0.14226257122321606,0.326603502585468
0.04884580605064245,0.833539536170064
0.5244638692998428,0.0851690955250947
0.028087211934718317,0.510596849836081
0.2148258615211814,0.288475356583097
0.32595336644660233,0.00579411680478595
0.011003332793290875,0.178963114378762
0.31814026739067375,0.107479283781923
0.5852561112143531,0.00535165256595429
0.04008387205100039,0.483124524863005
0.06361970881486863,0.118323752690056
0.1334218779527213,0.0867012519908577
0.03605403736044768,0.108047490534521
0.13059042847823024,0.235251809540601
0.19393548631176913,0.0120661355300275
0.130729782443167,0.11740768490865
0.027277457832732648,0.477883718123864
0.14307915939153215,0.368312622787052
0.035524573189465794,0.118571032198201
0.16353654068797413,0.0367826720442486
0.5873395372195114,0.316387542837767
0.004672953091419382,0.1337595529403
0.025390322381464256,0.275110710754977
0.3796206471329712,0.060380060571333
0.01504292809159776,0.0665229199622402
0.04827200899131979,0.0408648819026436
0.05463225765334703,0.00653448187706005
0.43593956879960827,0.301742477133403
0.11968891953528042,0.156043709608377
0.030339448087500206,0.500826436464078
0.2052661243330276,0.0974998803167606
0.4557313350711949,0.340163361228616
0.14513002224531313,0.235497920197014
0.011673015706233879,0.757127465575882
0.2063649260320805,0.619317331681411
0.1685266726807186,0.105256814905904
0.3852295220526106,0.0902101654806896
0.04668105765488745,0.0987476041468226
0.07954490769690446,0.101276255710074
0.730733422979644,0.134730867332245
0.026239396352676563,0.0686776129953944
0.04681294319666545,0.21354259217749
0.03035911128666673,0.208270974108522
0.007959530294140326,0.152580659102343
0.06496548673729192,0.0105257176771054
0.004809204920908966,0.0742728231672495
0.15518082088080146,0.0735686000333812
0.16985259956190493,0.112962226029463
0.05667389795993029,0.0542262176413736
0.2197216545274711,0.0473544840701207
0.0662040427518306,0.396504108916835
0.23898530659771589,0.346565583332703
0.21840266453255786,0.132774238788674
0.07455501202999122,0.00720532067491503
0.224500601712518,0.215010551640087
0.12866731484189725,0.245308234464336
0.45845454512782047,0.172799682793834
0.07639713492175815,0.911776593823703
0.11979959024059396,0.0887509063158755
0.2713317666294835,0.0487877964578524
0.046340318848946,0.042019847632176
0.06875699639158346,0.165856225687087
0.07942889537418998,0.140009184739147
0.1320359579265066,0.415725451965938
0.24464771855172743,0.450404599191359
0.4540404217298107,0.296168567310829
0.26504060289008274,0.0555275615376816
0.15994083937262463,0.232438935690541
0.04440031884506423,0.110366537230285
0.1121985610479107,0.00191160190740929
0.41039185714747456,0.0456637191943267
0.01227132854108024,0.034321082443803
0.09853417597509366,0.681020989541488
0.32461157004133373,0.00330093654444927
0.6116316947499658,0.0647572079587739
0.2214046600837397,0.0895641425539201
0.4265571740946101,0.294614488340399
0.7163291038045592,0.253323190999781
0.15210711310106215,0.186093791403709
0.033138664063600026,0.213052273569168
0.5282960828321606,0.0357483184115954
0.2656699598216111,0.452601736460491
0.15145031761826355,0.14628918713612
0.24114812128921537,0.569846703666213
0.23739520534904457,0.17202814226197
0.1035836687887896,0.221559846782537
0.11615234707181406,0.041958564943764
0.11518048585489636,0.0850854004495908
0.015150414855239457,0.112646102574646
0.09586566696302973,0.236448735216491
0.8742121050676888,0.0713769863895458
0.1314086052842046,0.0252558827740128
0.06032385124994374,0.00252287478474864
0.4966439084306606,0.0999221300943385
0.11179364875413793,0.0839354609493281
0.11262728007932765,0.269235730320071
0.2275616006860721,0.284497373324137
0.22946976188893498,0.00159963557667694
0.011068922928784256,0.12892515584205
0.26852581085195426,0.261048045120364
0.3532655486734905,0.101361003382928
0.11302631865741404,0.147776990785049
0.497826081630405,0.093816082160631
0.4385896958748412,0.252650118371636
0.1451757681511309,0.00874870235035154
0.1891106902061393,0.0432494618909783
0.21226236987812414,0.0300839105587144
0.0021218050618586892,0.661417023925365
0.07218449741515906,0.333084497898563
0.13492702467782272,0.0961523826884772
0.06470430947897375,0.294635643314291
0.10325580246100066,0.109616446360857
0.14675460526832285,0.158374499772302
0.10351357263802777,0.0335975612207888
0.580180308997277,0.295671710021263
0.03946707248706861,0.308149282603274
0.24711182897028666,0.26372555397415
0.08509853590926458,0.277238691579157
0.29242292806591436,0.0811239653656897
0.18090616373273832,0.388664703477862
0.30482353299200554,0.0292777167874619
0.4340452988452894,0.0962323581208031
0.05251056319637459,0.262801641939493
0.2765049332504606,0.17433991067333
0.31540275202476264,0.121304821184997
0.11028290168582278,0.0106110342964769
0.20857042807056753,0.193571345396334
0.10332731850635396,0.0895559141126914
0.19247807731747388,0.0188844421176323
0.19102768196502723,0.0121902737061943
0.005462792430439555,0.047821966772741
0.10845068762916057,0.251293134247336
0.15534366900420282,0.414812203676718
0.07628414376420584,0.505180062408575
0.017370455124949353,0.217714103759981
0.008265885199111589,0.552445440601762
0.3213164020855093,0.115329905440381
0.05942710928882784,0.130928653616814
0.10319491215486169,0.273360497687731
0.10925742573611089,0.122514623242658
0.06901569045931367,0.0540077510900361
0.18053740001145338,0.557512638650393
0.13684266641974632,0.230285956872287
0.13088741865023432,0.00332985059364162
0.11995346169931187,0.0930497624234668
0.264321893598153,0.00655038855751485
0.08565045776389947,0.0892136774976416
0.07428536604432852,0.0825954503051698
0.31545158920733984,0.0956092706315612
0.038991243479788655,0.219894171115283
0.00228550603253457,0.407908411068519
0.302228617048037,0.251720900947031
0.3332349141793767,0.136859424080264
0.05419277989881972,0.611285697584576
0.38324931633285164,0.123100330670865
0.2396855967630833,0.308040424030463
0.012988942749938772,0.0630934375915713
0.1975711597040931,0.163563109540001
0.07369406233137964,0.176775472203904
0.30056114982997356,0.188076326587571
0.24529012541504913,0.223490655952966
0.23005638068924478,0.21288804588945
0.3212409689480043,0.0252675413434706
0.3447542176344256,0.312698839351583
0.005521386252354215,0.0312023926798073
0.16900088612716344,0.731499458029141
0.02398193932465581,0.368471128474633
0.0932259507650888,0.0735002149223442
0.12448010199357036,0.328866184089686
0.20730918670556076,0.47072505474128
0.1685371936167749,0.142982029852587
0.08102829182588363,0.0298693964780865
0.1840807278158015,0.0469197900733788
0.4355017007148629,0.12863525084501
0.20847593922147645,0.0307840012777547
0.2763794855329459,0.0764311648523451
0.017830874226393997,0.103888511029268
0.6155639888303979,0.0714851686534354
0.2500822389980628,0.126070520321969
0.2067908437823727,0.162382841388173
0.09392756191929104,0.207352300206543
0.3267708663826087,0.0612299323247047
0.578082455500093,0.234575648936846
0.3211492095398246,0.0859020371665491
0.14114461358277014,0.264233108633729
0.19423462600469635,0.0956508847234539
0.2016971330043449,0.000424432473664378
0.2239236654628517,0.0755882805658111
0.0018762511700194178,0.332301029383215
0.031418217019287945,0.0923923779268025
0.12041567087139428,0.317536865337958
0.020513150623540824,0.0605543347279394
0.7607797350611111,0.120583416000975
0.48299230400454485,0.502102180885942
0.5551110757546349,0.132391995200029
0.009903126243009508,0.0547421709625431
0.28610524225373524,0.395791654210414
0.0057731904822794795,0.0868565201570616
0.07699205571394085,0.319501469202498
0.0410458128567149,0.00734414222940393
0.30193142647281346,0.212565835386684
0.15281367099619841,0.22621379091345
0.3987152380701561,0.0845481099401597
0.23541629960842794,0.29551942233458
0.033388232573350225,0.159642798350007
0.17510545016861817,0.464518462119271
0.19219259881226922,0.0838303165250405
0.03138717163145511,0.315196041899335
0.1787362946923449,0.00633583410295527
0.21952068426912866,0.366603105082921
0.4412235651544613,0.0857311459121105
0.550035525305045,0.177685886043781
0.01604501759704136,0.0740934869156926
0.049173649511217984,0.212047490386997
0.12540793499592395,0.054373396671378
0.1265555089813714,0.2362140845399
0.28167477066631924,0.0569863587116887
0.34209014751641614,0.293825682562008
0.4125158653662449,0.0961925223088472
0.0999087870378334,0.0984153067073492
0.4576583398023769,0.134083341995042
0.04028305744855609,0.309098480781215
0.10888102679468546,0.076662897309397
0.01004993490536729,0.286848101944245
0.0035843116808299195,0.450223563675866
0.027273807694899805,0.244898999488731
0.04764283902720055,0.208280308276796
0.34980189925052513,0.257529756553498
0.07810689192178807,0.231135761456299
0.0822418031141228,0.191739272852527
0.6225331665753667,0.0685057839348039
0.30700385628652915,0.014809213042899
0.0593142898778015,0.0049932490351217
0.1713871015584447,0.692188685809118
0.18358275071860952,0.367473352626708
0.6730196374606238,0.205799017816028
0.00029008588802574,0.343735805775765
0.056184626909807855,0.642844149089809
0.04792803407044994,0.147910400301938
0.3098277712324553,0.339238129203617
0.24544377742166748,0.105802488598392
0.34064792724746773,0.141703109701209
0.09545352224133757,0.0296421276311544
0.4680741557608316,0.102893459503253
0.023210922361740337,0.300707026482596
0.11990961597349528,0.42096921800513
0.19229466423210093,0.373525921727659
0.40293568782940986,0.0376305219224567
0.032683304254808816,0.122043493849157
0.11705229975039276,0.157904682266508
0.010518351234851038,0.291501740567028
0.21988470561888918,0.102366338819994
0.23856417473450886,0.109163750831826
0.008196317358919972,0.66228710753535
0.18930852350058427,0.227035938474183
0.6546580464133346,0.194048568989152
0.13793927816902174,0.0905747060217153
0.16053934579672924,0.178475047980984
0.30692320335741785,0.0838155171891276
0.26222768249584694,0.126419617557134
0.1614336938088637,0.112111791625617
0.27810058187785064,0.333123778712433
0.11840849283377901,0.123428342731786
0.1787250277071138,0.529582708352951
0.13575328574997803,0.114368614666821
0.09247021859072127,0.192375581951531
0.015759751253207423,0.414689289587567
0.021059681370468382,0.201623072125781
0.12533365243683814,0.330929074057063
0.4113000528225807,0.0869004032738178
0.24486014430587166,0.289279671683017
0.287154160498743,0.00680716461150463
0.6839165621326729,0.0137677626635417
0.32712771408270247,0.447084257896431
0.5381157545717301,0.286083231568245
0.07432933771519604,0.564099373699846
0.1181589950016294,0.111704621138601
0.08227040434371559,0.137564991791149
0.41762406267613,0.141541760810839
0.14452830842148118,0.0945105829921916
0.19944238564606223,0.290368062197527
0.08490536785115896,0.233028820906794
0.19849026467467104,0.698342192261267
0.07667883878776278,0.189723166908528
0.39796679072531044,0.228977017756595
0.0038116546963563444,0.299489574920055
0.1288051761571855,0.150025560497568
0.1347586578650894,0.0654812692226021
0.06643268171553426,0.00221572277204492
0.0845972253950086,0.322999669564617
0.09204533796659524,0.199848797440027
0.010922912851815183,0.0545879778937313
0.007677410547287456,0.320300106308152
0.0949270994839028,0.309502349465067
0.1278361004416608,0.022618043688174
0.11690121308273689,0.0879209226249587
0.12370786343514224,0.0447257389729169
0.13154292916027407,0.183017620253302
0.027828246341755916,0.23560008064045
0.26997217606203694,0.579597783363339
0.15097754398052182,0.154130398715883
0.5783597158239806,0.0476313081628501
0.08207186601076433,0.163611938413638
0.0677606294717191,0.108996966112132
0.5672632945413808,0.324075883892022
0.15488481084698427,0.000169026700036837
0.17345505387015617,0.360219453056092
0.037551617714514436,0.375255760020374
0.3552596575848994,0.187854458598269
0.10841025694414717,0.563362855434451
0.6439094124392506,0.0431904901982201
0.23731919635642354,0.0280062532607409
0.208419185333909,0.137075278561652
0.29725667059527955,0.29700121205342
0.40123715747160604,0.0348163357375339
0.002382384410953117,0.343727709693753
0.48660019188859055,0.00218263518883946
0.02732282584142884,0.0777531456080816
0.09262353681349728,0.0505151785525669
0.042304658374766574,0.0159636726219681
0.23731756697598114,0.071383586844932
0.33815519541133554,0.182380027753895
0.038129940466695295,0.107127473812408
0.09336729219487369,0.459254055646486
0.21885557412727483,0.0562430639622608
0.00933753110942088,0.116726828824078
0.09458747563350553,0.269211132423819
0.23484674462026398,0.100858817740373
0.06358143592328087,0.365953281128504
0.07488010561736547,0.131558004631756
0.514119884917771,0.296929619567065
0.24756709179280093,0.0853037589973169
0.06158949503458648,0.0987051933856073
0.019281246844119852,0.0443623540016634
0.17068139905888788,0.0582806261894157
0.05334033311553152,0.259671189684246
0.0522850476965548,0.114070899162293
0.1140562002104657,0.560350190184675
0.00254345670083049,0.176162995773764
0.062031896601163934,0.214513507179333
0.3741058421432649,0.201444562876911
0.31211942183375513,0.0322684448649149
0.34023728476421156,0.308923912526068
0.07784925819485772,0.117510773927767
0.14894656809354018,0.120257744046342
0.5255963060128259,0.0160114305109334
0.10527174804912913,0.305830278633356
0.12223878964840176,0.376517831107445
0.20860030074528002,0.133851492757972
0.10112455668885076,0.0206107079136045
0.04445850800400999,0.685984691210743
0.19668828550630757,0.226961180973777
0.3669458932674495,0.211919215812863
0.027626532078596222,0.11232816926992
0.115486760823518,0.0873602857812061
0.592841996359035,0.075889311841526
0.11714981648596802,0.0735195911077488
0.004825392900353614,0.00319881866980218
0.09225781410231823,0.0871622013234783
0.06278420252245374,0.189338911090501
0.17934292022366993,0.228214054915419
0.2595596191849372,0.553577853806288
0.02301594791544936,0.328053794107955
0.11301016384706576,0.141977626873894
0.3060633940887877,0.0869343193475764
0.06457425514615775,0.137210290706944
0.079436611630579,0.0508884638791046
0.12686381087308046,0.0386688668271641
0.10329961718169707,0.554104251767542
0.7219734696894407,0.193366906120102
0.11078780381825015,0.123941233206858
0.08489971524649965,0.169502671624281
0.23183307812133713,0.313274412906533
0.12912921266095634,0.190433396311566
0.2758948440580786,0.00707835980939067
0.010954152320068362,0.0415562864090693
0.08025206691948747,0.169097367069533
0.05325707055091781,0.213759714100655
0.039608910819982496,0.331141011819405
0.19250632954186397,0.0743950201174098
0.5811713681047588,0.300168177405606
0.20734462911519905,0.532794927476967
0.18884243996416458,0.106395172012205
0.032425622473118754,0.259616091861617
0.42578771035318436,0.123443641616057
0.048925064649667116,0.114782959698941
0.068254800189503,0.0509190210841166
0.06694335534696232,0.162771477968413
0.44785260431672225,0.122006410629796
0.23561492289530453,0.0247032882962088
0.32849992017803514,0.372933782735127
0.19094229704844012,0.0802593233002153
0.06523053131310405,0.482049376376826
0.014769286101686747,0.292725052641176
0.012106747522842546,0.735164793087766
0.054634247574943076,0.0138058582800724
0.230951405567632,0.133110586726267
0.32018970491693804,0.0900005857175843
0.05230050627336692,0.543850798178734
0.33098706767291947,0.109209544363201
0.1478580534933103,0.179777206032353
0.03940251184144979,0.500167325066486
0.19051965748417726,0.0845647531537188
0.18879298582221346,0.139692407274525
0.14152783306099045,0.486842602109302
0.15422125784532964,0.0744110599366948
0.26443532526328456,0.0790193669646097
0.24591915632218975,0.0376451059171441
0.10363348229060007,0.467077205326826
0.3387759789537617,0.0958513021026406
0.26327393965726403,0.571625125373562
0.08449253861282201,0.114649099055928
0.28154556255386454,0.510771055593697
0.6035139695075489,0.119987474115779
0.24807867121762708,0.0872023011107206
0.06929178900818059,0.267677645756311
0.10734020581387758,0.505693360318492
0.39885197043234066,0.128307188105006
0.2716078655398004,0.0906892840044418
0.1506316189380587,0.0377070580271527
0.10352731605177216,0.123032409603925
0.51550146481704,0.0856712801903363
0.35305770767487876,0.460160337905432
0.021343298795209454,0.231385260926729
0.2888877767211212,0.0147861430274537
0.06567954020617324,0.401007197872925
0.06381659122533999,0.345898879019415
0.4498305358479461,0.110789597879163
0.19778159737279608,0.278942582476974
0.17071445787908704,0.00613670189051282
0.534927102923607,0.0735825639695432
0.05218714151785503,0.118322954912014
0.23769021127198098,0.502609992650923
0.009253319136185163,0.261131530847144
0.2821457668342662,0.466178504460608
0.005744708379440142,0.378813528667472
0.013749461864597823,0.108565187374944
0.49574861506651324,0.427902383753954
0.135643681275692,0.299906191598564
0.47917226009673036,0.250856749798897
0.21150491732167168,0.231168612511971
0.14406823633744475,0.512844327671487
0.06619261687884025,0.739178290423746
0.032815351152790904,0.279034020745164
0.06061049708808143,0.123825736111014
0.2783620027315923,0.203928132312117
0.23565779576452311,0.322745275285245
0.01435567464731072,0.405090442813367
0.059565187257264,0.241426956753763
0.1255355244320821,0.0324160518224721
0.12832333539749652,0.136892534231763
0.26162758627229193,0.191641497039498
0.11067859130143555,0.0920742252516103
0.2221489228011372,0.018301751313107
0.575759159637281,0.137707216000047
0.2669213598448793,0.132653926429636
0.1391263523187442,0.241601297371539
0.195823885880988,0.666361420372369
0.04028752320848982,0.0959508707990657
0.2523331859013136,0.00402177366160411
0.2689509375579267,0.407556315374959
0.8333127849646875,0.15871110907462
0.01715108116382388,0.0313069933609859
0.08595364184966739,0.0777534788699312
0.27292440290544545,0.0152247951397712
0.048849836687611864,0.246073847945338
0.33488619642394185,0.11097232057803
0.6910591598796082,0.1140940820932
0.25094844335489613,0.595430860857421
0.41376477800702416,0.470340161120838
0.2001222167179888,0.59613298985362
0.15877983870635626,0.100191564016171
0.01373002434112761,0.0817555774235694
0.5351422115107097,0.0276259438961577
0.22822802397073558,0.355475863289603
0.6121671201796867,0.0232846403349387
0.5278470061155941,0.185792483707203
0.11008280612537741,0.0536728798840914
0.011986314176152028,0.0265349977610311
0.2992703098275852,0.153880200242098
0.06625187194704166,0.079559353833984
0.30981130700860704,0.597722399979366
0.8394473766931075,0.102569905425032
0.30553347825993304,0.0431525762685404
0.13296173931924438,0.458943697518212
0.5912844176441956,0.395757393080176
0.5687652091462612,0.110999355962501
0.2787693668965815,0.0434450592427846
0.13257134631958234,0.394193553414553
0.31560176704513504,0.00542973059845539
0.03131881424712975,0.0977010007280939
0.04442217543267058,0.382856058019773
0.43031181688696785,0.0835473150441652
0.14563623908044807,0.235025293066672
0.40717786262993405,0.0196013379946508
0.050750834108197286,0.0899497970308333
0.2880365329388133,0.443493924252189
0.23808571886185817,0.0412812025659933
0.3114664224181597,0.0715654105254076
0.01474790018500809,0.560430400202512
0.005811516009735745,0.0530069956244072
0.5093052357515997,0.0902794101128659
0.6009717870841516,0.0163088235182553
0.1541829356012768,0.182310728598866
0.04839575487113585,0.182741505187518
0.15994051199893317,0.238594732036282
0.5260604716892365,0.0880324568292384
0.3718035180134842,0.0728122050522824
0.4540275138962493,0.174871140217787
0.04835884500210334,0.211366638267172
0.08134116418555679,0.150668471747643
0.689318332137836,0.0292393067606894
0.12403938092761772,0.0124430595961596
0.21909690705461815,0.187953966402858
0.04558410535028283,0.457872808382155
0.18181156452671568,0.508515857112432
0.35869306397273604,0.030658167860036
0.7441539376542371,0.0943755710383222
0.41310081532415166,0.000231924720540893
0.05197761707420416,0.0258889842146246
0.3594570419280392,0.00611890243160777
0.04520037468290236,0.164091532555316
0.13456188076988979,0.0852312780606927
0.1806802668230112,0.137370805894499
0.40886185197076824,0.242965205719899
0.6417422892496821,0.266281745087304
0.22257688687486854,0.378610989635573
0.28338675228494176,0.510248785099181
0.15023908305339648,0.00209369327988745
0.38533921912636276,0.00745883238300396
0.11709477650791893,0.256431415204049
0.3129381950150022,0.123173373154428
0.1874645305259866,0.215436813982738
0.044749077616092446,0.0452652292862349
0.4653926290333593,0.36572688836646
0.08153916351558275,0.012445750307497
0.35422013060273316,0.138526436647097
0.5830227631700307,0.233979486317817
0.5033106501648876,0.00703946631715696
0.2294580912585141,0.110647293922441
0.3909685387617406,0.0222004861877617
0.1237856650912049,0.269861282276336
0.15763612667814655,0.282258781944381
0.4777483559631582,0.424051615856257
0.32123051458534074,0.212795941779815
0.11765088121752702,0.0635157503892094
0.13445858598707386,0.00765312200030864
0.33461492420472644,0.486376529160435
0.01485999040281914,0.140152307507645
0.2562494955730796,0.256575833374622
0.30599456934264324,0.00445935298786527
0.14408092118245355,0.130952333229543
0.02587823353829951,0.411651704411675
0.09227683863850791,0.082119649902873
0.2722975064670004,0.0285355011347184
0.12560409496600952,0.540793923287072
0.06307067955325686,0.119611584905314
0.4285504608481746,0.318072625312436
0.09089293054083025,0.421202965085356
0.023961513826045597,0.594012902425701
0.680997562363497,0.162651451059721
0.04463852838832749,0.202780438918403
0.43795393285528733,0.287732044491254
0.7057244492779079,0.0542578164072791
0.03528570307438219,0.267903930301202
0.06566883654744612,0.208578249214375
0.0669059002250941,0.119814454833445
0.6932421999721967,0.0688403970920756
0.3332502273242106,0.307808155405299
0.15187186229720318,0.112213253650633
0.06153918117292631,0.244729379025969
0.3187920120866736,0.0188229525015663
0.007867510612239868,0.322226515810535
0.12466844177668791,0.28288117282783
0.39737005389156016,0.171193565592849
0.024186138403979034,0.0545653324914949
0.46516328917015365,0.260596976200169
0.11823251069850609,0.272043449574778
0.7103033644414095,0.150259160273698
0.0961381110616399,0.443084771043652
0.04994603210904513,0.456345505763037
0.05203768875748457,0.661164144364605
0.0030857496998035177,0.19481120308475
0.1825251170609303,0.0149461593480839
0.18111200194289181,0.0367529350058794
0.34887913353821093,0.589513434110143
0.020163036574056343,0.0617428719939204
0.39797987089877984,0.299569918907448
0.3967097086285938,0.0547734664764832
0.09839682738508164,0.138198064951204
0.1958089648105688,0.043940094871306
0.1713979961196143,0.26200695901153
0.07544092605634051,0.262897740940269
0.0679866192992801,0.0711771418470909
0.06873767980906172,0.199246351320757
0.41857866807525257,0.361972932595393
0.04935234235397434,0.363981416483665
0.38866187459971224,0.311945396774527
0.0691002122449119,0.0782485084084297
0.03891668244171593,0.17203862493698
0.3718601562046615,0.232475240840579
0.0064789220154738685,0.151343759511934
0.11885757040130511,0.445970655409337
0.1407977807829023,0.271678607667735
0.15318097178791934,0.610245430991845
0.0888872247151939,0.215723876107384
0.1210919920002446,0.0629349742592411
0.16773789072264395,0.514744564507175
0.39019928742804083,0.0144976451986621
0.2644065747016845,0.230483108215302
0.06491847469375944,0.110360566346938
0.04992450465010741,0.0810375917589119
0.07324128001409308,0.538928553810592
0.033485121699715896,0.419481654704556
0.47937945549866406,0.26408638868771
0.3324191553480794,0.111950246865683
0.43666559373834124,0.00531370510504631
0.40712643221596145,0.351794031918796
0.02770588471173631,0.131200812254367
0.3663295959215317,0.628920053914864
0.2774864411645378,0.325834047948976
0.1588193325460855,0.236026794747584
0.1190100036327488,0.163579678027061
0.2077381760645276,0.327059087832397
0.19326992246661365,0.0739329839829174
0.039702677175613287,0.164317270603316
0.4281285792501334,0.0473826337844597
0.362051992413179,0.200140500276302
0.10232394039268623,0.0545574864543134
0.3952136385883857,0.238551782361429
0.031994320429638026,0.17215609931868
0.1682213326340329,0.211527646641092
0.08241516733017543,0.219118466494244
0.16433663465544254,0.244586607515696
0.09020196049049388,0.102298799281851
0.04733197556987183,0.10235110383722
0.3869648742725419,0.054817924708613
0.005065549145594314,0.57928494779995
0.028070195265594525,0.0615268155591295
0.041675398711100854,0.153972860285636
0.16821509186566883,0.120096705641107
0.10251643374761944,0.251304449093753
0.06201714400114652,0.345945038813634
0.06157449565860583,0.327447059073339
0.24183717159631066,0.108669916436906
0.13162965053426343,0.765969942529195
0.21124744349724342,0.343281808802295
0.12084800820358985,0.0547721528226531
0.14204934162693675,0.639155510040504
0.4980495249875309,0.380680993840594
0.06485408108707964,0.876561056602507
0.037728881481678994,0.214661856207549
0.5657589970764354,0.0226079343174071
0.042883803354151706,0.473336399422393
0.5318692519576191,0.0650339812134602
0.03355432368677769,0.141186712544671
0.18682237774952412,0.194752222831434
0.0272612578086499,0.0616430039124737
0.24660625891929858,0.0822031283129134
0.1894472583419395,0.154206204919634
0.664784874601163,0.240126005939022
0.11342926330246976,0.185055497149992
0.1627771403802074,0.322205602515252
0.26834711643304937,0.390666604529052
0.44563935057726556,0.361119064152795
0.21422388815482318,0.0189383422290084
0.2445651470177893,0.236113582495746
0.06519084408423356,0.543787039785126
0.23587009594825398,0.0584315063432014
0.009037995425729065,0.663070687380005
0.10638005044332395,0.574479330039231
0.5960957234305798,0.0864034104944137
0.09325709691938387,0.0391825973769602
0.05005785207767257,0.495806192871888
0.005281706730642058,0.0173791955695935
0.059522617662417544,0.0529256210820512
0.11636353637398243,0.0758274495529613
0.21234749326291621,0.0331386035854183
0.03246591525994694,0.152155903044941
0.1542435389287707,0.0043251649337788
0.09525571355515337,0.414002263019979
0.6096173772018652,0.349961291478436
0.12397231894058879,0.310404027796138
0.33111572239645554,0.292982279717465
0.6578535977621497,0.214287635719524
0.07227968115690928,0.0263398886753613
0.47130903671264474,0.145237526064538
0.003595304567106206,0.0371531472051567
0.5130320923710485,0.240229607112405
0.0850552446684711,0.0162341379298076
0.2710503318209049,0.271381290222058
0.04948173998559493,0.210558340436689
0.037120858011227,0.0427184190713701
0.7452219794457069,0.0212496086583417
0.10284523931133316,0.620994478602851
0.044758155741868866,0.276245252949976
0.37932894637546544,0.570374638895605
0.10172910385726673,0.487049308541166
0.07199528713846029,0.111998642203918
0.10733796835092016,0.166321489180589
0.19045061349003528,0.645815332565331
0.4987618649454357,0.0277298495064114
0.8413086361310038,0.033742481602582
0.07685672342177295,0.188787651140399
0.33629633987756463,0.471437644474763
0.1619737502183834,0.0949402460252917
0.042257451355579796,0.284236243855438
0.45569137308784236,0.0716696640693716
0.3930471864366064,0.486099188962908
0.04657822558516683,0.152952938282365
0.2523749406478928,0.00712912885999764
0.1335819386428225,0.269914853586043
0.09323252409126777,0.0541283359176216
0.05003961264236698,0.161082069337662
0.007021449096600295,0.354959465358315
0.07789773836083723,0.0470170536756777
0.3237668944911094,0.039644321332294
0.18096893352800275,0.0518085312566489
0.20233634724178154,0.0363317856930132
0.07247516947347389,0.149016226969857
0.09773543150408984,0.260588014946968
0.4993682522400104,0.431750123651273
0.27822441636006623,0.187355204691245
0.10425007892124953,0.430521804125995
0.10247548607652242,0.139788314260893
0.0055880304935240245,0.0332016820159637
0.036979338505147216,0.432840157516328
0.46423711797172895,0.277486210578276
0.04623769262357097,0.382902847639799
0.10812809088225504,0.13038967723909
0.01837844738649484,0.129936574275767
0.12671795203063368,0.275218362701017
0.2587654766118211,0.141596799935075
0.00923940722646216,0.258305909493416
0.3624833652051598,0.0479094115127988
0.03328502844594866,0.487787630570865
0.1537822569946705,0.00979452135318533
0.1872059374714157,0.366398916419349
0.2998951320647081,0.250258731032519
0.07170470044316923,0.390954001972125
0.07063460436362418,0.542251527573662
0.14812390317598412,0.0816115479315567
0.020149214231017648,0.0691964132383864
0.031325366355820845,0.173910912517436
0.27917844075359904,0.090123247757292
0.025690194770148566,0.0265015399284883
0.020251379461695262,0.484392752762932
0.0014244615196700213,0.197734807431052
0.37822804044744546,0.0426899344077554
0.18443343842632934,0.0170889663523214
0.12346228041156053,0.118203808152217
0.0651542347583079,0.129635039599143
0.06549398196358137,0.16400207546807
0.22295053607210222,0.212665546303595
0.14850581579479782,0.0360569551135927
0.39145620986415747,0.295059786454277
0.5619727284963804,0.0718414749247037
0.17979941073236125,0.107366133106066
0.3583473463223988,0.34278311470431
0.06802208887338165,0.135678323338394
0.23961314335807,0.28369181733322
0.2654777322150871,0.2873986460989
0.5556280620367557,0.0368363725440093
0.004164223699284481,0.129304755346267
3.7288269480740675e-07,0.0393357369450564
0.051606937619509394,0.479150241262823
0.3453510726934368,0.120177954144694
0.07164216572096745,0.169196181897145
0.06511751852528268,0.0773941431032806
0.11109886533963863,0.812224185503573
0.7300037988129997,0.0992721537867692
0.12916331054064145,0.0490399198305147
0.19234022464355727,0.511855644604081
0.28283362484657143,0.126002749370679
0.011453274071969445,0.296752166805223
0.004620199729397016,0.343573150513508
0.4149577203210668,0.0585351669376686
0.13963162579731853,0.382776737142869
0.5915574041608403,0.266175922869904
0.5508186010237197,0.427176597112038
0.3215777609741259,0.0844733389057293
0.047985649437212965,0.494740210160467
0.23138263971217893,0.388501661477096
0.16952291812413647,0.359061359358271
0.1167242532821995,0.196957936630221
0.38026732506561123,0.185053176023252
0.46905202009543184,0.0188392299628161
0.20838311655991218,0.0169643668753403
0.23084520214012144,0.108464544716761
0.2723752780089873,0.00479107218872707
0.20566417409422472,0.0704715139143111
0.32934329638247584,0.0863483922561534
0.2708388047191218,0.0366799043548817
0.22813612917954826,0.168302040228876
0.29630520133849786,0.104263528338659
0.1904461424857064,0.39466468430762
0.15393549254543776,0.140328138093095
0.08375320945966448,0.12152504568209
0.06027613789287326,0.0725919202213033
0.0004278333437132551,0.717268654815792
0.05365893184389234,0.318054742657487
0.3344788503445036,0.48911751789546
0.32184279265461935,0.0733014983558167
0.012499523147660205,0.0548056626745081
0.100696080185662,0.00518692720305548
0.1990218052296593,0.0861838765356954
0.1296527942319863,0.172903959699586
0.014900740854149079,0.340938839503699
0.002104250260582941,0.0656866180661943
0.3604831193312332,0.308295261776097
0.17478516267360472,0.323100359035941
0.014038814839855609,0.348987898292153
0.39965506708516174,0.33536309666827
0.48601752695207906,0.0409387656626706
0.5397595490008023,0.00877644048436899
0.22045226341767565,0.0374945886332821
0.040540381900771395,0.275233647263285
0.2570135409611963,0.321285757631489
0.13457645949078803,0.21211094120134
0.27604680537024495,0.195295449200546
0.10664932982448104,0.256858357538207
0.027063553972103513,0.21969878866839
0.31073497639076936,0.328312025568023
0.5191170242297616,0.0542332207394713
0.027554085755665966,0.0534705635520654
0.28854680387628706,0.360359420598986
0.10369936321527545,0.641238921753748
0.3572283570519666,0.458180369788761
0.265781482680121,0.24030005411825
0.21675990262785896,0.240869655366385
0.026394324918483494,0.378579777640925
0.32913283815982974,0.490978592834263
0.0890964823698432,0.647171895357972
0.1844805390540279,0.229058271542461
0.019662166075283857,0.274598445883427
0.10352743883303545,0.0814531231824267
0.11283712228686262,0.0480200699046043
0.01084351685724545,0.0853273784151954
0.3729129306549965,0.0506666181177883
0.6100106412401938,0.151336570173138
0.03502537599468644,0.318598369047216
0.36704945085674606,0.089553570841126
0.12680100494932775,0.0204390597274819
0.21355056316231033,0.163642351139786
0.1998416967898201,0.352630679945434
0.09964505424156643,0.131083673262101
0.38828485270441554,0.189815936784027
0.2638104073142908,0.0404918502095842
0.11658816990426508,0.0309044924204652
0.07325159602446529,0.392473281793369
0.10612372504984018,0.139112099028037
0.09066110240336969,0.0110167476227
0.18182945536132136,0.28052639130245
0.18354346239351219,0.421218791579116
0.2540242268986381,0.0137937103385402
0.20764016482899222,0.0939643893101091
0.5066545453145422,0.259832263249788
0.17156445265434123,0.178799083692766
0.09546340832926818,0.283972551906358
0.12109153632317941,0.114716278475683
0.415969712253435,0.318939729510554
0.1325055120485147,0.123458830431246
0.15262623535093975,0.0789375005869993
0.54695924700406,0.163461369122125
0.26960693221833665,0.227111737829121
0.10328160428013414,0.492291104150416
0.1417937930380428,0.547416125963172
0.4084701018576727,0.222393837152767
0.05981615245180808,0.161119222415955
0.237696142249116,0.154552229915585
0.8533135654409316,0.0139917454816529
0.17357485907868006,0.0135061828954317
0.2644848230868636,0.690018173605789
0.08269220239819441,0.110646099316878
0.16640126566933977,0.263704316832728
0.1460450176846725,0.0362151299768501
0.3570251015975727,0.29389769769494
0.3991814735609965,0.182102005685462
0.007013495222341299,0.704575924685578
0.19349347553594815,0.256697975488579
0.11895020044342959,0.326997478212756
0.3560939584639448,0.287011274174366
0.16977228122305954,0.0359825308308721
0.04053232264113284,0.404009489772148
0.4407436318297493,0.465656814566585
0.29808860796957565,0.350625903376702
0.019067004778438385,0.158487269539491
0.1542424228821006,0.102949876261646
0.01655416010653165,0.185332890410722
0.12858427276524695,0.205856454578129
0.08102583791323191,0.21716661519004
0.19058874728246442,0.173175095557479
0.30875861692200735,0.059592177110987
0.17671425070941427,0.117342172316282
0.06146750162348726,0.235289276244542
0.09086078255173667,0.22172059041168
0.010526391961112058,0.423087105336425
0.09950441612324933,0.120518444416493
0.11551171333138689,0.187691768661213
0.04713440755928627,0.47973716239944
0.21029135585166436,0.000611812982681314
0.11249889626992944,0.0619155775892706
0.5956425125093144,0.0126764570851793
0.5121045141509826,0.0470531646203228
0.03988126213825026,0.463318287835819
0.29248397831566886,0.0482078005357928
0.23450653824386977,0.518085831365465
0.011098161846977731,0.201728282974023
0.547648449109069,0.0340226505344576
0.3570367282054708,0.0419217580643952
0.43160580764406464,0.174132020568813
0.023109446430900755,0.106188205643699
0.25044990131222433,0.0958539692322121
0.00685431650205337,0.776810295676344
0.011693510509878624,0.552720678441237
0.004513302878100824,0.0888438731353703
0.12585449677394842,0.0249995436619899
0.042110897096791236,0.198323575893024
0.16783584302630308,0.054606588586344
0.13667411645644448,0.159945268996122
0.2649325620485512,0.224352299656062
0.3626572571279001,0.0218046239239836
0.32752969268666,0.109559278519339
0.19294525066843782,0.190527418516108
0.36148310259809574,0.24119141714165
0.10369652284342894,0.147742015369685
0.05850537963537627,0.235931163905561
0.048614449633597685,0.281713704572236
0.3816020280125998,0.206317999623099
0.05001654150971155,0.170251280125697
0.16788351354628317,0.192997432515868
0.017804754871326864,0.328953855145459
0.2128646922738779,0.50768933618313
0.22728164305445162,0.120545884152753
0.2214863629474429,0.210630292595774
0.3775416704999837,0.409891781067943
0.03150721905261462,0.158357759604374
0.04311328366680599,0.116797350102885
0.004949958821177907,0.20010348562382
0.370619313817446,0.225449524027865
0.010834730934487592,0.0770397598731394
0.013064239392841724,0.34826631928732
0.03570939736679123,0.494976172185401
0.5187835270839375,0.266518859831317
0.07473074099219268,0.450760352953578
0.04855818796718872,0.0745611352568182
0.049400795474658706,0.204596429204851
0.04850162938965223,0.27133195933302
0.0001284101678840402,0.226351872330142
0.3213208195861019,0.344401993963542
0.3234580190917397,0.0262937110660807
0.10153592606470505,0.0113563649476251
0.8688837851099468,0.0403058049306707
0.3304817026253432,0.0753258184773586
0.32033001781004083,0.159384134121137
0.3437591814661895,0.0826410775084658
0.09577245807716295,0.12496581600224
0.7783672729011372,0.0217955185159173
0.0707266470572507,0.0174970758198036
0.5266623324306602,0.0969844347883257
0.12855197735225804,0.710241185602725
0.2935185682412931,0.101780086977098
0.04388856772448642,0.22628557922884
0.24367072281692237,0.532456959603771
0.05089348196294607,0.279485112413041
0.00788829053391312,0.0588336115132651
0.6645010181468927,0.0289340909062686
0.08958018623368634,0.223125994045688
0.056304630798655685,0.115805572492313
0.09171447492662307,0.0234765973349813
0.03638399629871812,0.357744558989084
0.601184226204295,0.00494769061126515
0.17713327947704738,0.00293492005672746
0.17705017958139632,0.318540949710543
0.02558975063727459,0.0519216562212909
0.2591204339407816,0.162650228474951
0.07391761938436532,0.115195700558413
0.08226392262299415,0.0514039891216175
0.041076225280980025,0.591425029486404
0.16048810773905198,0.0687993776579095
0.014022853122662576,0.423729793174738
0.3887392432154762,0.0910253591591287
0.26420073847323633,0.110202942067436
0.5956096603138674,0.00931666835537401
0.039789515835573275,0.227755335313484
0.013241061587258709,0.0992400030207614
0.024839283105913726,0.313376321495637
0.3573126700368013,0.139893763436373
0.13598430839152548,0.00828407364206314
0.08914977874883012,0.335834635258628
0.01348459138876338,0.0569352201220113
0.017055371252707542,0.0505758400206257
0.14607131328116216,0.221413270532456
0.08689679761360354,0.178917280524267
0.2953452834983142,0.0272625418828698
0.39695339089307113,0.109877565677624
0.3150849094353037,0.00370793003880696
0.42328389296475033,0.277607959080874
0.3081539621988314,0.429285478610297
0.36431673897142625,0.0909604568112186
0.015715471092710088,0.00334920530138823
0.13205872741849936,0.0684356041234316
0.33092870369294425,0.0410741895733253
0.1921898281063228,0.249689192837875
0.42995501129276686,0.167946117712053
0.01749947783714264,0.375626540386394
0.2485392131618668,0.0653370151333093
0.6327293789403576,0.0594550379951211
0.1254545189203026,0.086858670955241
0.009774110418057499,0.242718548762877
0.19438413974163052,0.538129456849904
0.034875236168517364,0.0427546835011898
0.2624517170647918,0.0646352754692385
0.2554508858814854,0.357501209077153
0.531027087825407,0.298677257656125
0.4286581833084893,0.00482536990958556
0.0552679442381681,0.421707569501967
0.31137165112393966,0.636235183318735
0.015456118918024557,0.178528845348342
0.10587471464355178,0.709314468168098
0.15334042894147865,0.0749089733846697
0.12049668235064735,0.614654727068535
0.42454383674662605,0.358285850121593
0.09045562070919193,0.0131328227052894
0.01640006331324083,0.0046617104201717
0.09183809172555277,0.718230501899639
0.11182831788319207,0.0316263770555849
0.040050028177499766,0.103859230179059
0.2274484952407103,0.358939293804605
0.7391126962552512,0.0722788089405342
0.8691350488724022,0.00690055130586421
0.1905815802530817,0.0858119555286895
0.33580301127182083,0.619859070296994
0.03142696855218619,0.272011812699297
0.11600943701343185,0.49410515071185
0.03821106000078054,0.532950923539249
0.19155526639243686,0.0182802952958124
0.36537771637454547,0.203279319417492
0.0002943571719101707,0.0787969072503054
0.6102986282581019,0.330479543258262
0.5510110612672718,0.0882078306439515
0.3625782212063629,0.283254135795499
0.15259551759250872,0.000591965681040469
0.008951349514742983,0.266643566153731
0.21548373803665288,0.0466094539359479
0.19978160742167766,0.465702078464617
0.05843816572283675,0.0955161706668327
0.020471111753722578,0.254688407271706
0.03267575304633995,0.0763087652302055
0.6518002759552136,0.263906375022303
0.6660597992020063,0.116095377580013
0.04158854998402096,0.0830082129319803
0.14662559295460534,0.0365713060581903
0.13141376137419414,0.107429855437987
0.36573424262362525,0.300525410691719
0.2758373344938351,0.223536200462058
0.029242980260259694,0.688597595155486
0.08645540103197137,0.234882576136513
0.06101961634415921,0.0427015711531358
0.1281854609108827,0.226772864731733
0.13007225952430332,0.101706907113171
0.07425616698395397,0.0402508460155072
0.011389827000592793,0.664745246565716
0.4916254169385024,0.0219332928534912
0.0019819214711634314,0.372921172745948
0.18397295767928917,0.053025483243789
0.08413258328820826,0.314585833075482
0.06515267330482165,0.124097266240325
0.12285115904272077,0.304215457483685
0.27828424771953963,0.383943815723026
0.14904648388701922,0.218474992976508
0.04151626100387021,0.183677526331238
0.01886634805460377,0.12357646919081
0.7238582195975017,0.266029999423826
0.14516247185043143,0.00614303177734593
0.3900695058149502,0.0799103406886418
0.0192387723050164,0.11400876416943
0.18953781597522848,0.3934552506613
0.210911436252013,0.26474448758446
0.16168030706245612,0.296106475419957
0.325683479653824,0.339094262924741
0.14361610020744012,0.187836221185205
0.4331645328682622,0.145681461826209
0.05633653449953454,0.139814529002226
0.08506331112755698,0.0946856442793355
0.030558987594996034,0.0702306628126641
0.16318315009565673,0.0312056249329867
0.10290653712323754,0.131970562897672
0.2224683898750183,0.356000162112883
0.05807988499291126,0.343323215201659
0.028942343733838607,0.263893810244283
0.15305411911327313,0.226060400005092
0.7561751504335463,0.0851639917631161
0.2050435891043265,0.0151086931811015
0.3836344104030657,0.0325328422306246
0.8648090029635909,0.0373291064515318
0.28324196923936207,0.21546643629917
0.05815162313630055,0.131676647354695
0.1314032372529842,0.0927607865485534
0.2732316610450187,0.210179669748964
0.26534455191448125,0.0327093034435274
0.5042053488117547,0.160161135341583
0.20515234307421507,0.159604903651961
0.03019114575702907,0.10033443659596
0.19603033317436255,0.000795954905466481
0.21708201937885405,0.274853806743949
0.05218341920611556,0.486588776232388
0.7500963590580025,0.00657121676357482
0.06630519238363135,0.642970521755416
0.11049011886882906,0.330911228362154
0.13174389320630744,0.414435343649266
0.18112980723365857,0.0580402617778646
0.765860500540525,0.00597636688369968
0.35548131611937456,0.350258202299183
0.2903900498322233,0.126609910268655
0.09075521727936585,0.46163879150989
0.6097059617969018,0.303986898730132
0.028102200248923605,0.593570567069349
0.1850502536161586,0.442238809803954
0.010660902405631827,0.327878238620183
0.39855082838807765,0.128222126596961
0.4374753441099304,0.19846658242922
0.02886000324398037,0.139542493332318
0.0750439464709919,0.103480517644106
0.06948814335550856,0.0979318493632332
0.3616276316173162,0.145068662748625
0.6309235697188231,0.0693915217015937
0.2818962538704116,0.572207245407286
0.41546812346101025,0.213536671304402
0.2830501209935906,0.0552473500249281
0.242046609644535,0.0192826742158231
0.18824787531013812,0.448727010915357
0.20215102713030533,0.145544451687438
0.10842770528591747,0.0386919405281985
0.2618467894734624,0.40171659201512
0.02731807126527674,0.489759216086215
0.16562526077823017,0.523094200573835
0.049326768054094396,0.615697083229046
0.010825142041427312,0.104906564966948
0.017588917200699817,0.381990629786736
0.5053601241469201,0.134313454941864
0.05318354092387031,0.0670466476386911
0.34733077323602274,0.109599474575677
0.16621651891750375,0.326012179151103
0.02653647314134602,0.0133750716299776
0.195992345647111,0.411742247832136
0.05007512760338709,0.55592206639748
0.6511586972210482,0.179772153645613
0.21948245183287404,0.0737583465749325
0.16352510125095088,0.359179785836097
0.1716399689031048,0.420504187414064
0.02493351880315279,0.143600413202283
0.20570413055128825,0.188197442498291
0.0470839843226347,0.11584923395351
0.003214335069360127,0.0763815846038125
0.00017190173642725375,0.0613184353049012
0.07544284694447818,0.145480272273298
0.15346239083088406,0.225285629364553
0.057969617544460075,0.157203436136399
0.09693827180243376,0.167768049481127
0.02439275357904356,0.558146449445831
0.0936985383500483,0.356956083317427
0.4092263856804716,0.252854632173839
0.03109632573132961,0.0177784425871458
0.049596459614816055,0.719167858411039
0.032941047242456084,0.0511616294158404
0.07695864823758763,0.0684412306141534
0.3865261474165122,0.064524743326448
0.7629601698081633,0.05663414251905
0.15691151347266524,0.140088651453989
0.01532194859907193,0.218491861044618
0.07629069108206253,0.370190167595036
0.19695293056736515,0.286199716485779
0.1571852930440233,0.0620437722072484
0.1128744944889991,0.414886366611908
0.5029490378462319,0.0728737132965019
0.09650739781482949,0.151023090795608
0.4761483771924335,0.0735029768753681
0.21051363269478207,0.101011857924632
0.47352781159794194,0.0201322333906833
0.021758051224826404,0.0359141354948963
0.1385895997972563,0.102138791052247
0.2873117170326965,0.0848359331756693
0.14599472719290252,0.145429462742428
0.894287442662339,0.0253109164351971
0.4352845420567661,0.197159953421122
0.4234995559765782,0.0730030717787773
0.5764913703636391,0.177046384700601
0.19809252440351094,0.43062531356526
0.043354976363033496,0.263222441958307
0.06533471523676511,0.0588258663644505
0.35463162776534213,0.230128582266416
0.08489506422590684,0.343889211000654
0.07054102464367332,0.241977907208327
0.6316030509224938,0.0289240929109152
0.33481114903057047,0.106660206184062
0.15194481557890144,0.151529960850675
0.35844188316777953,0.0434781427941994
0.1840556603861864,0.000505122604987876
0.014908915907351024,0.118189024013848
0.10543059868118393,0.32597983134275
0.09292250535887989,0.259207203640755
0.6577827101930552,0.24978214211506
0.004322278914413011,0.0159034731322101
0.034158247829138864,0.555335621102702
0.0555054391533907,0.0500259499855424
0.05528239056416499,0.189498826925936
0.20833398016829954,0.146847102623955
0.22689408053223195,0.0869489365387106
0.03217977931278359,0.405631106005966
0.025126287479345068,0.247319989949521
0.14793909242577183,0.355343459638244
0.26034389822021897,0.0534810897880509
0.2833888870779097,0.29216548131238
0.015308958711157651,0.314921543912744
0.10926563932707728,0.0307634422286032
0.07851673318085234,0.000772414101120993
0.1731521937563515,0.0226018386343824
0.10507498331836095,0.577266364376933
0.02638419982262452,0.237601020917714
0.07293805152608474,0.132061968156173
0.2142450686603269,0.160282071113331
0.36558761131496414,0.28565319249901
0.37242563057306094,0.0755289295841994
0.2607043879003647,0.596858357576129
0.46131802640006975,0.129930943798269
0.1972645758827964,0.0188626611967022
0.08196390568608303,0.304729884785308
0.045426825161054306,0.397870962516363
0.4110190432988787,0.088847922315507
0.06258196598306781,0.902594400377667
0.2972613087131192,0.118690775306857
0.091261243230516,0.135274925208902
0.1746463149852444,0.240448941456727
0.3980700718964213,0.208031523029723
0.3451147241945776,0.117493760317943
0.050162151344515946,0.509341820240988
0.09234537416538377,0.0670687965070414
0.23317447024087587,0.179275600925729
0.3246322544675044,0.245416526993487
0.5905372402357311,0.0725856449569121
0.14300703561852296,0.498199869542063
0.3236085692157732,0.250251835677426
0.0021000845618375217,0.0893643431702184
0.07579719105290983,0.0899951509569371
0.12383508717530926,0.588210191489316
0.0930265910462566,0.314787386678497
0.2424620639093037,0.0246078150239842
0.475149775487285,0.247776262938281
0.014130214970392248,0.0355014818860729
0.1843889085439577,0.0934797839862777
0.3164868879981483,0.412496626888314
0.24471646446958312,0.357690801563524
0.26222583410700473,0.134533812276613
0.13811964635003146,0.262555332244845
0.4306156914126728,0.335885276193761
0.11196230146225622,0.0149378081440904
0.2038663912040399,0.401343297898209
0.11082167051493723,0.0317658445013991
0.12515442840490906,0.0367226483802699
0.20185084724131586,0.0343323106359076
0.00016795226592492191,0.17153089856365
0.34253100214807897,0.0349805942127047
0.9713044868319147,0.0201760865079433
0.03771444495603113,0.157360713369897
0.015879234704281747,0.607194309931871
0.19146236840235248,0.103874266147102
0.33499218615051074,0.119092679136576
0.19776278936485042,0.116377150295432
0.17329478635289836,0.248208617576277
0.14880011069366664,0.38300829502979
0.10304329121142147,0.263006237143537
0.07246689915279314,0.446152137376122
0.4002520044612022,0.270960377428985
0.35229415279375004,0.0515052873997093
0.5777071337781648,0.0481333571474033
0.027403292046874826,0.382861801669929
0.038436611439556276,0.0185375427049342
0.398826665584785,0.479904678008717
0.05407772214094933,0.0970284667735714
0.07842186587467077,0.11699169582675
0.15853891674040027,0.615134736463024
0.05800300934112606,0.679999608776911
0.12572648842640208,0.172274506782437
0.4253971509372254,0.484100281585585
0.17109063764518917,0.727555064506189
0.21856994090243775,0.493156490477811
0.30584380019608376,0.222560405036701
0.028926307184598286,0.643758851719774
0.017338548017240236,0.31042152583139
0.19630320914775554,0.29647572738824
0.5739817663246017,0.200709845936717
0.028357110458850348,0.348839647014476
0.4119599874241165,0.0487081815256174
0.12131855331172951,0.506022274082247
0.48576580496359284,0.403711404656434
0.22054161896594487,0.143091965593889
0.2840717193989876,0.0406806761770916
0.12226445314213825,0.567650867126006
0.060175122948825044,0.202703617751176
0.6664239776565262,0.181867083651672
0.35580470870617725,0.166864640899512
0.1372956631814976,0.203676591324315
0.1678783428341152,0.0473818003686092
0.0013279573689959987,0.588491554807138
0.020994333802328215,0.0953506550981839
0.2661707317521793,0.0021057554355027
0.1593777198041315,0.316304223389975
0.3214886335866801,0.472438497249882
0.10040087891484259,0.00674286574728027
0.16461133773816178,0.249057283527097
0.25359462893400836,0.175766333082945
0.14263628362193884,0.091592544419817
0.06304695689552321,0.335135227523207
0.0025342685904728266,0.0721985921885568
0.28823251131333705,0.243284926505545
0.2192345566541426,0.212872869757063
0.05042162602098871,0.0988780388135864
0.24367318269953814,0.132789342396318
0.15566199334198275,0.184296380282161
0.3298003217696837,0.417359101027685
0.07269174958930158,0.10828956959973
0.12569348904669084,0.0657004081301204
0.34646507433696366,0.0975797763029342
0.0965822813313741,0.00264363818256174
0.05831077616166927,0.330642745262741
0.5399338436712369,0.211498277630616
0.3663682935102935,0.26880087884029
0.2922388001579364,0.256937044145522
0.006302861272420263,0.00293428301634996
0.257490014938075,0.0341113990274849
0.26437598173202587,0.413242828428447
0.010366463852706181,0.260186807794546
0.030611794126357415,0.14341060380722
0.12004175603395797,0.537519374079703
0.048450288751726425,0.296749946524542
0.10879453383456164,0.332339269838255
0.41822856040156386,0.0756975812477811
0.5933059981201587,0.0374644702817001
0.07503650776678275,0.652748232842487
0.21042305220160332,0.0192971574470361
0.5219052267238398,0.0379821365434981
0.7861230048646273,0.0254610192141466
0.5653963382378222,0.248594776479319
0.04484962725320737,0.39390316029804
0.5680469214475259,0.231326426290979
0.03152490562840583,0.0292243332352045
0.01285463592548737,0.809452070411687
0.2981737957605944,0.0633094574864043
0.02282935280807981,0.167450489351485
0.3487842258603559,0.027743048473916
0.016763870147786495,0.340752208485176
0.13745462971237554,0.37327512155963
0.1969935544661843,0.443468268770317
0.11177918965406096,0.229254170869633
0.4704429153996702,0.0604717748470834
0.18583028581691075,0.168452854482401
0.014877262216619004,0.310009333468403
0.1621732103192179,0.0704579486959985
0.106814972430518,0.027975105751705
0.17431908883326327,0.108795701807904
0.0680255802535197,0.0758258632310038
0.2552495406780247,0.278729874699554
0.07857284020587874,0.0705831247834174
0.038310443607395196,0.241634814421018
0.259973552091537,0.347225978736473
0.13487202920343422,0.131442202515673
0.10116003448747801,0.237564142457835
0.12293709157769542,0.241552792270288
0.16400137985191526,0.319014506023955
0.27339615388084815,0.58816277789905
0.05706264157320139,0.385637432420727
0.6035464273213044,0.139355025939299
0.23044748439060972,0.0403444386089478
0.029806652468290968,0.0502104335470518
0.44728749571190196,0.0193849559293324
0.5714699819886043,0.119482034584149
0.003779423790410771,0.674788456290297
0.044542973404917745,0.0258245018897902
0.05546863412137742,0.127437748975309
0.22536623860882019,0.158933493268569
0.3088628887783957,0.0543590549698013
0.13197032925715088,0.0750998249618284
0.12306004463212807,0.698958613593449
0.21440940532693234,0.0758238977314745
0.2796401534891969,0.0120492243990538
0.32778532671276966,0.275465705941311
0.03384346509713317,0.504075145815401
0.00112017755273394,0.157001293401573
0.0009955106034440918,0.121682106528846
0.03530010437708519,0.185117807273911
0.057224526047239765,0.289466520689796
0.17351102934344487,0.206972691605518
0.23263831311336863,0.492433023646835
0.13956340226135744,0.148890053665605
0.21831522222891137,0.452527597037482
0.25161914653099415,0.12405280103955
0.5287438906128075,0.196003360070198
0.17576137936905445,0.224117519766917
0.24064010231919206,0.109390599972603
0.5412189655749976,0.0433801933465323
0.803490798038194,0.0641282074622632
0.10029642474633106,0.0766323387958441
0.5171992111150233,0.0241767837063031
0.3493455985644214,0.2476460052845
0.050944050838901134,0.164505443551654
0.11518414821210365,0.355875862825739
0.3983764436771595,0.318199948245292
0.20627429223417254,0.113726042267752
0.5644527695314775,0.133918370195018
0.2100041012575781,0.594492400010995
0.3722206144282,0.236766288398942
0.15001153856970098,0.0318494972445917
0.057920174415919554,0.274323194414978
0.08296471992295026,0.00910857172170934
0.04339450003269962,0.342289515116576
0.4160969903440978,0.301833281938959
0.1120530666498086,0.638773681054611
0.437761504440716,0.114108069440158
0.3222020373674374,0.265779906828737
0.38774828585573184,0.311893137184884
0.4147414443663168,0.384954379821994
0.08687820270444124,0.32567682312638
0.26279727934629754,0.248148907273029
0.027974288137494245,0.431516910855062
0.42266210300925855,0.127271962631465
0.22120232914683777,0.0185717853002353
0.3518991944260376,0.261323377702804
0.01658431542329542,0.0851569872586292
0.45989530738572226,0.0701868632477048
0.12627145240956497,0.0357769667853587
0.010199610349968913,0.414254497293542
0.26130582683805303,0.0942499782070196
0.0021694154419823444,0.4394438879916
0.20820882971477217,0.142615272439467
0.042120997327452454,0.827851629778977
0.019331646314438948,0.144385959953711
0.2366683825805338,0.270601909722756
0.06736149723651352,0.0229328651208637
0.01778759043133985,0.11956568764906
0.0639023705777078,0.0792189241362113
0.3627222820620396,0.114574030086771
0.14052686326098912,0.0520598641526155
0.13981650350195798,0.274684055767925
0.41762376317919664,0.0586413223271342
0.4389166208147258,0.135310938357718
0.10151499894609939,0.0270115185695373
0.15201960083991506,0.298868920476325
0.07201652972983567,0.407684073124626
0.08782277183671125,0.0606767067790295
0.20960395844996874,0.0808775429580025
0.06643804564481492,0.0349698727875724
0.12080412894762395,0.0818184339810115
0.008588722802898087,0.494012651651087
0.24086348959767098,0.6335349596331
0.10489740560261823,0.181167748768044
0.02075671845096057,0.746812301982784
0.01812360038116895,0.688572182382394
0.2821044043010308,0.49757165785445
0.012799463445862821,0.199432061244837
0.09400362338918739,0.00351111373611367
0.15285359212278796,0.516965670392318
0.21776062569841906,0.0238948981001551
0.1903149845332494,0.039598550936972
0.32875544639755894,0.134064157696854
0.13758785988175504,0.0857193182558695
0.285995801129803,0.0268391916705663
0.0898685638201414,0.201667022266085
0.3339525779779739,0.000655987118712055
0.079798461379437,0.244456963635016
0.03336281998054473,0.0995040833063533
0.10447323655489146,0.0313550191255855
0.010063652530053204,0.367624338170953
0.05921723683099393,0.530729907011956
0.09092419032360771,0.470771880532857
0.3222359421814246,0.0744421268413503
0.010288613629412524,0.327241594879311
0.41302551540682103,0.478161799256153
0.01961832552951866,0.0599682322951542
0.01009868114024508,0.201177931298416
0.07915667216991516,0.208113539002687
0.42150845300668466,0.177170087682386
0.2180338209206001,0.192041838178841
0.12195565474017249,0.16200229181555
0.0003588992887238207,0.06529325267705
0.09704380831381164,0.387289835168147
0.2733442130863065,0.348633019402539
0.27286089697984517,0.0586055663217636
0.3516281725921117,0.0716667832857346
0.3466323036761193,0.00713809017249303
0.1071878044505497,0.21729752063018
0.02802009109376244,0.525982398645613
0.12134295807419992,0.359572472911743
0.25691549609915043,0.215461584947481
0.07803431462751832,0.0250102256042177
0.0013770752536846778,0.45357014724027
0.7737991538151862,0.212613703645838
0.35589892240439275,0.0846616754028641
0.5859600127250186,0.0446055603448682
0.27950774449933,0.157987632453595
0.1322481584755179,0.0607709698382
0.08760224636904987,0.211773867730249
0.06472311895656824,0.23452806428926
0.02293095698593395,0.0632192539915709
0.03256979992406168,0.145392337756003
0.517078424405749,0.351783753238196
0.33253886791631254,0.412950346369314
0.08526070589329467,0.431024245944923
0.024791049457810296,0.917585332881974
0.2046251121939447,0.173924486083833
0.01899581879372605,0.100958726425842
0.039514156356670084,0.0234295205699875
0.7371321087484688,0.0439646922629929
0.1613179921836081,0.0535075200644285
0.3356060931181169,0.0946363814112043
0.15650031369107384,0.00384651158142121
0.3334177479336648,0.199231923781853
0.6318128382261579,0.143114450223539
0.7863160676454202,0.0930711922227456
0.0698750874423742,0.084958565515167
0.2636385355435155,0.0207297999320256
0.14581343514987008,0.187346600305325
0.04591820146505087,0.131030088823989
0.033108048975922615,0.320243972027513
0.05488512615772952,0.58985108636101
0.01023893264237748,0.111605951013827
0.4198517558768594,0.291243204722321
0.39157610315192065,0.0416735845343493
0.49860326054091203,0.0299868303623357
0.032609606600639024,0.619251696836411
0.07334370385455634,0.210218232837401
0.2083367657658233,0.379172723349399
0.12828302546633435,0.596359934671874
0.3993212813156569,0.316067714489257
0.2761352038099718,0.0204622055152757
0.4269735874183808,0.238948070508497
0.42730865319493355,0.0340346340978608
0.09309286564743038,0.149506622428785
0.005946566195665785,0.226150455678125
0.0030132520219656846,0.256408854726087
0.127372009204961,0.00243699698997878
0.2271223912368679,0.331424337543376
0.08375267302886294,0.0621908726922967
0.11028075009870401,0.0967401575635034
0.0608945469507263,0.382105724328107
0.26840225011157737,0.0880912201504492
0.25992173756043174,0.157128081079297
0.20931030403912737,0.0429631069647499
0.19871318668655247,0.356743949510186
0.43249009518104325,0.000615448746833879
0.11071824873354627,0.408248092087096
0.7028486928818944,0.0136035496304687
0.02134386038286476,0.204766993907892
0.1043910685558148,0.526091200973641
0.03470588378518935,0.205233203403856
0.003984848849683271,0.122254591622719
0.1395990081889027,0.106512151258852
0.047922464923927106,0.051041902464174
0.06936809365593159,0.477796924973762
0.24763992319037723,0.145135747526182
0.7272057441811516,0.112234162247195
0.03192910393329717,0.369092275450809
0.298708432393335,0.0807113694483899
0.28128617116434784,0.167629590420235
0.21410346681586012,0.183559932071998
0.08822456590927696,0.134661794990647
0.12698652150342757,0.206169413979207
0.2427799776233266,0.470680747517809
0.02877751268108664,0.231308868527331
0.030779519318042306,0.494575123957996
0.24773009528161913,0.107697928542328
0.03538645111475499,0.467378719583716
0.41071385735414423,0.0826218867488936
0.11788185870847909,0.451206604305069
0.039726027319927616,0.276153966118079
0.01279435834081106,0.216448533856063
0.05614166925552802,0.0300541107204832
0.08894963038587285,0.0643156421842972
0.09319899945016162,0.155302063432237
0.3245383767687077,0.258374947515265
0.2899559389068331,0.077459230078951
0.013902961723737369,0.0308381998509937
0.09824488521091476,0.190781437064443
0.1277456158348365,0.286311932643868
0.1660990521725021,0.040167368461022
0.055387426815553975,0.09449885254395
0.588469501721418,0.100372372032352
0.017368688381586617,0.303131744372888
0.062208053909313166,0.209559001083285
0.08057852568423866,0.422207220966713
0.17185590773932596,0.00655129632115771
0.22623900627622023,0.0997774602866277
0.19032504410351356,0.120017990653933
0.09280034343825448,0.0380626967889027
0.14788589526504686,0.145911288158771
0.15130605935429212,0.238411999733234
0.008392180974903189,0.550564541195388
0.26944507769251874,0.109538838192342
0.02556174805247517,0.122288752198907
0.63177965250012,0.172427191501215
0.5961361494645785,0.00346809730634659
0.18765670150614486,0.0434507442500805
0.028458017728594912,0.503753881388147
0.10103486204684199,0.110016442638085
0.10744956446204516,0.171011361889479
0.08293774796359425,0.00223992460953041
0.14984492449861114,0.141650349458377
0.10877835382689399,0.0360318965500013
0.5212626237296483,0.171517494836205
0.03616799346167139,0.0480930835252713
0.0984752069843908,0.192407520779435
0.021377575792670314,0.170515363695608
0.07394238659267283,0.091310681290476
0.4333507148204185,0.0101333783301071
0.037993334252125546,0.409688676639123
0.13875408649046486,0.432494389624857
0.22626476989067232,0.236174652913583
0.2570695149397557,0.420308064878816
0.07647317993759505,0.0305996059121632
0.058771180321165725,0.0380925989646204
0.07292757134939387,0.148769587763407
0.05526501115300664,0.0144413297549001
0.07569673849488535,0.446975689507698
0.1862842727628662,0.0251389449276655
0.5234569102452511,0.140964046082935
0.14982015721167172,0.228189949785543
0.20613137392118375,0.0385174734842131
0.1620376661111947,0.0147069615294374
0.19015739039003063,0.0400986672123448
0.025774442490607157,0.364999724102976
0.11287432677043686,0.0914337971405884
0.3970594280027535,0.0989839368951098
0.032090571015115775,0.186088609228589
0.3237605158411756,0.0466182982489619
0.2560707346089599,0.345620491662043
0.3350755335799125,0.0428044227054427
0.030503381957880354,0.0664860626415459
0.04147254665749525,0.109754182059235
0.005623252128240431,0.148737920282946
0.3969432285882366,0.133943174522013
0.20354144703801144,0.0214759872167684
0.07610496561212386,0.391559744779191
0.40198473882886454,0.00997523509268453
0.186411350444468,0.289252584313011
0.7951407851008906,0.0134176760369383
0.2185112824254171,0.159487482495448
0.14196935056103036,0.0319670103987768
0.003447025050612023,0.208319898752235
0.03455803966936571,0.266957830969011
0.2510071567892699,0.122808535799975
0.2316375541188322,0.368096431372895
0.04314258865444043,0.07262319019905
0.05784073542470321,0.188047512477366
0.4978030729793699,0.27861511933427
0.18111763166474634,0.194187368437806
0.3530615541741591,0.197294735432403
0.1516909229921737,0.105979388640555
0.1166511629087255,0.470847143763912
0.01970237740830405,0.029032383900296
0.27585894357293506,0.0165322635877248
0.03170808289363552,0.393716030948876
0.4845024053013237,0.0137292163330401
0.004205394357702049,0.318246873321074
0.06515831111276046,0.687753585099175
0.14455507870820508,0.498496534130738
0.060923668346242466,0.544850511657263
0.5904998887563262,0.173974567781532
0.296098961755823,0.0869499705563785
0.0962096668201227,0.230810417183152
0.24268678540896035,0.147591513446852
0.23127665861681365,0.206785079541523
0.2575793994519672,0.147879258293124
0.24802213754442679,0.139005255347204
0.0858787560171542,0.02108851780622
0.16417673933419571,0.124181612087872
0.007313945927345109,0.0505018898295642
0.11546338715679183,0.0356665993507871
0.3772884235751278,0.276237355753751
0.18162908082745466,0.00412791772222332
0.025212005039284533,0.00288492707214747
0.07166977964063379,0.0838010050757734
0.11999847918871531,0.140544568061173
0.07061992430571212,0.441230881379642
0.04198612881963651,0.392778934465526
0.1782871070553902,0.457700999859338
0.18651690073796423,0.241527001607681
0.05234798446688214,0.104257117725837
0.2983721057956729,0.040055842025579
0.06175416403196917,0.170054852223817
0.18288094206336136,0.439907720492704
0.4959582946086992,0.140291656365961
0.5474041704683976,0.100745779401986
0.01139695515744754,0.619600227606447
0.09172812594603735,0.00740089654208677
0.14489381348783173,0.170532855828476
0.07207454451659281,0.0812746681779064
0.05606533160646357,0.114814316525969
0.052035406152622234,0.532898868196188
0.14845625823975003,0.663808908605542
0.0709740498430464,0.449937474382167
0.28054761415802376,0.0230109595871886
0.017331160837867118,0.276828883852721
0.38742328715234703,0.0209101982757787
0.2540149189875571,0.162117547931987
0.5741737583377455,0.129227798670822
0.16303095895255174,0.0222079310622329
0.16690860592375248,0.0433182819930696
0.013556088834903732,0.399386238470631
0.004811614177616047,0.322379163245848
0.22449038960928797,0.00273252341340037
0.20870481897970042,0.162805216047095
0.03497842415847645,0.213361024830587
0.2004436247186121,0.149319242177724
0.08140925568162616,0.235246351527936
0.4133010516042383,0.150776559458247
0.08340232570426598,0.507053786328952
0.04980081790558418,0.552804887744402
0.13609286292821307,0.391773417692961
0.17219799477026998,0.109736126355257
0.05446944170643968,0.129071538333795
0.2544291523859813,0.326657801374677
0.6070072181678989,0.0896155665086745
0.10579933560110558,0.281731958767981
0.014712016734447102,0.0612185674989611
0.8460437129919676,0.103504825761202
0.3590241832572607,0.0119938997163941
0.16792462984140574,0.0425616718137295
0.09021398524687095,0.563985809565536
0.12075277422515647,0.151008805889011
0.05400393907909435,0.0331168052802633
0.05954060536841891,0.22950551416441
0.33765062913127736,0.28665468336961
0.27815383045948044,0.285613021201382
0.3194632980486168,0.212897087986595
0.012814034184464565,0.115176480671739
0.7923721187440326,0.011022399716119
0.25317797335204456,0.0154659719472542
0.015261256672014058,0.0754768881963028
0.1217951461424204,0.399124704980586
0.06517081312769171,0.718529471353515
0.0012447396785090427,0.00795965686687353
0.14724225593268156,0.112953499332073
0.039993492291242466,0.0557578470892695
0.08414244872754434,0.67393998956737
0.4593832611009865,0.0635298733432266
0.12256117765406335,0.349500346031161
0.12585544197795898,0.319619719721263
0.2564968598616517,0.107749824547336
0.3229658352307278,0.0240292992636801
0.011962698549647606,0.414509910995575
0.005350281729053683,0.544934720111246
0.8165666869850251,0.0253980994546429
0.02380227417264956,0.0173085546927034
0.24581880493533792,0.0340656055751496
0.28354299144250966,0.0893843019390443
0.359985220355446,0.0356649852025092
0.5863722239941115,0.366499660023301
0.644829792431346,0.203669319359318
0.04315212080255638,0.251385668355941
0.1015050860363348,0.00381751169032568
0.16638468371318368,0.251894856296483
0.044038777118651014,0.705049801121895
0.022968291867680832,0.497986588259945
0.05837748341077035,0.160219025429739
0.3447223877355292,0.175839307283911
0.23695198938762985,0.00905805171421889
0.10248175786761082,0.106333772756316
0.21392481193009175,0.438102625128809
0.033249838859609,0.422986534453612
0.26767732917985165,0.030124452850382
0.024329868094665415,0.108062986263569
0.13048542072881744,0.0552704658771956
0.5021923947564069,0.0844731053692572
0.02143369266106239,0.51664408551522
0.1147797216696873,0.207481796116678
0.5138570835697953,0.0486424284287653
0.19806872841124876,0.0213122193378043
0.04155150092312603,0.263792198500605
0.23153582832610065,0.0102296352666562
0.3413693161525083,0.00136321974502482
0.787394939626917,0.131160680558924
0.07061411538500383,0.0483456361806684
0.16562694456370605,0.00812257158628414
0.3861696769761899,0.0981530912085539
0.08172800926163656,0.0752417814405269
0.008532548360579525,0.337417443364008
0.0010891630014457677,0.010901519876563
0.09381018199050889,0.0765274638564403
0.03245672281001359,0.295472907457259
0.18617178616964553,0.341867804542707
0.5305137827295919,0.0525575719111654
0.21520388287584935,0.280960727672088
0.13775028233601885,0.233116053151919
0.03572210989345621,0.0784252368255065
0.35142864017214437,0.147775575504298
0.020346688471755005,0.383807078065718
0.147121216954136,0.127883020228006
0.23868461381605546,0.197277859101584
0.469045258901248,0.337034451665709
0.5782915459706843,0.0231901706732698
0.046363972862189295,0.043853468227122
0.029847715381515663,0.523150539424338
0.27741353696631227,0.166254996884652
0.032800213007003344,0.178151185769574
0.066726366959646,0.172641182269743
0.07896700103416965,0.071474809826993
0.11592055641288815,0.206169076861739
0.024240298749745016,0.167332652464801
0.008847009226057388,0.0337158187527306
0.1739054084126272,0.62011969447277
0.442931034998219,0.0778662286391864
0.49441047898456664,0.194325151113361
0.05372940261800107,0.520688993753564
0.016580983232082992,0.0675687378940079
0.4953068028974644,0.129254769925044
0.2235925345558609,0.404725371409925
0.016527726392601333,0.108664142754751
0.034227468685089774,0.0229885343755499
0.5194384373540879,0.180333877141388
0.25561443655192967,0.041404221125618
0.06546004879130254,0.483095652522695
0.1716882441053162,0.0597368124167299
0.016567875328398932,0.0855753696452472
0.0710059979678912,0.528122659821043
0.20593953429035086,0.163670855929848
0.5840755205344497,0.0595968697078617
0.21159377400968335,0.340632897208188
0.39897389091092006,0.380051384413469
0.08251949367507773,0.205065273713134
0.09976652835470162,0.126474113551403
0.5502660751251653,0.359777319310328
0.001780917943864194,0.20685178562368
0.038368114640370495,0.257966205470145
0.017910193272796665,0.134554425891803
0.06595994751629188,0.0945516700082076
0.4116923741274313,0.217281536688523
0.15831246642936067,0.0747818218771692
0.2448187764468786,0.213814314763946
0.5777368137894705,0.357567563809373
0.18725984639002524,0.592657787180836
0.37238138791732606,0.247443184042192
0.07841483649977878,0.153009680609344
0.1503649786835657,0.00162263477016499
0.325736337916193,0.565146245394253
0.1013230709577611,0.287271989496949
0.14786480706840982,0.465973413834601
0.33623274483201204,0.299365504435613
0.10893179020375968,0.185641715803626
0.2987224482394939,0.231194603944165
0.15841532266944228,0.111537241404078
0.45940280033402714,0.135610194965345
0.16520343468141252,0.293067915319207
0.25097605464600775,0.0417939933108433
0.39303787739784585,0.388676297618112
0.02784324765876223,0.0714702276875552
0.14835878348408302,0.128695453217074
0.3888183203243141,0.0262105244463982
0.08746094607934142,0.168504463425905
0.40470666383415094,0.0258546078920308
0.05595955978247368,0.25197777397795
0.21319649844332733,0.0041652140774058
0.28748000163514914,0.00369821662385758
0.0860213671468598,0.214841823349369
0.48569825667996996,0.346659243664266
0.5886770915134356,0.132230255465103
0.18814995438120366,0.073753499500624
0.31661412677737033,0.0944022975958849
0.015393433113105351,0.836391478043335
0.4663667778750295,0.0296906855242538
0.09133072909750048,0.668193724994389
0.37266578971090486,0.0269620933290615
0.16161296970216574,0.00509096929099572
0.6515901947509465,0.0677284864697497
0.1490652461272699,0.0800942618425127
0.055073283811405194,0.0306017768885332
0.011827991402105241,0.45540317248441
0.48740099144760013,0.106732673480692
0.19381718329337064,0.141910514246054
0.12449847060835867,0.141506521553408
0.03469372969804793,0.709146999828565
0.4126623478552822,0.0944985879210142
0.03627307488104735,0.0624324889897687
0.012019025882031388,0.462717720829375
0.08481290037739952,0.577665918856117
0.2492434148027551,0.0144049452335488
0.05976446765451629,0.00199740667276552
0.11050575724757074,0.034312740368353
0.4494810373089626,0.00296141724205131
0.12006458370720541,0.0728305855742674
0.02908746835884971,0.136172606380982
0.3151600065877067,0.118792653601641
0.4181801403542906,0.163323014785923
0.18604291529675135,0.0961507528321364
0.13725658681749545,0.0772280670407375
0.06359720299170324,0.270941606180009
0.15952290957467355,0.279220338169168
0.4172567176537557,0.0844970072219955
0.08924667320557347,0.11984934873889
0.08101298274224736,0.803041137408406
0.16824288447880756,0.72935144795241
0.29596585038282386,0.289332791254917
0.06501421994239023,0.593889494480961
0.10730632764385233,0.0591100843553878
0.8788792665221139,0.034008872127627
0.04084848808499809,0.414843509279264
0.20897049704829074,0.271706760385131
0.17966954256338558,0.0508679322016682
0.034882864093606,0.231349500040839
0.6061496587383673,0.271245131081337
0.42139138966789286,0.407534614863747
0.5517680660900558,0.00158353854740267
0.5391556601587343,0.413292455036537
0.41270611359994214,0.067055086095132
0.31840126412378034,0.526104077441133
0.09406735610450212,0.35161529251955
0.6509866906554335,0.0746791109482763
0.02373753295665239,0.33231247649941
0.26564824077834626,0.122911453225926
0.06385472012585941,0.0676508033685987
0.5119811992410066,0.151060696279276
0.17557798125350213,0.0904527539641699
0.017267572094850196,0.28391841736166
0.3966813240325059,0.082302938190043
0.2116300021843891,0.0780766451918778
0.04673406026419076,0.0354462681316916
0.29217709750957355,0.501162744992019
0.2965169144229768,0.227155057774391
0.00467413880544043,0.271787800866667
0.07210319334247027,0.0496053516229206
0.09457679999148869,0.169786821997495
0.048675611847583226,0.306393116184608
0.004916605456935357,0.324859211678629
0.3426928296323725,0.127416481425953
0.14667306550852532,0.109939659891233
0.1319872373839397,0.19509138564856
0.26429029260916886,0.202328295975697
0.09968973680692866,0.103530809776132
0.08694169479320012,0.0258976091374571
0.013312841329600936,0.456800399828638
0.2691532094420538,0.234157832864336
0.3336453019094622,0.0632396147790985
0.7217483921528809,0.0800969543830464
0.023597705799897433,0.23375082337405
0.25638953476902115,0.0124153099605695
0.10593068457895127,0.477102314786167
0.005735635762134857,0.0770857431373621
0.2163877434114557,0.355860823274539
0.3766942392189268,0.0320181969959778
0.21710610672021957,0.298750904470274
0.2043455376467172,0.102764901951862
0.183949447076828,0.126207074798837
0.5727974824083562,0.128974676874303
0.009440448475648117,0.270071811584326
0.02453735324408888,0.0449729076427689
0.25937157346448764,0.0915503412205432
0.3948027687790988,0.0152174690460848
0.08799724255397244,0.0473677492312148
0.10370680023162075,0.399996533512748
0.07688785052002574,0.352063089955952
0.07028346429736779,0.0996781701756937
0.21517843289829122,0.0369861465650057
0.42134834880729294,0.331609192455228
0.2514693894328946,0.0210956497801151
0.1089658099682615,0.220826290564492
0.5419622446480554,0.185182702509138
0.20425438451486447,0.0235332273229896
0.18087389683806754,0.126166504768919
0.18790859282609096,0.0311693473896877
0.2989673729437608,0.0404144229369884
0.15649677019226432,0.0749999190380357
0.01946137910401459,0.38815599229428
0.1532752915200185,0.16803766843543
0.5030870799125317,0.440474941474416
0.10320462194124617,0.27958945542196
0.11699062789076968,0.0138397293678303
0.017120730909903327,0.131569612820293
0.07238755745716667,0.00811123720449727
0.14855895719147844,0.04084036293713
0.3027077212961301,0.0496289002273173
0.06125535632893223,0.158978592087309
0.03781392689957529,0.217028326298967
0.0581323790840233,0.352885539067244
0.032626778981240105,0.251581729547383
0.29876757046406016,0.0469005441901857
0.2503277662035589,0.17952995905755
0.3563753923295499,0.285306276551558
0.3681746471848371,0.235901392552066
0.06859859076700753,0.161332108553481
0.0226768010845124,0.245237270437998
0.3497508825113726,0.0454398136671065
0.028958866132724415,0.15482371729954
0.02985166382441669,0.123310135118558
0.12038110687450086,0.0631201660397662
0.1233811351563474,0.0895485036580863
0.19870866136938084,0.302770552041965
0.5000479252564869,0.131748726579686
0.42117943613258935,0.0482653078345422
0.23135923059267177,0.00982505293422471
0.3992862129461936,0.203260639764556
0.18667734964962407,0.521786450410419
0.014817781440138926,0.238714472459711
0.5601834032856099,0.0311957332486364
0.1720258242306478,0.441626865527698
0.13305073629120973,0.0492523223355901
0.07439622725260295,0.482976719220738
0.06128542373683134,0.388376663803469
0.06689162737420615,0.243472565385964
0.05366776563467134,0.157923468877119
0.06894674347840118,0.0339085642717107
0.00366779768403607,0.33891957411585
0.09595847042690715,0.0613605156971056
0.014790826233646472,0.246228973601188
0.2753783713244143,0.0170913048172768
0.16334035451613674,0.0489050641272438
0.04759610650600097,0.128130451256255
0.3186107850344938,0.271208471287717
0.6598373846215181,0.155280407476493
0.342918971802955,0.41204517293418
0.050096000599092784,0.121070508617606
0.06848878909346326,0.0263431395464884
0.10578274721695648,0.122902119185807
0.08307165721769924,0.0462845371523741
0.027992899188967964,0.236413212894175
0.40155795809371025,0.0322495502280154
0.15379516024255813,0.132696250224203
0.10389984416762382,0.0613031435363055
0.10634940832163595,0.577341697585242
0.41312337247790193,0.187265844496114
0.1418520617860071,0.415036645728239
0.2621823660163356,0.277878938971016
0.02591959010306791,0.313746000360395
0.007039004772255972,0.142262388479873
0.6033865712249119,0.262442141928064
0.2986441352853416,0.103436279796116
0.055691235094406856,0.697565760437011
0.46548599750552505,0.205643505959281
0.2765351258539888,0.507913220804145
0.1585700125624786,0.288156860424901
0.058670126758270706,0.477659253551369
0.16900765173924454,0.00977088193404232
0.04060258745178403,0.18274884044664
0.07497091691608107,0.588565607157956
0.12786505288891625,0.362653771428176
0.2722102913505523,0.0273262290817172
0.002753188231050824,0.0113294709089781
0.22543067329404032,0.0237070576637785
0.18832281618133484,0.181972567181587
0.005614841955815167,0.264205475019117
0.2519868434189288,0.415487023882533
0.24546225400270963,0.0350801533716568
0.3073656919615926,0.185275392180406
0.06444392484717365,0.24360090402245
0.10067745566636588,0.331096899224061
0.6059302951070261,0.156447172678264
0.11960103858999911,0.166279047467296
0.22707208519739472,0.0534296265903603
0.43743050539923023,0.0342199129215022
0.22566252364751122,0.0185449831926256
0.08590701567721895,0.480632035573162
0.22369864499716202,0.332456863676173
0.05345706143266011,0.293285464231926
0.41610872643942676,0.210485261103494
0.02677969049214841,0.0531061488474533
0.20825564008724823,0.16954961436798
0.12878480918249474,0.0679229303578504
0.04143442188162813,0.036095307133825
0.4180396044821876,0.0924358500383568
0.5429447254112649,0.112124466323779
0.1945623797483618,0.0990075514397197
0.4488439901002929,0.067228683964991
0.11656576153574137,0.274654569567667
0.18355553629207527,0.37826325646116
0.028979574898316707,0.0658505206382172
0.5072721924541449,0.131117231631367
0.38604154336478413,0.389410078083148
0.18594356030398682,0.171103968359489
0.23901855793157012,0.609259915712853
0.0651271576743905,0.483303035949272
0.026833734288987634,0.122000629008589
0.0751771009146387,0.443892184091322
0.011733896631167908,0.171711868718603
0.35126190213463754,0.0901118963670126
0.4898662078962473,0.0443177277224305
0.06030468050845432,0.609393119037132
0.13682252401669356,0.19997032757596
0.6214336087775378,0.278341078077913
0.018803265758427227,0.150757960277396
0.03948212398694049,0.0540223863948129
0.0010602954110236031,0.4965094135654
0.4271857605341807,0.365011918300932
0.0011828796049015212,0.306150722503723
0.06535754022976306,0.202203195273826
0.2007829534594786,0.0138852649683431
0.1378913834480188,0.0322783547323637
0.035962396824669056,0.539917254856901
0.32089338289557395,0.0691865443637275
0.1394675139576817,0.647105124983176
0.355570340754511,0.353299598818319
0.09905960364301056,0.386892021838958
0.15876473478426284,0.155211663556518
0.6386757317418127,0.0608205316504877
0.2574294542396764,0.308504049976031
0.043644729191094515,0.358017927923248
0.14845785229738373,0.039201720478461
0.020738016754475615,0.18842136219002
0.13062264377502789,0.243303258243653
0.03405762243295514,0.503971639054484
0.4833114611584822,0.0303171666546969
0.32003700606976593,0.509842487226178
0.11947141910318788,0.203220165736754
0.015684004939879575,0.0134561651734293
0.36336333879346566,0.108338295023862
0.14301268772328296,0.20601023858771
0.35973788750745983,0.0111500079113494
0.35626463033732353,0.302243539416287
0.32194785883231364,0.154618721891084
0.2427655409322399,0.378453056193022
0.3197129885992932,0.511850330368451
0.06410101622988489,0.616371149418402
0.11645965138747258,0.0798725175588168
0.10275703530760424,0.0678382395540253
0.2012664087059737,0.25169185192339
0.0034538640006370183,0.150223226801481
0.1457990783601163,0.208077255481524
0.4308577051498967,0.553121540954439
0.19886969746640892,0.160590236722427
0.06534209060192674,0.19099177151067
0.1807458660341414,0.264849163259341
0.30035591276724954,0.0741608041071142
0.039657960015493786,0.0975785633538558
0.32236670511517745,0.486242733931093
0.23096114263343964,0.375521588067352
0.12322429509478541,0.266680233814278
0.13965912008703296,0.0335714764337711
0.22361308149117193,0.0439645365267336
0.07869125550946382,0.0928686474603923
0.015089115420362308,0.231438675046206
0.04574278383011695,0.135300122290197
0.49830439122256814,0.0697193312606759
0.007724071658093184,0.179985719662079
0.11399775424654388,0.367084206834611
0.26246219826909895,0.09054071858421
0.06613213137513844,0.213422569834787
0.7772566780208249,0.0720198634173209
0.14516985263681514,0.0563978739410481
0.27086133437967636,0.0406745061654406
0.4502348344893027,0.0147680552758282
0.19042869001862833,0.0577663805075596
0.2803773650112123,0.0515595111562789
0.1649953235641649,0.163253234997166
0.06202124138941198,0.462182445424321
0.011104541502958963,0.306899748209874
0.48825762663716626,0.0612382374751687
0.06433091055730113,0.147971047691869
0.006504548596840202,0.14383450942508
0.26811685934375235,0.211840777914402
0.18577337016498277,0.431652919910328
0.018361633918696923,0.13880490910695
0.21068890066609944,0.230371860222958
0.30462126849883125,0.01980951310078
0.0946874222168161,0.344789436395212
0.01399253990542384,0.461951301125901
0.19321488655832375,0.163807750385301
0.16041729303867963,0.1065967331411
0.029089673439951877,0.0964265537304696
0.027860035145971213,0.000877970320299072
0.08821129262815737,0.44246548797531
0.536837432783223,0.187617712443106
0.4418389136488729,0.0329920757456564
0.4809138427339001,0.0400429753742259
0.07170083524367828,0.384838446719086
0.09643380623073701,0.294967701819074
0.1464778935352369,0.117854001411882
0.288062604487079,0.134770507251692
0.21009330511844543,0.307275668564837
0.022534639393025347,0.245628264200472
0.23242460283701907,0.040476891922831
0.1152880897028205,0.14191541351374
0.2246282293047582,0.127107096220957
0.0829136311347587,0.0738453154028695
0.4213888768069074,0.11237237384747
0.22930189038376045,0.0552702732561451
0.17439214548317816,0.0190969876970376
0.14501648975926226,0.126389569601766
0.012120600072032752,0.133654503135025
0.3206860915963448,0.177034286732779
0.0341625491806884,0.878431132107496
0.3569382256726676,0.0337522634384063
0.28125895058717093,0.310593731552449
0.1981799667508369,0.429031976035048
0.055804559828577495,0.126724598201758
0.3474708558807202,0.129209735019481
0.061288479397355,0.542377337221426
0.06388772804825907,0.0696662967967326
0.49977216990793294,0.179985884323239
0.24067204233781894,0.0567946749317502
0.02115744986649191,0.0796402398282922
0.3776601692189836,0.0473175220936719
0.11168567860350032,0.215401821014401
0.28726415435140995,0.129366398561699
0.18659810818653796,0.202398723091591
0.3616323049234666,0.026750354230346
0.09259121078646203,0.0787779708060811
0.06511821932600576,0.317477345326209
0.18564515437289622,0.0534407158264461
0.36873877601992805,0.181624222906227
0.2366210243258371,0.185133256708891
0.20485809898083182,0.418581353706003
0.2647888791275128,0.0152782623127013
0.09257477147471244,0.552728953578345
0.25732715879439494,0.165072732846787
0.5322955514879992,0.116844030935496
0.35763905899470605,0.0365387393362821
0.03756191563041362,0.0768981221409431
0.23311898134730707,0.0187815697163145
0.12104863853677318,0.466250561531754
0.2683664139361482,0.417609168753825
0.07357542787488693,0.0417112648233121
0.3146509624773949,0.0559970229820279
0.11283992226405468,0.00159389171020831
0.36026207343030026,0.0328501928740549
0.5610587804966248,0.144740504231386
0.3871551209912591,0.288674981556538
0.3660825634351684,0.26827459407105
0.14898364812266926,0.0121474009488285
0.01846126427140144,0.187970677744622
0.19508418188557292,0.0647308394450844
0.2672222811140213,0.080360335601834
0.0038130391826793706,0.187075708343121
0.08401839158887286,0.0597273637003314
0.7206098385062273,0.124351945419577
0.08085194253260915,0.175699443436089
0.03108919939404598,0.495214744190383
0.5357963481671363,0.0904373823257934
0.07021941542100314,0.00963711761267837
0.03615511360753074,0.482727456766855
0.25041301471345095,0.254259273693939
0.024512941868028323,0.286305085740997
0.2130665100604474,0.161819622955976
0.15410860273122126,0.0646979120699618
0.3874970127042037,0.00929599055309135
0.31267988356231335,0.014518999507734
0.19051563820585876,0.0308149305432728
0.040402546702589394,0.17688858652714
0.20043617341577472,0.490300701801878
0.06571184531789143,0.424587516182772
0.0994422693631317,0.118186298539406
0.3039012428267698,0.0929872808893066
0.007400282635681807,0.0176866742132601
0.02038547423492086,0.276398142898133
0.03320425261519893,0.283499950001925
0.21949783632857858,0.126382659418179
0.3593330550047036,0.0316517385467524
0.22401611240617803,0.00852626840375405
0.0653816502623916,0.417606997940569
0.014103525182295056,0.0195004254216964
0.08059696082311155,0.706109417481308
0.2583230813141381,0.230121699346936
0.39645871540855354,0.0314213713762913
0.20636151288923035,0.210280357059639
0.477434556876668,0.0775495610427644
0.08695712876329166,0.413658461467354
0.34474366174200033,0.217033608821759
0.22568776457193268,0.00917947410541309
0.393076132990943,0.119463016988432
0.3504584272588803,0.363364371277948
0.6842045495041158,0.0227386671472226
0.6693506578736146,0.179178698650234
0.4973187527376693,0.143837125559588
0.014961176368935115,0.0568761755189814
0.18897988849589692,0.194021980256752
0.32203947961221296,0.012790303837628
0.16295234141511358,0.0511822490815642
0.451801124757791,0.177921850142103
0.4272439995546441,0.021770980083434
0.606530935813805,0.0191943572603303
0.03908310233870176,0.108674979928204
0.0501643369836176,0.0263980329016426
0.41592450167735495,0.264565657159615
0.0020825776135383564,0.282313575719743
0.07014312237766973,0.0314927665200858
0.36208200612734526,0.278741441854155
0.24622911626363103,0.0468349515217229
0.05898182582144643,0.0367483664855213
0.3432307344207531,0.114012228988878
0.2560164007262828,0.0921258524424415
0.47119897908760505,0.0731934836115554
0.01536489498153055,0.181296645953261
0.07283721337154848,0.178661553581767
0.1518632858453102,0.55782823735313
0.006912368857138123,0.127002339458279
0.2059724011526176,0.0936053995792763
0.1412534719496499,0.212449409556038
0.02653776405835533,0.148690955550566
0.10158221601905162,0.328039540038763
0.18154395985705057,0.136262156322872
0.008427291453652036,0.836295653479652
0.041824694466950814,0.394851328332228
0.26218881200311944,0.00931338070775831
0.030924680168979927,0.314698095199242
0.011422035769308626,0.0598553385752658
0.01626468322809492,0.377969041105295
0.3476510340585562,0.353803829262824
0.018926572920681065,0.040927233729622
0.4525666326810179,0.118605506059293
0.10994364786936013,0.0261685028927968
0.09069976359444257,0.262443889332552
0.07471907425221311,0.0158437308089999
0.22415125552425863,0.0242456570039713
0.0024448000806695075,0.156341935941902
0.15307178050140274,0.0495840403875339
0.39007405651365573,0.143962786938776
0.2036439395227391,0.0516013267993478
0.037850074083026944,0.143908108109948
0.04364450511713512,0.418821781174313
0.16341394286348992,0.187546932615375
0.5081687291461127,0.0153524756114519
0.2939441838831869,0.524635955196863
0.014470544435685795,0.122342567066968
0.07289712106021204,0.0628456232737651
0.06561624908143554,0.0557845785778557
0.3373903636439647,0.218762596536211
0.13588866707775832,0.181637982908075
0.1159305906882644,0.797615732392555
0.4977876882814924,0.497389840007477
0.2566189927624724,0.0859043677882353
0.46300591852679507,0.0110353549512926
0.05835484363924317,0.0105922954999603
0.1337318483898908,0.197563174256199
0.4321468572766112,0.13015270449076
0.14227296003029757,0.052524839075315
0.04430387562340156,0.147936164934264
0.35421764810213396,0.0207948511026875
0.1617531199868882,0.00578610085016658
0.16973023089731096,0.0678487914278421
0.07533159919778033,0.0259913244245994
0.011602064042080914,0.786074774499594
0.00304902898238284,0.0109499282495018
0.01258942248049279,0.0380382503675646
0.12409174980371955,0.394528853451798
0.014566151134314127,0.0109108493126645
0.11863103724195531,0.877339819237803
0.04890838269235033,0.00860418314205724
0.4529170524031426,0.0991515287602243
0.27130808524984185,0.094255161035797
0.2825528496429518,0.106233717443385
0.24140141708643204,0.204171960672939
0.24006504610794382,0.0123812600207304
0.3245051085919028,0.351506492437193
0.203189335516876,0.017342787944058
0.6059327406540251,0.279549453852138
0.11822715825751828,0.0233567177123218
0.10136742875149597,0.0135120728379107
0.17642397744427485,0.301197890577013
0.35597565395024905,0.0137336843886535
0.23030664162969283,0.656257956944918
0.013222638740705235,0.0275952895302981
0.1019925789189368,0.215097608491269
0.2550645733054238,0.183187194110476
0.09956267597728591,0.57193378394556
0.08362473293847862,0.0112702419105467
0.32791277190219653,0.28037522628914
0.24358563789260929,0.129658036863974
0.41718673931298633,0.0137263123455282
0.37725483138916793,0.333368912498663
0.03403310417480761,0.0707609863656323
0.13394675834020514,0.076273475740267
0.057557254841082366,0.201395672597064
0.007890424678220752,0.0415885167259745
0.31409975507875426,0.255271757017948
0.3749395978831628,0.024668567009115
0.20192946681048007,0.38176341107363
0.054943113943334995,0.425235424193546
0.019248579318613502,0.328315411449877
0.03258299415950447,0.0254395384300183
0.24868443329604134,0.0950842603774877
0.022754155449587078,0.156197865974054
0.270117080862145,0.499781788823442
0.2513765274166089,0.220823660911109
0.27620405146310945,0.0913671340526395
0.5603692532709992,0.0530977776500885
0.25161970842083126,0.00760966616010628
0.07923099230142211,0.10091887342913
0.5422642856396894,0.114852576941442
0.003069745497046903,0.445488875952484
0.11141635579094447,0.432189912456471
0.08548294073734813,0.278462505388493
0.13209730749202775,0.19022307625378
0.6001144058213497,0.200621870251744
0.13566052912139087,0.208444974808804
0.2636500748729214,0.111069840810022
0.11266396906520841,0.168862677395546
0.14281100707983238,0.00651155875719431
0.28474398366236137,0.0493444482679965
0.4130248859949243,0.249356623417913
0.36440654533695066,0.265857134919218
0.2803495025854511,0.0071981145471983
0.1813897954036721,0.193868927693866
0.1379716084209485,0.0217003046146378
0.10762002156222787,0.149060507962831
0.0328275245571073,0.26435406994071
0.14864004363514643,0.439386405860124
0.1635395007206048,0.120960120704659
0.24254994475737476,0.634943441028933
0.06239094776805525,0.55488070668309
0.20074260446028197,0.163957999148326
0.23199378272098656,0.114943881682383
0.16489514670198155,0.0441093497623589
0.4869160222135945,0.185605379474014
0.12844127683186624,0.110812867734726
0.005716555492261764,0.306893393579416
0.11182519504958859,0.503461582426179
0.4543596378894692,0.237722105354859
0.5177827004493204,0.082065291371036
0.23097866534874326,0.079487305074132
0.011768360015104548,0.0119261054229145
0.2047745773224014,0.327037604469633
0.13657541760842598,0.0588485290091939
0.20986413185850814,0.127051786437373
0.02388358760625321,0.0626441027370381
0.09486031590591583,0.104911274848996
0.09959915493057249,0.0336369926805964
0.14471116844870116,0.204040125390008
0.05113634794869201,0.0806740726914561
0.3822248471007859,0.17679352420201
0.2792931955092527,0.271226164014177
0.29717882801735257,0.16998612345416
0.002532787443581819,0.26618129170368
0.04412674389597267,0.153346453112963
0.4723227265998554,0.039611428273721
0.25507947658366326,0.233030345914112
0.1174205887451227,0.0369881923234892
0.03697531061150275,0.312561884791249
0.30729100500649165,0.191906932055758
0.11205369925165004,0.0534989990731205
0.10687336676836065,0.31838458475026
0.04841608721001697,0.0944682947571469
0.2912069553371533,0.0461148762870092
0.016832629488229407,0.0139383210906793
0.18308557781429416,0.337194685067573
0.2405049707010015,0.128746084607182
0.0335239114254673,0.214887031049046
0.7088913684830455,0.151162660414971
0.045192901394004385,0.0298204433028264
0.10415336247182329,0.297082175880894
0.036252167071265,0.0168847836230341
0.08143153443846574,0.249715052227262
0.5612550618125443,0.188516773209133
0.11577620894853907,0.0415712059442281
0.27839249768829516,0.438383879302302
0.2820140953978776,0.492795291358878
0.6408838540973427,0.194858566172772
0.11721745702857711,0.0495650451043814
0.2583909693192942,0.188739408900899
0.14570542590377175,0.515418026209069
0.4487623120050626,0.29831944351473
0.1400472254942457,0.47249395865115
0.13877759976452492,0.152605981064878
0.2350310420695324,0.370508761530804
0.34553334888873966,0.171928436155595
0.368758468425866,0.301771681376661
0.23518252301430234,0.0319293650654601
0.3657815961579955,0.00234678228627264
0.2629190184459826,0.356462636987785
0.08889068838911413,0.174911184720524
0.40938523091150975,0.340392677651802
0.2730581352063031,0.0652284107553108
0.2130774484791449,0.215003350274981
0.24591932931756558,0.0420147917267004
0.2589877080909378,0.30176193930633
0.236051429238299,0.0639753423898854
0.4158532949757444,0.123024876441814
0.12402076997554616,0.222306276867561
0.051934527964669526,0.010871005569474
0.2170326321469494,0.0705425717667898
0.46835533545259406,0.505043841951798
0.06253114518519369,0.141222642467869
0.020907434441717034,0.0263623171436083
0.2084800507749394,0.434346718570797
0.1025308249652318,0.0797065135706936
0.3001637510827068,0.268244977898138
0.36907054162770997,0.345913056781762
0.020764079196074068,0.062069689475354
0.09735619519061288,0.373249080232329
0.021220928140417726,0.0815303064692833
0.21204916114493866,0.316901147607351
0.03375415130469254,0.121160917366017
0.31891367269094795,0.206149556741796
0.12765345168426806,0.35726686730619
0.2604745193074775,0.12290129034057
0.39033832650472366,0.111755698542655
0.14648372839561297,0.13262524087834
0.3291595921266375,0.240606041867923
0.71793717235757,0.12298049201581
0.04369868124753388,0.184074128774751
0.19503320202554694,0.0696894639339778
