t1,t2
0.1951360971161816,0.51437406810296
0.662260732577538,0.0800346040901921
0.14070678846220896,0.502853821667857
0.2843736521704737,0.153202069971913
0.46568243323439656,0.109638682239455
0.2618635196353846,0.507756236758248
0.08067864485729771,0.789210957921028
0.6367808073281062,0.152165421435255
0.25658600033669576,0.421254681476637
0.6722995732287192,0.107895610291631
0.16659573150981805,0.564413448061775
0.05049237601345947,0.449425063853938
0.2622073884143966,0.446114788321411
0.3842832589303457,0.208714079917311
0.09053590789329474,0.463530959808261
0.51986285188916,0.413547851141
0.1801782558726724,0.606461222589776
0.12866317630153226,0.481164495534202
0.52726823746923,0.277182682788905
0.21969022784811573,0.609704553771863
0.40067657731209844,0.284725714246212
0.6350985215106236,0.00156772282483425
0.05574104697548118,0.452617266466866
0.048523349281772085,0.715290618213058
0.9363489810106779,0.0278872769438179
0.2710661620879457,0.126560417180616
0.0661439844002085,0.5267981544041
0.5720811253873742,0.0810891718320986
0.6088939553969197,0.058293620027086
0.3678592946970094,0.236208503345617
0.5855491030963512,0.166479140441179
0.005526123742765539,0.278203240916559
0.2478006785347711,0.558018170307697
0.0689855538951758,0.736417523618922
0.376038584415028,0.114979539117639
0.17483948656678067,0.484791201659921
0.3472691920254923,0.296661293009985
0.5646323172136348,0.00275217983130266
0.07846689386132073,0.569997345732038
0.14204833245899143,0.475245183936683
0.11277333845649948,0.37981187940623
0.18926232037147941,0.605942028792801
0.5358759167329035,0.0369383638923564
0.5320191275143705,0.126830538782615
0.21713251536876105,0.295481916919408
0.7279105249514954,0.0117117625922763
0.5494522750471312,0.0882055959728769
0.23738451553978993,0.325295850529156
0.2599771556752304,0.326705575273325
0.6815841134410996,0.000489409297407761
0.7523681803394697,0.134131126574907
0.2657798736829375,0.3969462379338
0.16716411289472075,0.463160869203371
0.6256608870071094,0.027895320779122
0.10583654709105147,0.577876099493724
0.48040783161393774,0.405634373105456
0.24112058080691667,0.238387020255228
0.04386045140275116,0.503632360906093
0.16361993065517452,0.532031519566459
0.4832363861644287,0.329582483156065
0.33601313202151684,0.306726426954923
0.13573893289909822,0.432953658397063
0.2276296003796621,0.492313529813518
0.4931617526671818,0.000763390522277446
0.13115170877958968,0.363386389522503
0.29823775381307316,0.508841788936808
0.47847800730468915,0.303760671482046
0.5835514643526187,0.130618785526437
0.09631669662391952,0.620906457409839
0.14144213607738151,0.37790085822832
0.466512883535429,0.269035780810532
0.5614653982102592,0.102123934146915
0.0022836492593519635,0.641779945380387
0.5253661558136249,0.183409139302671
0.04855577354133726,0.596756328917714
0.6858483781478388,0.135925490382442
0.1673215803874578,0.375475007037931
0.6881251851247612,0.077373008120602
0.4575999280826096,0.128979229639912
0.09873049289543863,0.540081285360832
0.6468902563725765,0.150979526776905
0.14420988984027472,0.289914729553164
0.6227223056904397,0.145360124920284
0.6644845154945511,0.097393291042022
0.2651889363657729,0.310928971106114
0.01810738842507077,0.747065693185034
0.593745827251869,0.0203326898871258
0.6967774583471739,0.0133868187641703
0.8250833378142017,0.0251668871367618
0.09505768721613278,0.781837640970701
0.4482501261556266,0.291181711091486
0.1610525588437079,0.471214143008256
0.17282089472751438,0.148137882769103
0.2710900837121834,0.473210032330916
0.22523450795070277,0.492265595966799
0.22772744061961156,0.508576257705976
0.0811574183980747,0.556432507721704
0.7685963509755688,0.0827457288428381
0.0002455631026289747,0.60467951387264
0.4229264850872982,0.223053127391344
0.30742411877830056,0.342265428239055
0.0649073650177743,0.700549963569954
0.5789968175559995,0.128457016118953
0.1434347588227667,0.576872614653403
0.4969396743099724,0.0878757074878598
0.12468748567724044,0.516592807792198
0.4364979360473916,0.228836422583004
0.07968965524376107,0.667957182728683
0.28812197991764876,0.268143429125485
0.26769432493917555,0.31876068619662
0.4278874761096641,0.290704865943059
0.5851547585865297,0.228380542411279
0.7004864373345441,0.080253766426664
0.16304197042702456,0.496406919420849
0.4721312012076349,0.281171357441361
0.13532917330547262,0.362726215512272
0.1570305557389982,0.521986788280266
0.2982186599141927,0.43342785896569
0.2696007809344721,0.372086570005123
0.5931127534080644,0.0991839403586648
0.22187719773798406,0.408887963084404
0.3318532839044764,0.460119099507006
0.15014556253200195,0.530667221783942
0.21773801177310195,0.430042035697179
0.29827859669236856,0.339900443200304
0.27742658343114285,0.4266656021035
0.059524821134132586,0.379126955294434
0.09991506209272476,0.372138835335165
0.565162879857104,0.186373685430771
0.011389673140093155,0.57621309571468
0.6493128329043888,0.349408588463402
0.6775044733552628,0.0359497206209734
0.05357225291507227,0.370860001458364
0.4799647979097959,0.206223671335064
0.4132233047833363,0.139269183879214
0.08383720327661866,0.691724064010614
0.5831967493739858,0.0254583138043614
0.5073507338642391,0.227286021696152
0.4387380679747802,0.077246356933675
0.4132015718965505,0.114760235371411
0.32660869153449845,0.318913052834174
0.08337520014378637,0.70661998963824
0.5009801332993576,0.207310565191725
0.20021852351536493,0.541105332439229
0.29550405963330106,0.382919641431901
0.4930465921725315,0.100462715847493
0.3752682129154534,0.432266488697499
0.5363811397357463,0.0939489054170663
0.19465656350863142,0.377292737660819
0.007408739560582535,0.72243620557709
0.2464577601051877,0.257981320984515
0.3564583320839756,0.369790318103373
0.3527400720161189,0.157156750028223
0.367146736489176,0.324380049185032
0.5241696267321757,0.221602502438732
0.11310078872908,0.474178613459307
0.1254818902281455,0.552249662637712
0.6468022075882064,0.0154930579923867
0.11621958944337113,0.48248759919075
0.29798707035271166,0.25990001914982
0.6245928092540131,0.2709868186754
0.698160853223562,0.101822033865309
0.12128731644798474,0.536582621763604
0.7004657439643247,0.151562493144825
0.026549045360186728,0.468685123678329
0.6816756422041683,0.00417123655619916
0.5952481210456436,0.157524593578835
0.29828483216086005,0.375468681796742
0.5808052888944119,0.3544277824811
0.1545145837802556,0.589102245928139
0.1244955968461854,0.5917638549911
0.2006380901786302,0.137243869319004
0.4075101360652034,0.172173147619424
0.5713035514732402,0.153859215209364
0.304614142187466,0.411890733803595
0.5886694183896517,0.12346127196426
0.413129951332479,0.138476553492468
0.41366835159763027,0.187001855489374
0.4215197215155869,0.432112928218536
0.14795878214725638,0.311082094376306
0.4252186894298845,0.0834412876986081
0.5796800475221614,0.282577763872373
0.21621789080069578,0.243330488533506
0.48614234527444034,0.344402230431377
0.23123504938232295,0.433307850460225
0.23727098821286147,0.482160038228879
0.4885735753898278,0.111959822673163
0.2112598738562063,0.442241532149672
0.6305539776807139,0.0075815511582677
0.1275092288801231,0.552240751753433
0.5697739968917235,0.179937966424065
0.2986816673874575,0.383059247285203
0.3215938998224883,0.206586203160028
0.3026105375926623,0.245347389959169
0.43562914802289515,0.508419255964652
0.5600116311724523,0.221469016293685
0.5835540885368106,0.0117606616056949
0.6290425530106982,0.0533137612381425
0.22270318415046805,0.583469767614562
0.32567991316212347,0.315753505468438
0.35137088401389566,0.247280166337163
0.3575745782788049,0.306345720895833
0.3107966819459577,0.371755983515942
0.3213491163959104,0.240648857713252
0.5638277087033935,0.193287651004217
0.5124020929464824,0.259649612887483
0.0336485253497356,0.875289308589912
0.6068299661549033,0.0873322943382607
0.48747894389482455,0.187284858204596
0.3354182293340778,0.379011896914575
0.40124051143448847,0.216207750127738
0.30074091546087345,0.490662974604619
0.6420197198887412,0.0939181733124091
0.45154198410250984,0.0387693598441026
0.0734465006763689,0.672634037140689
0.5567878054228279,0.24549875441787
0.13699765900249483,0.329984982672308
0.3064465468620693,0.235047270964531
0.48203254951809654,0.0714936684768188
0.08347927831092096,0.499811723222379
0.005527913757498167,0.582708753255682
0.1295274051778518,0.690392804530152
0.3959614829155808,0.223755997733251
0.11689891715624202,0.469892961444162
0.37861247255155833,0.283386915854191
0.9250946922210466,0.0208635976519383
0.40852496970872443,0.187166590342008
0.2337725002267367,0.236852944698369
0.36413408318999696,0.235693092303764
0.48027616516451427,0.22834193815124
0.4497343134753491,0.266120315987224
0.3137409663977597,0.397975144276645
0.21861921130693326,0.522185494524552
0.29999278346791325,0.256159363903362
0.5615908719479884,0.114639576492958
0.6274577675627961,0.150554283931206
0.5945850188949559,0.0229133304012871
0.6392114753364901,0.243413110203088
0.3232702257259862,0.560524954539436
0.18481261461586845,0.221560060324828
0.5922699331163721,0.127887500625478
0.013017355450639556,0.507163971142654
0.1517282105276584,0.533685936089115
0.23499199528843956,0.54263750790275
0.1638837496404694,0.37456177938593
0.06956779284778407,0.443226816418029
0.6806727878540528,0.038874182920749
0.3088472962312516,0.435570188169378
0.6316511293186966,0.03218159802369
0.5966392888605501,0.0310352615327801
0.2800041398514647,0.23426894806857
0.11842525589812822,0.505494205636107
0.5230682870410253,0.266148610199096
0.547845341148167,0.148454999238791
0.03641759643906591,0.494372599179593
0.4956409398224215,0.074260803438968
0.0015383414577850045,0.540980977491816
0.13561272070704028,0.405422388528074
0.010646890874380968,0.705817202350914
0.10144291062881608,0.480738564836163
0.5549351181591845,0.189279661232124
0.0826737112776912,0.675425062667219
0.6707847810013315,0.185652477218679
0.6491928896088047,0.0242254272115678
0.4533297579259777,0.207406887416419
0.06671973886057589,0.759116931485223
0.30882576327628813,0.178991512927106
0.32526520805264414,0.287798624330341
0.4904416960309527,0.208412791675513
0.5140918830000601,0.199092655092404
0.22115914038967519,0.431359326756426
0.2738771213436916,0.367875972463899
0.5804289755341056,0.0484316809902769
0.07544633129118664,0.705859262150663
0.45287419450511773,0.319335793495645
0.21729795257353507,0.397235793759582
0.5389150657263745,0.208477049266628
0.4029857432291671,0.294319725285547
0.07738287180934289,0.637679305532689
0.35981029822321897,0.266927718687644
0.6447389349485028,0.143039383214654
0.6601630797128027,0.0503893277612795
0.41681785087623757,0.176349331096281
0.5374523927207489,0.0804064816535088
0.4033891774254732,0.233703380935824
0.31312683033436733,0.432710700073676
0.48748321976410397,0.140041068817018
0.07932534579026382,0.424615939021484
0.4770555290489728,0.2436389011634
0.49045234521039316,0.159202333189915
0.4382935284270005,0.207693807870551
0.28397561044816977,0.434470907137316
0.08029310355036642,0.299821420858713
0.004551429630788185,0.584256415583998
0.3913659781734173,0.164811314461863
0.05636688233611698,0.725686450644317
0.42586649010343786,0.0364477274031408
0.4893856732371079,0.200376679839373
0.17032035541922116,0.354116354205515
0.6464143078044172,0.0563858294914352
0.46370405526072617,0.323741460374941
0.21577594675762793,0.419768989887347
0.0630173805739909,0.489637513608769
0.5987473514265684,0.224409853332344
0.11329710836746419,0.660356571511006
0.45749216710091883,0.240426793217996
0.5703986247272808,0.185651187783176
0.36789144716288186,0.283830080022517
0.44206424930870797,0.262738016135033
0.14843975171571747,0.341750917376924
0.14852299452589482,0.329953932638766
0.03677129092717558,0.442452104634312
0.4020676278596089,0.390859105242064
0.612130291691242,0.0711448140213083
0.24801103349174397,0.523343211703628
0.05632655672793971,0.487881511892791
0.31233094829969726,0.306699011863854
0.2574612610574311,0.328447917512647
0.15506486184256263,0.393073638161762
0.4872569728024361,0.130128158540019
0.33106909418089137,0.156960349373196
0.6686214604416252,0.0690922791118787
0.08708484704290854,0.528667427593296
0.34666855520632106,0.537784802196677
0.31982728708302577,0.529243213846545
0.6406472407104026,0.132186230738086
0.46804597078162125,0.256455558819375
0.1126503548252366,0.512272136319541
0.19456053976599208,0.664263170530006
0.05034740821122478,0.4474480046902
0.02955224863651618,0.753340780563516
0.2838561482977937,0.469637814412552
0.631947812784161,0.149156838848145
0.43850999072233227,0.209825357559961
0.48677647245672323,0.163527768804971
0.5475810016799972,0.129595397949836
0.7414987001660065,0.0413912588508044
0.2503396056203401,0.405218594465184
0.7069314521182002,0.175344134620622
0.5128936625732973,0.0738626810446003
0.43957764822486084,0.0768640604334685
0.6810268583770389,0.0712344777576912
0.14394161553677726,0.504333053930416
0.033073163301511777,0.587938785730967
0.21795632789016733,0.363395926498142
0.5476181329383487,0.294922263998166
0.44581238702107273,0.0914653034296366
0.2413113176387783,0.296607819132333
0.4170344734487428,0.0824300822988921
0.08216291868666137,0.656799567051863
0.2539918646912021,0.351001967795483
0.5921365225380968,0.0620517997307525
0.10019092181465929,0.313927018105959
0.1553522472873578,0.490430550929333
0.6993572061136835,0.0181865107684117
0.6669223440826099,0.00787386933572093
0.4029520040393705,0.230948451113532
0.46374068088999026,0.124374612717982
0.5716938928885362,0.169320850666709
0.33605845371270227,0.279417725526839
0.2582832900801775,0.297615461834115
0.04461669400084238,0.66245643246173
0.02866499542757061,0.625693198604403
0.23800074086075038,0.223792660836455
0.5121483353115236,0.167732866647681
0.5397193589414508,0.0836583645196361
0.471389245663657,0.0585673491220832
0.7941542025940398,0.0214306465214958
0.3459797138371621,0.320293735008811
0.44515731348131654,0.293750273788386
0.05449611063803119,0.626118998352127
0.25857223918128447,0.348239509157187
0.5408514902383961,0.0807903266222921
0.9599587733013756,0.0195637294707894
0.18021663906619878,0.315822771406268
0.1031578092699607,0.619339693018109
0.05105828744879023,0.708360624879359
0.355292818770584,0.27105566059219
0.2687356350949794,0.453646006661372
0.274326699578385,0.414877408381658
0.4315541003892818,0.155055724356741
0.16565860901650684,0.467165564534865
0.1858903240489296,0.465038860229804
0.5666058389910674,0.097780150722886
0.07183279847984106,0.746394699954729
0.2737573474857197,0.51420297558667
0.5786054337264777,0.101017804371387
0.6663358880872274,0.173199104952823
0.07334680606020742,0.454795893178762
0.16124762513129018,0.275843035738817
0.058839587210922945,0.623631659060934
0.522879130432634,0.47176316045985
0.7559217172735978,0.02147181816837
0.22463852088198188,0.427404681513548
0.13810954622291743,0.62088784654485
0.035841397342382994,0.610965206737441
0.1759453291848798,0.369349778928847
0.5547333275709266,0.0651317552745905
0.3233336702244966,0.263647738827513
0.30434047983805373,0.301224069367487
0.5616126895303154,0.290952458228964
0.39383681205973525,0.304928642557284
0.28288257302253106,0.158119728633708
0.2971318387550588,0.416121318587661
0.19304503128098008,0.473382031043572
0.4534096519503711,0.20851109892993
0.21729388178747586,0.276999028166599
0.17773241050374503,0.390861195766389
0.7232110203568058,0.018259354608809
0.20030194991036074,0.427375826235537
0.05742633277448048,0.535749501493517
0.15689218632481958,0.475048882432714
0.3169220119612474,0.231683013203989
0.38720849569467575,0.365054589709949
0.5742322401060769,0.0332712634054401
0.311573290049572,0.571332989715621
0.43540265435409475,0.230086034858866
0.2921601306648618,0.385819223293264
0.27044976389219283,0.468610520693576
0.38067245205793077,0.307427107341957
0.18693251935532681,0.481350286703842
0.704815420114645,0.0180107942059827
0.7182823195137591,0.0467034792748303
0.28329251190566285,0.283204247665005
0.2543880919021504,0.28258548695881
0.22928500190634007,0.469827431777453
0.4066003922908556,0.143365446525259
0.32831305248378895,0.288422788154588
0.22268288395942432,0.381845859548336
0.7225501574146435,0.184316227051269
0.3442602495828325,0.381123964768311
0.43903726608421834,0.321023542669019
0.43536532274722134,0.256761629033735
0.5349242028502903,0.250889031119944
0.016274846836904767,0.843129018627601
0.22344916883361304,0.321047588925051
0.6136786583366647,0.220308260100616
0.1747263994768264,0.362811363145549
0.11683268165512847,0.55778936747024
0.4776072568561285,0.141063179803571
0.4336101205970977,0.277136914703168
0.1316480304049771,0.453800293102457
0.12515080178290228,0.478632164311792
0.5698918814453783,0.0404665342136837
0.40281109481277283,0.192515318593725
0.8662598989956594,0.0411901910004439
0.4294207525611234,0.171889884533344
0.31128404242309554,0.338470740247148
0.4723836607552356,0.206161490871005
0.17021439677865166,0.531822120115935
0.035499056614344576,0.64078800898162
0.5668670427400717,0.168592227662558
0.2775441354655864,0.404537587074725
0.1606878234889677,0.644942711052592
0.5554148268929455,0.0563179829118308
0.49842213978719796,0.190846225216186
0.7308633716851148,0.0975498172994881
0.3308116771596948,0.502478495032408
0.7850595769525863,0.06270059870284
0.041649970640837745,0.346511282940852
0.3255759327477257,0.273679806205768
0.3976312181538742,0.451970433067997
0.23995873436228052,0.28292461211942
0.44355375114963835,0.117361636648902
0.6421360868143551,0.107894525480539
0.06757500073314851,0.711497378592377
0.1813093903996098,0.378976316259256
0.44527784616797056,0.145466985225005
0.006921649908504777,0.598343372081486
0.0859469288241473,0.64103162450548
0.5715481831704742,0.0669686906233225
0.5573055372926885,0.0510200306615119
0.09372641126508682,0.607982548894388
0.3104040758392568,0.436036584638486
0.43717221237116477,0.221126045337276
0.5114864928438284,0.0743180603827034
0.050850509718866316,0.600221672155565
0.24470605885827137,0.239393496034081
0.28290739619589117,0.260788184118007
0.0517612892517929,0.517409078887863
0.39564444820068956,0.375219868992849
0.38739550872928336,0.0926988499948802
0.4740341993953028,0.161566967274275
0.02971970331531803,0.436399247148006
0.7898739907438749,0.0560187723493259
0.4898043447238524,0.149770791622641
0.7064859201834528,0.00508302259565069
0.30075169359703596,0.499874605757743
0.4683899657101743,0.248313212966341
0.2948019783144963,0.26264557227152
0.013100553824042653,0.56311960076265
0.38327926144800534,0.337260398625646
0.16148169700079654,0.424340383407044
0.5975349744923001,0.140638069134104
0.011787471821655675,0.741607980078592
0.30804638739091483,0.207266711142
0.18914364501943864,0.281052569091853
0.03240140173216466,0.541643343972549
0.439566957667537,0.161330447812274
0.2233553694007942,0.473182416217285
0.11942685756232475,0.420861673611956
0.4251823360245537,0.0581365479806663
0.34954364255803905,0.355720646952742
0.669933580682769,0.1826111665859
0.2416329718200127,0.400222340366431
0.19821635610927335,0.460886910809297
0.43281288632743553,0.336788286399854
0.1661566232711608,0.51801383921272
0.6030175539861726,0.108815510332928
0.19812910089872557,0.539887471534541
0.13135311455849144,0.566727322986536
0.35375317169976406,0.384163905571437
0.009439768640884721,0.606182345166402
0.8758904025917369,0.000375035458019479
0.11942801748674359,0.464534537426673
0.259840237997225,0.422761157699285
0.3200518497600104,0.30405409219181
0.2412079765311481,0.272557513065056
0.34324428190395206,0.485988053163912
0.1501158721171161,0.425538943343888
0.10528454370012834,0.585507199338819
0.314857516503977,0.315738481348647
0.595088333641153,0.129222975771136
0.11948492903286556,0.590747131605484
0.2701312046481041,0.283057769159554
0.0399150587838999,0.639697822251503
0.526919372390816,0.261627643015553
0.14826876948003687,0.492385408160937
0.14464020124930316,0.242926606861325
0.3470965669126099,0.371226246148847
0.004429507126240206,0.369338026330788
0.01021329220484559,0.585571106502588
0.6556878969934763,0.0650277465928248
0.0983051884252397,0.41388224897369
0.30709165838778585,0.466640834475079
0.6324661686298162,0.00623820541284242
0.47333204597808515,0.250709844064694
0.2847922902239895,0.466115450884947
0.0819928419800108,0.396424310155238
0.3662209588377023,0.280976477311075
0.021766268449521755,0.489758276445018
0.38030156345677973,0.419490935807674
0.44557134850044816,0.0498868700958222
0.14111662389740925,0.307606722379116
0.4940515356906101,0.199148454832502
0.11966113008331847,0.377947878016398
0.21015019805411422,0.423347826403635
0.38998967043150434,0.148548425845159
0.3914702017107927,0.504161742556901
0.5902058239436305,0.0279023959250967
0.2067250074286761,0.549603440825255
0.6251144553034634,0.0390933837551311
0.06192188620490317,0.660670141259514
0.06286657319763266,0.703443743789606
0.5425155282454777,0.190955233514525
0.16000028660137358,0.359030457434291
0.11131129831841755,0.482691790946478
0.01794745721519918,0.665455284875086
0.16542851275784787,0.344476071274021
0.05097168446893892,0.55082259154746
0.4705282346928505,0.352130483282159
0.1899761332758754,0.44089868817202
0.20446637782887706,0.281083946919563
0.12270217772890835,0.374893603607432
0.07437511952562134,0.620899007873422
0.5334134048240514,0.326664189271391
0.5011092510662878,0.113390227458115
0.28714014775013574,0.608311518690712
0.5471624632906277,0.020095320803963
0.2954174739868613,0.306238481495371
0.4767498023479546,0.107148550104759
0.3101193340149367,0.213530070824327
0.6892739525137225,0.0339900739202504
0.21334783400337967,0.518972728145761
0.3172525361961404,0.45815759995316
0.466055937293225,0.241522839044734
0.7554839531004142,0.00709148300120627
0.5863808932647216,0.0507180555894549
0.24450367889473168,0.435562028214515
0.05762147959592935,0.62042239219166
0.46282640719071483,0.252515966742249
0.36593117016938786,0.549771832577841
0.009297372103503454,0.872156209935683
0.3890631057747989,0.28113645343739
0.5026250566363205,0.148155174601092
0.016387014747799092,0.650764645563774
0.074487352979209,0.567261400731585
0.24563082655418353,0.29382276748116
0.2900286635345436,0.371886465417865
0.4950087605189593,0.115972914134119
0.5348013079178463,0.254993763702998
0.1598792762699944,0.756579958573584
0.15880796275012435,0.526135591644679
0.24205535158789274,0.318083628831643
0.4154586726535548,0.286088873637543
0.54999929840967,0.181066313219146
0.42280315156811815,0.0620743415294821
0.16090865248434896,0.452419229957971
0.403129320017296,0.272162168683223
0.5861048178718666,0.107085575070013
0.22994806976356236,0.543129970055105
0.05937694011554778,0.444408122919332
0.2858118042361253,0.273698551089887
0.0998281146572596,0.437593831916848
0.7271305255985391,7.30457348508406e-5
0.2088562151930432,0.455064585428114
0.004559337711616349,0.471192367248821
0.3910741671647563,0.382659014547901
0.6083009635778708,0.115960140121483
0.3821899371920255,0.119993379894802
0.10022301090023636,0.495601376285206
0.4092762322231328,0.335233022992821
0.43127278670970964,0.0925724612661043
0.5586915777777045,0.21836952323335
0.7755421480577713,0.158766378435135
0.271555296656021,0.332260063713602
0.769727936742528,0.00467921246141006
0.3420555923128665,0.239746906397878
0.12168931587319115,0.611460038655197
0.03381486141930174,0.535863298076229
0.19355572676993593,0.404477841490402
0.5156009232242637,0.085320755949248
0.695564739295933,0.0268957632038495
0.7219164553981948,0.110698113125114
0.5681713717174068,0.230500944570138
0.3678918891655061,0.383738166008779
0.2683137045924106,0.325311557123556
0.4159159234634296,0.390726932044985
0.8053463379017857,0.042159982579765
0.2454047478019173,0.0895163669879391
0.23448871931178403,0.420100451350744
0.2909973667087019,0.386302853508011
0.20047803789063462,0.39308222261601
0.23609606709573935,0.450749594501766
0.3683365043340091,0.101546535685747
0.23380173235095456,0.296017385946932
0.5997104110694607,0.271212448788664
0.6649297326080995,0.0479592019085211
0.2656331710605555,0.448734512823539
0.1684629547351134,0.382953925696794
0.40865167915439177,0.17206853898266
0.14930552266885053,0.510780926914109
0.3172459674453355,0.0710081785696219
0.04559075606416125,0.598089137254755
0.23195185470920504,0.508277157783477
0.4044636723719455,0.132560138361633
0.502433951653332,0.444646374640355
0.5150191402069466,0.197877189706343
0.3738132174056965,0.170654648631676
0.3801723153473156,0.125076558231073
0.19873622882129768,0.433168098304655
0.3301435518889106,0.266433176133778
0.48300529566597344,0.216519732273225
0.37050275525006804,0.34510010211518
0.04073482842655835,0.705746335350309
0.09772331633905997,0.769051046690715
0.6798044203882185,0.0155075798054745
0.7276418893715165,0.117653245284522
0.477511215390938,0.14854749281089
0.05099219280018311,0.704083370728627
0.3622795861282098,0.0967146828861894
0.2933261699909275,0.412748889133829
0.3092522315339708,0.192742264972902
0.12353690025018524,0.484427783978767
0.42998125840492896,0.247908002295649
0.505174132500064,0.217870909986906
0.06797296558381585,0.720459458047221
0.20198638343928277,0.451078189375052
0.5265544931013595,0.217270964606597
0.2879702258608258,0.262636414879044
0.09350484131102609,0.643156261685197
0.457953668622069,0.135688653008064
0.04919271263573397,0.720983906427878
0.31410180733346715,0.375931893917757
0.2452095960923937,0.421686642672131
0.3734236830755665,0.143226644129516
0.5778573188650368,0.0917894969238576
0.09884253322095822,0.559735950372995
0.725739079559349,0.0683316356049081
0.2675628923082752,0.375220653397919
0.2216489561113027,0.372889940530289
0.6598912422408724,0.160524088474088
0.40280301835820714,0.463264624462704
0.4356286486623001,0.351996420802135
0.17237172223876712,0.394809729978869
0.3237588849064711,0.332472754036922
0.42962798599692176,0.135313539940637
0.08673649158274918,0.285526736766312
0.7465626545999902,0.0384744633588286
0.5201375885889328,0.195108329970278
0.33257204308096977,0.34334772246244
0.09023251771788612,0.879731777568732
0.5728087221226932,0.244500613476668
0.08564273260583563,0.810417279983154
0.44054925490643665,0.335310506736593
0.22948125531079736,0.649787796163686
0.5643676362897445,0.203111026334162
0.12057126289443922,0.474217848704135
0.1138278036704341,0.578660817078615
0.616260028930008,0.0225932226846985
0.0728384744617679,0.534586379538
0.5050387895194812,0.219677447279276
0.07144503642503877,0.711832695730828
0.4218748623156328,0.201109807200909
0.3791749694786628,0.558466618763375
0.3449469831919833,0.401621620571729
0.4471173691949231,0.0913367098020837
0.19859007421674799,0.334910384871557
0.18406975668933886,0.527116754203518
0.3860278084337659,0.0417056922002055
0.44156638638862417,0.0908543015118729
0.07775014002523287,0.385078041698232
0.022897126896589515,0.753742834464731
0.103839641499793,0.451004192665432
0.5006701591638685,0.307936303883036
0.3320211246961869,0.270898720354924
0.11919030457057142,0.478381214752359
0.5412411077569761,0.133481708298274
0.3350479751731622,0.597941935205278
0.33280483703825114,0.32963406588463
0.12222567870029223,0.43583099989
0.7518850171645244,0.00642185564620928
0.7340899529393607,0.0196114137735175
0.5837284946220207,0.131375150618337
0.10492286468286141,0.373278248460984
0.6428699331171001,0.123160675998308
0.44854591704897556,0.107817551113469
0.5807443733590631,0.248226317808407
0.12914310620163721,0.556935583636543
0.24957019371077369,0.557961638843407
0.11112980250622091,0.396755303317581
0.05834590761286293,0.231263137132677
0.6208117681828292,0.114499696471521
0.3925606408820428,0.035427045617591
0.7573417927890934,0.0310970117834278
0.08616824888570067,0.766711073924025
0.5091229900525365,0.027533973303265
0.152313976935431,0.722035285908609
0.572337240590163,0.154909531199589
0.21286952244687618,0.480916026104786
0.5043788861737797,0.02722441273957
0.6121739104008525,0.0220823021698536
0.675255626788944,0.0226601488159375
0.09657509822278626,0.590091464830292
0.0977450913220327,0.484461087159241
0.3238740519546456,0.182889662365469
0.16246024438722043,0.488576392843408
0.0007548943109931776,0.588473451245287
0.6553520890755247,0.0855337953757159
0.0639246873159403,0.566318782024865
0.5480578057548476,0.249511149603185
0.14595588102673102,0.348963136374962
0.14684363183263366,0.716408221211027
0.6652131226339736,0.0754563109957935
0.33566761589024047,0.359675323130323
0.759313470573129,0.0940843148919573
0.09794732635846337,0.417607633835519
0.19552977968035484,0.54158197533896
0.3327895700071772,0.24924460779253
0.2332946520382677,0.312288607446337
0.14312236322332547,0.573654930045011
0.04538634014060837,0.508537303640422
0.29709711021484647,0.310343181466209
0.09401631677024873,0.414506487734207
0.16517054173744633,0.462148379316818
0.03560470690781095,0.542024608644044
0.24703354937918928,0.471522991146884
0.4923132141226408,0.396977824521677
0.4151083772803057,0.360049803330226
0.3140919895345591,0.34540174324927
0.41221751131547113,0.408766962313663
0.4759498688254492,0.291373198731242
0.738270981870977,0.0117239277401418
0.3263219921860975,0.444441680184675
0.4062206639174509,0.24142552177311
0.539071002038797,0.0506099987865399
0.20649360178479428,0.426676068370619
0.5147985932515442,0.139702932573633
0.2792307185038,0.394519649058016
0.651623436602522,0.0418512050338114
0.19620241687294715,0.489597364898011
0.23716882666186104,0.382000650057003
0.19277594159229428,0.507173378976613
0.02714211727005654,0.672712057616468
0.4587408635495154,0.156399564708944
0.6679198066064568,0.149221504405232
0.41615935970934925,0.18161371512653
0.7795957418240627,0.0206302874829427
0.324471539438931,0.454061982236941
0.4628093084782568,0.0988733089074614
0.6164793040326212,0.134393101035052
0.2778501860313546,0.270399175412797
0.022894204779828023,0.767974897694117
0.19506455973459375,0.586787840832878
0.22796113906669133,0.604082150386241
0.08281430116199409,0.585728444227178
0.11157303030147425,0.516711175784038
0.11333984422218994,0.579812493926488
0.21291765890644102,0.533980031646326
0.5308604379279465,0.019300977787987
0.19160069629812826,0.520448313970973
0.3251769463755343,0.0984662268887669
0.4972359513991273,0.329916355955355
0.17950248442023742,0.408144545186443
0.26751048070624933,0.443055053095635
0.3978535389396037,0.189647638063617
0.3253088604399453,0.310664035946953
0.5093626168136984,0.277489653455499
0.038562590020902524,0.56551588269584
0.1853834316435437,0.524498347602804
0.12206279821802227,0.692072939001012
0.6570542108228404,0.161843970164801
0.5166498609968679,0.199642800084471
0.4076072674660017,0.566211851062481
0.2588452202768059,0.193647820230982
0.3949443517676821,0.343773234539211
0.4178144536130857,0.405765713605405
0.1422922236573799,0.643263024113319
0.4299916542988883,0.101949850688394
0.18779342118338552,0.371727607831669
0.19126435346855938,0.431573572423521
0.1808656702026234,0.43421673175363
0.3841152468193548,0.274095775086963
0.24662476718001208,0.246154286878119
0.03412215774034833,0.597045321631487
0.2197979184907038,0.317353347438261
0.2605881257382325,0.563058368534462
0.47861810979553865,0.279849803177281
0.1936431501500895,0.514303559890874
0.2706764813541745,0.282201679275957
0.32070794733154273,0.185549755820518
0.03323146890535357,0.847648275752871
0.20250572054375418,0.425978035302276
0.35272516833379686,0.210115944502978
0.09376295052049616,0.633471738235174
0.5715004748117124,0.122199537528702
0.35868121872953823,0.24275961108668
0.2780862829663203,0.53329287628997
0.5917024625308356,0.0324007200787296
0.46385717934520054,0.174037572736007
0.1252896398854925,0.616136115387373
0.6250316572932535,0.0880318730898021
0.6737892171244583,0.00360357135711137
0.49250780477295886,0.221530592387082
0.299213816356432,0.331511575435525
0.21915268598393653,0.508647746446577
0.4341962009072831,0.282731777635926
0.561197860361875,0.219581538029641
0.10403643488319685,0.419689632243089
0.11930003621050404,0.472251256358627
0.29930418461760233,0.303700433967818
0.002312445096762973,0.842262387943917
0.5511594941889026,0.272669246037352
0.36739513400063883,0.140362754069329
0.582270427351866,0.00667514995317814
0.11466321191497861,0.541673506102753
0.18804654119670938,0.413303850302711
0.023461725725155813,0.487808539412074
0.25642300546928426,0.460789164646691
0.06543319729807578,0.638518080746262
0.5383469008384093,0.0210850284929572
0.5058790403204046,0.126549527545187
0.5331466742084865,0.232681745671082
0.35504744509620134,0.498375129657881
0.13922534433943567,0.628869733413478
0.42703416036595004,0.19686143845274
0.8228659296200854,0.0711668067179898
0.16751471689044425,0.472800565247948
0.5610695709256139,0.169938347808298
0.45985069482037605,0.226653101443961
0.0641848349741713,0.609727322161242
0.39645939242546163,0.189762684097036
0.7751938683536223,0.00958082392098475
0.603338757771746,0.107436883523149
0.39357029781343383,0.406942119440014
0.19784409005548842,0.690518258924895
0.2928378509293729,0.345021654016364
0.29125538939735385,0.360223381787477
0.06838392301106193,0.59784474169836
0.06218377900589006,0.621939713494935
0.35740921293704947,0.345684782626679
0.26156009949855585,0.45831196513859
0.32282106289602075,0.253489882122535
0.47177845200639473,0.187209612640799
0.2562930532739894,0.494513191358414
0.45912699502705445,0.420451764615265
0.06555066426945136,0.40117089901771
0.4501623286338104,0.286779681830327
0.3848369332333537,0.457172243634141
0.3047429911073497,0.430515863209462
0.6053755874247703,0.178642247684032
0.09634815724027132,0.619271342101874
0.6323472946560299,0.0437370591505702
0.6097329132649988,0.0521839975434109
0.08866207317230475,0.601950502502058
0.35153986686432953,0.345807505006322
0.690706611859698,0.215287056983506
0.3977700398758948,0.480608698255331
0.4795636324457057,0.161198550621
0.5196336919311123,0.210317720509815
0.44149921489063043,0.265841605949958
0.6080645892384758,0.0115650803000906
0.6049529842331032,0.266345520076839
0.25199152011957976,0.272586536028293
0.5373097242972664,0.18114487542358
0.48476794810987317,0.11496616272104
0.29162937666858607,0.14347328424297
0.21420355909726593,0.533151427305476
0.2316687641223901,0.553275058722102
0.04588645918819272,0.401873653519649
0.551908292453845,0.191489908824265
0.4649560522547011,0.117096265181123
0.27810287201063355,0.439480759059511
0.49606091196205193,0.402397360280285
0.4586028866676956,0.12865318731762
0.549938884420361,0.230526907722592
0.4520613425050665,0.297144986966003
0.1560233254425623,0.723348439175461
0.28840139173874474,0.272858038345314
0.08396589380073408,0.561595218087576
0.4177384581219146,0.170883154589749
0.027748767064649217,0.517891314163349
0.3443742249654617,0.35764099114148
0.19825885447484906,0.425473212649386
0.2828175038089362,0.277061554661555
0.14999062108669534,0.528092210101618
0.13440241595027322,0.480865684103186
0.5569160157259554,0.119208614778011
0.17199795724715594,0.213935625893669
0.6725906043554823,0.0288306466914331
0.5780075463201002,0.0336486312213105
0.6188361642426778,0.0602067069541055
0.2802851053709046,0.348781814922455
0.4203475553253771,0.397616816015952
0.2971266309038423,0.255179190487989
0.3772160069956927,0.110406348627989
0.34645148394452574,0.297804711375516
0.5814115597049112,0.317825196672289
0.342640244847309,0.403486532469893
0.40177031330234164,0.104100793469859
0.178342988189403,0.511177195480353
0.011935055626232965,0.694658871455305
0.41888409663448045,0.258538933887397
0.05028731866081782,0.642476192619357
0.1563294595670105,0.362433080091468
0.2975573313775906,0.455536433968598
0.08990859136099555,0.56933490950594
0.7355301650593417,0.030539948059393
0.5738378595520609,0.14795522326946
0.3478860253628865,0.280606880733993
0.3157723694207788,0.213465513417277
0.6421027143271667,0.215983137875782
0.3999374102033673,0.219226398960747
0.458457321619246,0.0907588731237961
0.4761978859954237,0.0825551276178916
0.38926234626615525,0.454639043113537
0.059056966273814474,0.542323096165457
0.08503084653449235,0.578157932576393
0.4633271931286022,0.051412973158505
0.199375358284345,0.452869801022698
0.21721557203275102,0.469451524071259
0.07995067263059394,0.280958563238753
0.08701233551186434,0.560854804492921
0.28890573334587455,0.516425267139516
0.41401048450906563,0.268468254369791
0.4280489019593551,0.366668082049388
0.06110201838139574,0.749270042558076
0.38937508335097165,0.279780178183645
0.3828713879155872,0.311246729646619
0.7635516099813262,0.221425595466971
0.4226800489275141,0.153785559312955
0.2604750512803066,0.395988645152263
0.5782825040141832,0.138709168063276
0.2461212518127154,0.305447496797819
0.8322095203246727,0.0277459828754003
0.14487742768532158,0.517210188333265
0.02076905833031912,0.464393632097992
0.3872118113829341,0.437214540897335
0.15151204360123438,0.316015109841487
0.5621987340012374,0.111196175316358
0.4446805289129165,0.235596850358156
0.3688786444761406,0.345085230658962
0.2908176841257919,0.53326654908359
0.4006466089620035,0.262443970379284
0.04147448583277275,0.496538750740934
0.20708362005316455,0.364618485957537
0.42695588930175765,0.0993881635440546
0.1393794164324765,0.522114664417651
0.03374138885545809,0.748317060337767
0.021527584862111843,0.527773501770277
0.08609478406165416,0.39210984073088
0.012977813269857353,0.684003305493628
0.06145489954969915,0.655232827804419
0.16141322301463834,0.784921222878351
0.5722149075156431,0.125222705468719
0.5185222998206569,0.197483986398583
0.15009003101213314,0.50300407989677
0.44726613683486804,0.0730578041617019
0.06191162752365787,0.581001587088157
0.5500773177400087,0.151669855180135
0.06853417897578125,0.457321637488977
0.603871141125203,0.175447727098475
0.0292598356882857,0.644335745003365
0.45707801973787343,0.121827415590641
0.5283677387673785,0.165447786423457
0.24484772164144347,0.268307928410061
0.6969382932052922,0.097958000958896
0.4437816621994642,0.118378235886559
0.34431966350316723,0.181723731392598
0.09441149319721448,0.515566275396609
0.24910026678475206,0.339008517627369
0.4500209671782553,0.146055478600386
0.2815168141851345,0.478901749857751
0.20253749010850602,0.385625083451167
0.4892174123535983,0.252827391332702
0.1053328413846235,0.545693239480402
0.35073012525380354,0.286293625419189
0.705848074274517,0.0259265924941088
0.47078952233073407,0.03769838432594
0.03892501309255978,0.447396090642418
0.38802376924836707,0.243972184784508
0.6936314315499016,0.0398144822471153
0.14316881460883657,0.566616380097952
0.025838825547282073,0.742959871060668
0.11384738509381945,0.557886403938793
0.09174143163305246,0.490948212261978
0.2998191088302046,0.458941694262188
0.04613201614279239,0.626178060773643
0.5483026116869013,0.0509293382698749
0.5323549665899168,0.345592085579034
0.21974127728876275,0.621832681771802
0.1527094292628941,0.366265872042125
0.6731915992022616,0.0951928028894894
0.6660946535391795,0.0234047428517383
0.7256574687495465,0.0292616264230415
0.01792210457849335,0.637348370972498
0.4866903978171995,0.00284024042968592
0.5532787863737196,0.0258004787591024
0.09688512477519315,0.293375318899219
0.05478675043776484,0.665818278723359
0.5902588629142986,0.0697524709062931
0.7809305495968512,0.0773033039737182
0.4946315847289432,0.0721238851044259
0.3514037939902524,0.21666208939041
0.35082753827949514,0.168292384796157
0.37982254735777476,0.321637872167366
0.32579430660739966,0.335931445252689
0.4010471668507675,0.416073440204606
0.18444684376984377,0.646047696449229
0.22783888514326575,0.248492542876766
0.4583036035191364,0.209447813126238
0.4139680045854652,0.485824361068005
0.23178355744035697,0.167149796458646
0.38461653963062065,0.316517621643643
0.24094387255754193,0.417509175208794
0.21269952762560862,0.358597886419654
0.07835824332214418,0.519161516900723
0.15617763802914159,0.422367109983411
0.0943150495206527,0.552370591808903
0.09599320980626387,0.447547303483447
0.49671779818989176,0.464038675678321
0.4278128502526799,0.333232491292652
0.03820465140281927,0.59815371749218
0.296907123274048,0.363099418151809
0.5820742764699827,0.0425731074396696
0.36699624231224726,0.0561182779655477
0.36770302332734106,0.198751283390462
0.5109640830445058,0.248051837167398
0.2828748470653624,0.459440491135475
0.11848690597834469,0.588578750345389
0.3527384175269045,0.264328118419143
0.11248647135969857,0.380404103594269
0.3878335654415517,0.213790569852215
0.23624420477722569,0.414270874310051
0.1620352861864713,0.719136258913399
0.6951288992103783,0.0440260360647479
0.0515185372469864,0.448616209971461
0.021244867659985137,0.784555908730509
0.19762296398558804,0.555363353503585
0.22102884578032012,0.493417864804654
0.07865077755848213,0.520469489355645
0.37973247260267057,0.0616276335716744
0.35672690911709526,0.303164620442963
0.45380296491570954,0.196696008007415
0.44282909167408974,0.253606074209648
0.20871755179616164,0.465301232103537
0.29996664418923263,0.378905479881382
5.4520067261593207e-05,0.590332005622974
0.3702784999820959,0.418894802764965
0.39846233344516097,0.436771029167959
0.14939877082294753,0.496746663306932
0.3523948736236005,0.276259365153192
0.2144786869539939,0.335857162980719
0.14171191066392916,0.449834411942925
0.5655261399825912,0.260493228041933
0.30747292556602324,0.437186892507054
0.3561661142730693,0.20305855407907
0.1117071075716921,0.483145862107431
0.08763349166378091,0.383672433225488
0.4317543341268505,0.162043129376159
0.1860409759729626,0.358077134440182
0.3556016813524531,0.411302768773202
0.5850057919788825,0.0297259420776806
0.35597556235778155,0.40118279770392
0.6510021832668889,0.134993076648172
0.581664473766347,0.17254373083594
0.3422681342800739,0.40044542944358
0.3183652748919965,0.354959756431575
0.3829761861807921,0.225730019975088
0.2149412468752615,0.633580018146511
0.4891363924674173,0.0772180924926367
0.16973929503650062,0.353318456048352
0.4705415036507383,0.125726902006001
0.21953162914531568,0.242377003041547
0.09902644939800279,0.528921672516783
0.7008345952509204,0.00212779476101387
0.3381459368504454,0.144004881793955
0.521009583969206,0.00972534015116971
0.328955133073295,0.420853308050355
0.09778730077191554,0.628002969230067
0.1952852209103203,0.467339648263689
0.19555820056887033,0.366932648720413
0.545019544565608,0.050972843831118
0.145092195675319,0.34562681460175
0.39978481750266587,0.226811556901781
0.4803560866878616,0.0802644397436462
0.3834598659681411,0.199049674431917
0.3149389978717042,0.318041667082433
0.44941168494923667,0.251803683007622
0.5628712697683068,0.111069997179427
0.38965741572357615,0.413147012091669
0.4528610730556085,0.235460009981138
0.26739798886174815,0.462491610255855
0.10279961160883877,0.389681707389311
0.6508234314324792,0.161669980543252
0.284674876033959,0.399716719413382
0.19466840288380172,0.537675288082367
0.46479799768246666,0.0272582000088588
0.27260625848702846,0.240138201104131
0.4219917761643938,0.252844093238323
0.07881748402131725,0.668167258718255
0.41490707883125055,0.208786039705211
0.22167086180786003,0.330357283555193
0.24270813712705724,0.305150710922185
0.1979506716713702,0.411777240021288
0.5463408064011075,0.206331917200621
0.5252292038410272,0.160709891983079
0.2632543394618596,0.325023791464565
0.4400501178105227,0.298582939079425
0.2851022962240069,0.664181942506368
0.6519206002028937,0.141228123200111
0.33168960135220765,0.264527974357532
0.19423976567051607,0.351905668154637
0.14599109371229493,0.480595859729209
0.46727171607686835,0.0418044137410228
0.12754313034606363,0.610116169496231
0.65887318827028,0.0670333754918204
0.3484988464320761,0.25623602418195
0.1663857398515962,0.311830110702892
0.5583293940464696,0.0835860472507228
0.008161680435705898,0.705622516749862
0.026003407204661405,0.605419252765073
0.1200158078194495,0.423541001352293
0.3299889723577687,0.410533804227675
0.1936979996168913,0.474726235510273
0.30533233076813043,0.228988009506072
0.3194614794611541,0.317140282248257
0.29827845735452657,0.235031923537478
0.43958347366528805,0.274029725035695
0.4546797855512758,0.130665521428235
0.562179649310483,0.274711600123072
0.3685608780245322,0.252040333218643
0.3735795763345649,0.23266328084895
0.02915715660666653,0.620547562156923
0.4294557749012256,0.137307625077554
0.49602354114950553,0.0266892361112634
0.010988613758662885,0.789155532584241
0.011875232115485827,0.510156243308021
0.35496970354620905,0.323403789010487
0.09356423280895836,0.568380868115838
0.27832336746548897,0.141136284592054
0.4369608353993859,0.116722902314148
0.0039602274887991324,0.471219063892948
0.39246776080384566,0.202089940814086
0.2735523865879145,0.147679045607915
0.06283651494123751,0.568028678522388
0.1489572665528485,0.650095164212255
0.014063126507940513,0.640387107550829
0.26585971755078014,0.409940589167989
0.38771142601309605,0.232397692793738
0.7333938859322026,0.169919743211058
0.6566071937050391,0.149185570026126
0.1036868997651568,0.579775911797077
0.2733260371880231,0.441799405430337
0.1594342122051728,0.541597446216662
0.4959525157355321,0.0492087687919215
0.09418242296475378,0.585459541952412
0.23705634865627412,0.530120282680839
0.671213844576691,0.00290829758933059
0.4964116276277811,0.0448652963575609
0.08099899905705293,0.603187610555929
0.6172132297269305,0.189142920163904
0.28403580305299475,0.357122043777482
0.22321455389581443,0.592043593332865
0.39584201300094446,0.123330810631301
0.13692019453206683,0.456035479943588
0.499012811232769,0.226147591585662
0.47541977071772257,0.192286688333061
0.108813177671384,0.682482171722295
0.006720904846571679,0.440913853333288
0.6333192006606554,0.00753424644504702
0.4812191932809352,0.00701710809032632
0.303814696370584,0.36019593257747
0.4693975890541517,0.168950435450111
0.4521413936322459,0.156829608634376
0.5308154475264198,0.143732842514485
0.02767786574017458,0.624857039653309
0.4944731159625545,0.178123781506191
0.033118028611134664,0.63870927312109
0.5265711422121614,0.109675566574865
0.035113052294288696,0.60861193301121
0.24380476400077364,0.295946832407838
0.4906867021892064,0.0325213250875527
0.24169026937321683,0.294343999111853
0.14018193032099752,0.554021697889901
0.5323101614618574,0.0544757596600629
0.08400451712857851,0.651812608460435
0.2401607836193626,0.385115650111594
0.25390221454206424,0.416593011436059
0.4265236401967286,0.327729219443411
0.09727067604399284,0.446545701591476
0.49411271528268413,0.148735526093134
0.09281135861421555,0.612597402995041
0.32297029936053123,0.381216923192312
0.600257807251739,0.0797646479661893
0.28454606413410044,0.409212601378547
0.3816123386841117,0.315598200406359
0.033472661910044825,0.650776787157118
0.6095868385798185,0.104357796131009
0.721841259878673,0.0624408574097227
0.43151449430244315,0.210533708052522
0.5720215169628892,0.154532541238563
0.608866585458811,0.0447885692606455
0.22901538375382624,0.375343553349479
0.18893623370395665,0.456265702712852
0.383486724619868,0.344119263006162
0.0795738955262902,0.648443202538121
0.3415645055110095,0.36463902332737
0.24274953252143902,0.602516011274644
0.6071379343950094,0.003036020852835
0.27697167339709705,0.255967680558108
0.4051179223614614,0.2596574218527
0.02171922486621546,0.883746577717798
0.42065214557649766,0.105449530812618
0.35931496694736315,0.281843180524037
0.11177881215081116,0.285125355176572
0.1967007837632557,0.410543141654159
0.524928792553593,0.199713981212742
0.14619906590606296,0.296138317200911
0.5741833957080478,0.146017593279247
0.5900856722295719,0.0714020965724992
0.255128996901985,0.361194490631604
0.5675645083481548,0.215321797054929
0.46458485789847664,0.213153141384213
0.786757229051499,0.024656182036571
0.2793522796912028,0.166533503060251
0.40967759769190126,0.278634223059595
0.23520237459641383,0.512660342462224
0.15235380586891137,0.488751924523257
0.2606560363513652,0.601534699479465
0.694959304454975,0.0659279544878885
0.21723614726379828,0.217188961372645
0.4380057638133965,0.398476998786216
0.44420694334255834,0.0960997490663967
0.5228527542643082,0.198750814787845
0.0030173377256269476,0.731151452992514
0.06313446531278735,0.661916569562937
0.3078541165292255,0.159310461978981
0.6158500513533185,0.0744598769838006
0.17990423550827309,0.383794193450678
0.14391566176527218,0.382020968902798
0.14549404991707007,0.558813702546257
0.4302475590048683,0.180592650060725
0.358641515250755,0.226167259078747
0.30604315724447534,0.344094990139781
0.2211768842133639,0.297450664886595
0.5819650645921043,0.114020201096043
0.5740367516853826,0.128198717505659
0.7007328315193743,0.0189404411463742
0.5338492927462615,0.122912255312587
0.45006777636419326,0.207466567954433
0.1469595605399187,0.509712479217216
0.2754069486783504,0.427023966743079
0.633396593299128,0.0844114312501303
0.15615966903931366,0.288181624995388
0.33480507263050285,0.219104239191727
0.4116595417254108,0.105008830380194
0.37969500997365446,0.333018589644993
0.3512216504366564,0.289753402645378
0.5142622123804196,0.117574978239896
0.5988655832661729,0.161765968506427
0.045295394597264275,0.536202031301981
0.40816919681009417,0.281115854265416
0.1204162545829949,0.563091261161933
0.40000675170693695,0.0913617588688891
0.41610551386761885,0.214200039680275
0.6996110297526624,0.074932428693157
0.037050453755097336,0.211249638363518
0.12400457158150742,0.509749777877906
0.5572467682508485,0.0529636627180899
0.8394144622857326,0.0148815777267282
0.5002898422796114,0.00688662028600667
0.19632361050208547,0.335397509501507
0.39004266663166737,0.0851825617120588
0.18726656980665715,0.608795486156687
0.24310270707298715,0.391979065387307
0.3231539278649152,0.357354350899459
0.5309234112757729,0.101156346153393
0.13074814904087648,0.842968218432096
0.20051575483669995,0.211473569251878
0.6010864306862522,0.334831165410286
0.3952138533701123,0.258648747757319
0.30807058314623803,0.249977720797538
0.3765557578351932,0.246289783667345
0.3956634787555509,0.392936806640328
0.6660038181474487,0.0148191679470791
0.3520565339201585,0.379059714971715
0.5308094614607318,0.00886189030925216
0.05933620281682789,0.699103174971733
0.3757065717969335,0.130850806574128
0.3978856084148434,0.100656536090189
0.36967487137613564,0.105163905063513
0.492237544361219,0.178555295702535
0.2528380138365488,0.621403453738955
0.6076446360848584,0.228212694138785
0.08179523259446715,0.40197339643872
0.5846506619788985,0.351813757293701
0.42747540061250294,0.074583184568078
0.4585372879276487,0.0759766789894601
0.30902294082767323,0.213178041490951
0.17008683404359012,0.480956799278877
0.5710934328278107,0.0914168619644861
0.4702559730289899,0.0332614254720728
0.5129134269612935,0.152889886975073
0.13686579654666745,0.512227951670391
0.46806711767129267,0.15149221137206
0.16647615977325197,0.385927016375483
0.28416546119244496,0.464030607822753
0.5738816020135784,0.0855419111632228
0.5695606889741055,0.269888426620361
0.6641045798539056,0.0595478053981089
0.797421768407024,0.0711896395098121
0.060565727965081355,0.555711309022006
0.4750116430805986,0.159105839355444
0.23406449991110315,0.459651917532486
0.3754922642805463,0.18261003410736
0.04150774672023887,0.357961326204509
0.11100335931339647,0.463906671189788
0.3342792422977633,0.174822848450214
0.6103065050346618,0.251616898302184
0.5208650127870416,0.272659171972163
0.6153949547680891,0.0714285217949231
0.550473649320344,0.0375248532062247
0.35683898068248865,0.478881990234243
0.12226575933894829,0.632619435391353
0.25206436779494196,0.505671325793523
0.3823765268328931,0.485527171665147
0.14999947278706163,0.690606045138521
0.11806176977927774,0.422547520417866
0.08551705749692773,0.742437685047975
0.3069549677119425,0.381466927972726
0.5067350106912019,0.0364512043184034
0.5362586266956026,0.05654286226082
0.32954285278970286,0.342062306491864
0.6182761141688353,0.168953980651214
0.28299625591213035,0.0629748089890711
0.24664120079975418,0.440537977644767
0.6108095022329898,0.0262308454271702
0.054498263103607905,0.622862425919259
0.13309455914931595,0.620477158793243
0.4397595918158528,0.192185789371472
0.05997401707102807,0.646746005354515
0.1432512992655697,0.598627007045769
0.04378050215216597,0.651229399243971
0.5065816649075666,0.100648167196326
0.053947701717194096,0.908468283909407
0.37367418373298966,0.0893074393772366
0.5722574164652835,0.0823080812886013
0.02547706520456158,0.665376423773052
0.6555790244417413,0.0585445070873077
0.12572174385676438,0.604161955428002
0.27694815548424573,0.330148532519746
0.07383919108202153,0.620587194613461
0.6168413078062108,0.149941712084529
0.5237916031551872,0.248309329894363
0.12339283032664729,0.77512437389915
0.45325830182017635,0.310979722133792
0.2191098603154081,0.308669443729501
0.6322376846151341,0.0507637167582682
0.3152163256314843,0.199471726854321
0.0026144880845560777,0.409143247090918
0.44972733772195805,0.0573418467369823
0.5333293678690134,0.236978930759846
0.29239269006365237,0.417244351290658
0.1260792056694663,0.574359008651443
0.6743592248463219,0.187350266309761
0.04214701557877952,0.316527110161362
0.3895068428677802,0.122242456119198
0.3790166443238674,0.195837037189978
0.38661918626768815,0.177587614271056
0.44187238943524865,0.217498267307905
0.30915703770450126,0.402085674358908
0.03332556875232237,0.736007428249369
0.6578370678410612,0.179647022000588
0.3787215938447177,0.146257580837056
0.4151297239164451,0.198193999908396
0.07437983632002888,0.684101714851646
0.17670111240053973,0.624073398713718
0.09600297189538272,0.56635475821047
0.08914736589757814,0.564403587430486
0.14299610398923487,0.564167112815365
0.09920788320228444,0.627581812705848
0.22491450220969073,0.429713576650657
0.4455154468066854,0.252785486978602
0.4732478223761524,0.0802557990563614
0.7903610861983079,0.00344166088235892
0.572179329889061,0.211608908476899
0.33927748481023673,0.246221719154598
0.398521187856749,0.296128703446655
0.4271185006497844,0.480384130876947
0.2156076144415579,0.234259708166588
0.18674780723423998,0.589713247837892
0.3810947284982358,0.0200855328465561
0.054724034049178145,0.548431842133942
0.5201143253303362,0.0861345619772503
0.3344847029996087,0.0988782562036501
0.2365133180396987,0.40198628766475
0.05002630462602561,0.657573426051776
0.2621867349148669,0.353416336081943
0.6809871321027596,0.176162450949562
0.3685008989571348,0.132342454483878
0.7604109146357886,0.0959289892466655
0.22888963564734274,0.397225525302486
0.4856292876370155,0.198994797333372
0.10333059046177535,0.806608671503107
0.8153958577279323,0.0347685523340063
0.26292247465137436,0.482509268911824
0.045801278499331334,0.67696771513923
0.08134421303351878,0.581556838755499
0.21105322645421545,0.511078036550465
0.6204203391383528,0.146671033430856
0.22333574998405953,0.264430953268564
0.7822746338377531,0.0354680089565528
0.295917372548446,0.300295080391104
0.19735876301651636,0.475831327017809
0.23554891892928856,0.443853305659679
0.04476882982635252,0.666417497551938
0.37391952240830156,0.206095592717795
0.20192530935452677,0.41689583801515
0.32431088595276797,0.404058107973208
0.09174028011313393,0.442449865903575
0.5098118437626218,0.152496721183128
0.10350215483420645,0.518644053802161
0.7138639971809349,0.0196538106747107
0.11158487016811772,0.615424384461982
0.05827783617396731,0.402513006309073
0.019431403386092724,0.540727543993947
0.3342650491665309,0.284897261432668
0.24481414147514177,0.36031916575927
0.17336511214487368,0.368032153255736
0.24615257378252373,0.496880792926747
0.622310403225435,0.0369100667614702
0.38952654857984426,0.299618586267764
0.4753272247485859,0.174345956169266
0.1658272956921273,0.372429362033772
0.07265978751697974,0.713011694797328
0.15774666462850045,0.552363741885887
0.321387538604858,0.275529623374405
0.36843559242819346,0.351463929807335
0.5760392421981896,0.0345585114613368
0.5333543820445228,0.0913256830989786
0.22079107908432125,0.407607714381363
0.5846592256588398,0.218605910197638
0.27291373613985803,0.67262185151786
0.7966724805371241,0.0920455715105025
0.14404486840652794,0.549199142206465
0.05285734824322912,0.746609092452355
0.3069264622754168,0.442660758636546
0.4554832451802445,0.185819345096791
0.20497757672624414,0.331936868261517
0.38576478499961725,0.0764585856594437
0.01837929427337411,0.666392844842184
0.4934012143143219,0.0980345809088923
0.2978989701063459,0.416218575109465
0.08656994287504811,0.638746859311715
0.7111812682763826,0.242700312998289
0.4312285130295621,0.25544541550729
0.37285178285329523,0.354627170131257
0.04609685166841391,0.741743539115136
0.13155874709359744,0.674023716021679
0.22883655663803984,0.413991067488516
0.3473014266387062,0.328557831221655
0.42117182362674,0.138429387333521
0.5494872415903842,0.252722383441862
0.0694323923632175,0.655078949594074
0.40281676829040824,0.374565535099522
0.6034011105882776,0.0591033633802325
0.10288794320418768,0.443177754834009
0.3686594587785373,0.3326769394404
0.07776070018698762,0.604549794026597
0.4590892213086415,0.0380781737482239
0.49718928547847624,0.111336704152355
0.2382190388248155,0.458235955530829
0.0982151762254372,0.343483541480394
0.06766263154384293,0.472152068521469
0.3912035367135583,0.107761649444997
0.03217587841555992,0.72460195664009
0.045291603256842505,0.7189271106986
0.3924596285410613,0.195418756498537
0.15607317481560584,0.603772361790326
0.05086237675368136,0.509423607472405
0.2966355166967591,0.556165960641988
0.16134446853142523,0.505857523588608
0.0071893919365475,0.506914709067512
0.5078732297744935,0.0553912663530954
0.1913889068876644,0.702887481840963
0.4314907772756292,0.300618149295274
0.30889508979274216,0.561667585300706
0.06464121158388675,0.50818822162826
0.0719600049500311,0.457498829444868
0.02968745826892475,0.701376533461094
0.3150671111442934,0.209704069433965
0.49805302836782833,0.401096168044961
0.05519757524814871,0.737766707917946
0.11829113634312,0.541457489561855
0.29109844092977893,0.373421344302635
0.20190601650590234,0.302072455683701
0.5044403660609831,0.011424693630129
0.5338482924554709,0.363434798443208
0.3836037778177365,0.145358595542159
0.20039058944111438,0.533714040627336
0.33827143322275266,0.372642286968495
0.17799303232926025,0.460225004227659
0.25857440108778273,0.261409580337243
0.028310544148580103,0.507342198999838
0.27628572662952056,0.445778860257367
0.052516759097169574,0.492638238824989
0.592874954064286,0.155013855027949
0.18756194610146382,0.529239115790661
0.757514785908776,0.0377091242555547
0.24787733279073515,0.398259341682045
0.020685219485861286,0.608814105906925
0.5617331789894064,0.233856165340653
0.2610745058434731,0.274512461368423
0.49418445599530264,0.226858851019229
0.3343202548124741,0.325498414857397
0.4105289805395749,0.254899093319879
0.025398674607147138,0.876959896669031
0.581596083118349,0.202165781566521
0.07919259809755555,0.734290278645624
0.4122849390904113,0.211217776201987
0.6484467643378719,0.0638276051987887
0.011950879923114634,0.594323768374916
0.3722581904246703,0.283068947015498
0.3485997085004268,0.244267794134236
0.3606640141010134,0.26927427456209
0.17293858312889843,0.341809428031121
0.46293500118634573,0.290015574248989
0.5489258652600223,0.0989010887691982
0.2256975009975975,0.559731887374709
0.21796334627377265,0.746963069857421
0.04823020707025821,0.460883764663211
0.23253580867279106,0.25673683127723
0.2310038728385762,0.53429729516025
0.12942881283876473,0.517466243768642
0.5381817408417647,0.166759288505383
0.36235307576661785,0.0576642613815592
0.4247583989127893,0.147531838628323
0.52120135048158,0.327077353412517
0.405601359991087,0.241540048357548
0.09415050518645687,0.531547936900456
0.19268788016616994,0.412006791555955
0.20071219968901421,0.285935526504551
0.4278493494689135,0.283771385226231
0.12855151356538133,0.394895239742759
0.28623466738928116,0.370066795220565
0.06207561746098398,0.392922046921419
0.13526917583364165,0.633370226823216
0.01749287628389111,0.861160164574322
0.43632241990739223,0.0668332755349282
0.4201013733047421,0.218903521248025
0.12005561400979005,0.734067068575403
0.3870691690890076,0.354502942493303
0.21681052160048217,0.644204502859743
0.4696833684427232,0.11255388768616
0.5181533913360901,0.174218648056503
0.11277284094647562,0.531075866388459
0.3825021322759166,0.266377421699839
0.19906821672763322,0.429919272347802
0.6363636896809274,0.0872426547418571
0.5135946374724208,0.111699121690534
0.7430930006868732,0.139993004751764
0.6719151701007255,0.179901337346133
0.6544494247512048,0.0283472518912606
0.6696531203349656,0.102768418595303
0.2488655985183079,0.384419568899175
0.48442107899063913,0.104392012020271
0.5231910031587746,0.048046312959158
0.327572687469221,0.478683046396068
0.7513359423259712,0.0475365733720292
0.4597211667585612,0.181107000063244
0.5420120886121879,0.233973467320193
0.5057415861520516,0.115999435868041
0.03402217205910136,0.619009320094521
0.09615932395208347,0.610415391749943
0.058054895351689846,0.647933759276088
0.5580934748923131,0.113805283485833
0.6251400372248455,0.163538590246656
0.172192721586219,0.488359684142353
0.1547530806922789,0.624216934480282
0.5281117403682403,0.0308803113578859
0.5325754486225631,0.0443591439391651
0.6872115614323008,0.0182520568470068
0.29270394263825356,0.437167533706154
0.21726239631096897,0.373252675732922
0.22878731729369423,0.296968685577251
0.07740818216023637,0.575757355480632
0.44019926642475327,0.122627630483299
0.5696974868323528,0.0955744828986471
0.6492034797062358,0.309471002759944
0.1855697168385046,0.453900364964096
0.2597301062873172,0.442931117149672
0.0871831109000059,0.567320494617311
0.5186415222698455,0.208423366235521
0.07071274417950961,0.671449022068898
0.5590940827630835,0.0564947155842788
0.5086958012817772,0.341636085337437
0.2890044949807918,0.177389148565482
0.6149241377382348,0.0202901346901719
0.3481902827993725,0.34301080636588
0.255547546290628,0.549789812854213
0.023826250586538384,0.515691059790118
0.5995890826901027,0.202189931676251
0.3669507700057945,0.231730693942809
0.5283094803753634,0.0635199854573047
0.14447440172225626,0.81063513564746
0.03806894599803044,0.677214420484364
0.1506832128054167,0.428368811187387
0.6007922271891373,0.0471673482931789
0.30239227547372205,0.32084057299517
0.09745415582933999,0.690664072315264
0.13460630786169445,0.66521725536636
0.3485297705302556,0.246558531410135
0.5084851984111592,0.382362833890847
0.33677911827603557,0.160746190192816
0.2970755088756196,0.139389827624717
0.5810385178447873,0.113172163028827
0.3303800849914448,0.17054544498835
0.005035644910788415,0.862377274268071
0.23227551921967055,0.482604324557051
0.42203883322294067,0.319474964435999
0.1519559499217636,0.318247199525693
0.18777798205302895,0.304572431462364
0.4822971355326321,0.0749397129739239
0.6168952287503437,0.174510965692502
0.09023985706009963,0.658005354090903
0.20055117629719257,0.446176753038887
0.44416571370305463,0.0896533829074009
0.3163155168713495,0.347599613937542
0.522207381195696,0.121702622622458
0.02617382924835482,0.621082989628812
0.4502474926942421,0.205863730137108
0.3492341675082279,0.316382289373192
0.30960646037867307,0.338632846629935
0.44757529826460035,0.0842786674306458
0.04615290133989141,0.55689664541623
0.04910592287295501,0.47061947485342
0.17522989980801368,0.512323106964604
0.44196127760933196,0.226079469747129
0.046570696773311826,0.512564623029668
0.2747252784460081,0.329068999080351
0.6811304299723773,0.0234486549149197
0.4193482531743586,0.142006224294554
0.4284322912906795,0.37331084257046
0.2506551588352123,0.274695329669602
0.48160611028309064,0.318553650783707
0.2535623772206848,0.449354576198045
0.21977171795713404,0.50637030363196
0.006453081378324301,0.399778032002342
0.515574069163133,0.279300446443399
0.5117423650313153,0.136023321052735
0.28672270343043665,0.31819144119461
0.38761882097095174,0.164074697445543
0.385369207350238,0.273126877857805
0.03502639105574475,0.652815152744121
0.6921590217352228,0.0144956511616919
0.4115802185737491,0.330936213867308
0.3920246398594013,0.271255544840761
0.3523871917755057,0.369863498022064
0.21334703534399638,0.462122123635273
0.38551301065374294,0.42894311547354
0.5928790615079802,0.257109164079384
0.20646703705696706,0.393994223315436
0.19502142922195717,0.380003500542698
0.1031496910071778,0.683300582826448
0.6109556451439356,0.122413416891765
0.5931062748893613,0.14850363209401
0.5274468156893488,0.176515529804429
0.3226174544000376,0.209975171482014
0.1948690519792619,0.446882427976525
0.4124989213737305,0.0557676942201909
0.4902248408252483,0.0578446391782547
0.3000916581684941,0.185837220816299
0.19629193262485667,0.380487281303325
0.12513689060648034,0.342679897282291
0.48610620613237854,0.239982593173976
0.383515502767994,0.455437904869134
0.3186054474996952,0.203208791821365
0.036031509297266354,0.822486300220036
0.643613383723419,0.0628887423689641
0.3044939787745024,0.297395752672279
0.17206593874342005,0.342166186139805
0.3282344255975827,0.461265401050573
0.1996703218043431,0.385324055856105
0.3805565123244707,0.123595207811835
0.540827862925359,0.176919603464111
0.2391133565311834,0.339280230281432
0.520213798826957,0.134466530019666
0.004411988798696081,0.439061312023363
0.26903531248780144,0.585575250763365
0.41819562737885113,0.132647130808326
0.041054181388823385,0.669105002805755
0.3815491304057742,0.352512072247218
0.35290871892182496,0.284558895358764
0.005883807759398079,0.738691476757261
0.47291937042334786,0.202395071751025
0.44861243749106794,0.120446013127985
0.569428059897937,0.159147873257287
0.020915693174216068,0.544829388364235
0.09301732750218827,0.645182352111474
0.3305381926625914,0.268495276294901
0.02091676845018872,0.729024054459626
0.5379423975872829,0.156931963325647
0.055451344742102095,0.869574286998195
0.03367924087209423,0.671898253202461
0.39062000472537256,0.139495208625808
0.9039822533652301,0.0100543303041359
0.43483954804274566,0.380552909188939
0.4875531126648992,0.133700433682385
0.3742577271667484,0.345930356879952
0.5051776011644643,0.108764270181522
0.4252713673042839,0.088070074701342
0.2307546806515201,0.253766458302125
0.3689938094084871,0.258291226395277
0.3168754348881408,0.318365321306076
0.3177425239134492,0.331319517136661
0.09885282335820895,0.67875675911619
0.45991235872156927,0.0728427186350284
0.4271178147738251,0.145045518546098
0.3773819915470889,0.249914978980625
0.021262954199257472,0.506587685354005
0.19043815687413113,0.437531588350577
0.4501496330904982,0.313302069526512
0.17577156672614078,0.639565569554228
0.23138697351137333,0.432280528766544
0.3633544119178085,0.278882328642696
0.5468178836335709,0.212616069290602
0.3465379422894011,0.405275364901083
0.21196703936548253,0.439805482897192
0.1670701241132674,0.550516361607725
0.6045796541054353,0.0746903833541454
0.5032357764073866,0.20834459435525
0.42948701522824717,0.336026462172586
0.4236847003440675,0.261109098962531
0.08995329938815926,0.384995272722773
0.7648903593277191,0.0521414940634928
0.10325734239288148,0.317708591570894
0.6545604051831668,0.156622332176577
0.549426362384493,0.0879781862432286
0.5571700669985709,0.0909670786447214
0.05854923396496948,0.53087080603576
0.048461612072252525,0.492232226928228
0.3927036141737697,0.246383964902999
0.17109850059113463,0.267683433287494
0.24062350949465505,0.400162316977728
0.3970585383742028,0.130850951388543
0.256025464559907,0.408891669569301
0.19661751427693178,0.286381459779402
0.5663902939006109,0.0727639411946078
0.2163174253874009,0.661893251781391
0.3095324505708797,0.451464609932721
0.6856283268816514,0.0227301520403277
0.4946667971037827,0.425582521579408
0.0008280113420104784,0.826307713962849
0.7583986157160371,0.0217812133579893
0.5051494494868621,0.339768926222341
0.39872916384204227,0.231964898724823
0.4953233199450418,0.174772388968306
0.0743787610438831,0.530439881866619
0.2954307325794192,0.38849618018165
0.5935273068961908,0.276618478558336
0.26753611073047684,0.32341910375115
0.4203555350028202,0.493859638912056
0.26664796543417996,0.145836731626365
0.44398852061051725,0.216014889322744
0.6221658986541526,0.193826575221837
0.05906094619003801,0.702788538209297
0.5253283623407607,0.256124305568991
0.2765841746037583,0.496071259534141
0.00635842260459205,0.747779767599885
0.18772208064208984,0.65970222693693
0.21399522092575204,0.38405578671293
0.5034291544140838,0.19791170766996
0.18674920845464765,0.478415455250153
0.14350342132403812,0.588332814974887
0.361746208837794,0.273897422251136
0.3861023360252198,0.296410525555952
0.08804660301369169,0.598495916103652
0.13457230654270483,0.455747273689153
0.5151267997974405,0.24467109194909
0.18388679834067126,0.543165308093216
0.4186991203274353,0.234531992244779
0.20495495500124905,0.268876558925501
0.27786772745384414,0.317665130657215
0.16856664888217193,0.582125827457205
0.003317391538073357,0.639677152842398
0.012724314510093595,0.488787003746806
0.06721996674260246,0.835784270617205
0.34487170957385516,0.206046240293555
0.3916811285290981,0.269349737675996
0.06643629389212272,0.549623530039885
0.2062164110008274,0.411959691613715
0.5294280664117578,0.325085563511296
0.06030725542988863,0.64475462103214
0.3809774721642961,0.0684515742005976
0.23497235181794388,0.296737461698525
0.4779029105454676,0.22742173462071
0.05777173773910655,0.545083173855641
0.3828509832219377,0.197468915557872
0.5560060584129124,0.0758634057820316
0.4836867746757368,0.134104480601688
0.06305720192809468,0.550998836238989
0.09477853414643504,0.394743240814826
0.298432812557756,0.410421933513419
0.5184113407485655,0.132021156209075
0.584057707113256,0.0244996987598384
0.4718087398867498,0.136587620742669
0.2240822013399254,0.383466545435054
0.039722144967024364,0.653295584328038
0.3304398239570088,0.452479502922457
0.4452875294140124,0.12176716659126
0.7056934061069526,0.0129914828795326
0.5923100246473099,0.0227160564946449
0.291924615002429,0.350653570059147
0.00170867555952894,0.460461236232593
0.13844312665281355,0.440770674579472
0.6396655147905776,0.224652282584759
0.20319450265601474,0.356852079816366
0.12899137920604842,0.314924441753949
0.03041671270060587,0.662370745262458
0.501100899306718,0.0648703643818057
0.11031299207246836,0.507543555718865
0.01651482557188957,0.770139171049231
0.06994479069738019,0.56036443698343
0.4908158702238831,0.115513080301164
0.8501607297752616,0.0019642211106225
0.11635803366763413,0.689265620621436
0.28931434938830025,0.475671820214703
0.17046091851862444,0.526579237669283
0.3759769007124539,0.326168998762404
0.48841587355791805,0.125471200332995
0.7006726794975768,0.0903022118237255
0.33254507206556344,0.168651567196463
0.4319294689331136,0.237654330555593
0.2145244476734145,0.452066688135125
0.3599952060684497,0.367573525097958
0.37208006328751914,0.265062292643076
0.4962822291796117,0.0786719831742346
0.34661804855408307,0.260025306766636
0.08446688022362983,0.544332954660585
0.37980706813729465,0.270589570639513
0.3290334138692218,0.374704620687535
0.2940638348457752,0.474990019332306
0.20848332774570605,0.3720998787657
0.5062452803386183,0.280271957741162
0.05985665258240399,0.779074843625512
0.186688708456565,0.380338309964753
0.21240491135694656,0.561483397070222
0.7359538951651216,0.242209548574843
0.24790106175957535,0.579886779257678
0.3084378980523672,0.451713547482388
0.36633774971963795,0.348262684840302
0.12331273661746463,0.4200915992688
0.518254593272522,0.141123663305896
0.5838624082501286,0.153416833278902
0.391994067396821,0.169649275309362
0.24432040849292805,0.407722023834251
0.005152008257874247,0.527016805094194
0.3279835699310042,0.454518327510066
0.34293098514741,0.294956718589004
0.39735241346737604,0.0335481089835272
0.5444173510902202,0.319957648984849
0.685729069581338,0.0138716013517428
0.11939862687599172,0.514558391691399
0.6154648810536326,0.0724022877437639
0.016593076109430463,0.500983777341377
0.0461152003229206,0.617498457767512
0.3950789259415923,0.203915858396393
0.08244262534987627,0.397361136648853
0.07089670668713094,0.56928912542654
0.6308588258099566,0.0296594049171403
0.23038989279086566,0.302672421557985
0.6193538854434283,0.0401265804431851
0.18392608724607393,0.483825272401908
0.21558388359905478,0.324405971400139
0.5932540409461093,0.081481471023494
0.19862340770566544,0.491252512829882
0.46537936285178994,0.188566697885562
0.12280060521184462,0.578411114614127
0.37499957846131216,0.444084125259232
0.22026644210228621,0.339422808717279
0.15957256463273858,0.423284965489688
0.4200890918936386,0.181719814659858
0.5696703537176325,0.00436859605703738
0.10094247408487632,0.858362778849848
0.15503116976405942,0.45830602988565
0.45537730918443575,0.20032704863858
0.5399989374784362,0.091008170754357
0.36193757102087293,0.0327009405978697
0.050958927833355726,0.695832402216197
0.08188813684908774,0.501960517507451
0.014200096261639483,0.771806542043106
0.23552144921929954,0.367067137753338
0.11549737835553434,0.636945807175567
0.38734260078809857,0.186460774620325
0.5910465552028156,0.137281161423833
0.287153838376609,0.447972429209552
0.36646490119693087,0.107978782596136
0.20056608366585774,0.640239701609418
0.21693046901214436,0.426557397490329
0.6344008708115086,0.0846412871708295
0.13041122507981368,0.650273408294498
0.29213238211287257,0.227626077367812
0.5350791379987249,0.0348067930815969
0.09942057340610493,0.473207472823398
0.27989504536042314,0.330195907525682
0.2854705533399822,0.488204397897474
0.34408973772894724,0.230476122738349
0.5110408448885404,0.00488515495976755
0.33245624742812324,0.221760215523901
0.7080604012615318,0.0201219706381634
0.5439239469257834,0.071397583309798
0.26506863832655414,0.525932587526856
0.443666978636248,0.248922079570726
0.16127317061034208,0.532059059961547
0.6028576735424703,0.214118638825193
0.263407255855924,0.439905528214329
0.020644668908082052,0.523973048677886
0.5149553222017675,0.181630942566678
0.4540055641365673,0.142982228541206
0.26016273987254757,0.641754875210303
0.1910534934560843,0.59761232680315
0.20454470503577185,0.619109605348735
0.28085554859272505,0.455359167224001
0.5651960814886087,0.0845541107718944
0.07977644501548169,0.48388717090406
0.42306768069537504,0.0859037510558677
0.4216228560825321,0.159934650517373
0.13002990293500766,0.606952729957848
0.38106536973362715,0.218467525526072
0.7385677951297094,0.0208418453560847
0.27916481813569055,0.273316740867637
0.5961132818404815,0.155076713419092
0.47890749021843254,0.152181971518828
0.5055269950690502,0.19017000194032
0.24615228767801448,0.40999680368711
0.2315349960776306,0.26187110170809
0.2816061583200503,0.280818978340909
0.624783335936662,0.0396783386919439
0.4028974723400047,0.225599954752344
0.5894121157986911,0.050138706954509
0.2995989128053053,0.387085303777639
0.42211206585720223,0.406194720588802
0.47225479059791764,0.253279384468418
0.025604681777211903,0.71639715272986
0.49299088202985936,0.213835041103628
0.40247236302006717,0.188471946036547
0.5872450600044044,0.110596846570533
0.6925332147246896,0.0627794322380499
0.3593110713200202,0.333621238104413
0.16281665137992882,0.481055124399079
0.3385509143459597,0.545882177935147
0.46599903728397596,0.174415592848556
0.24399518895071193,0.464484141033213
0.2972087314824158,0.44960275534399
0.001460563845516101,0.923779893010523
0.47661109262959567,0.251571735698152
0.3899231986676685,0.163907852067012
0.2519350546336331,0.30709973031315
0.10245026884405344,0.458216319301367
0.24127728264015974,0.348942304047387
0.11708084459706716,0.58768993866505
0.21553362328431927,0.414401829683752
0.06657560858709342,0.593836802666189
0.4356457383738969,0.312313988075173
0.0037221377279616423,0.508830842678457
0.8620795582658879,0.0627711124676333
0.2287558117353293,0.388194001028933
0.9342289376595049,0.0585849056818573
0.2243542527576561,0.405802575410832
0.35950962986096785,0.155319773518446
0.48837526264868086,0.323001738686702
0.48696285459392996,0.110499637113252
0.3340038192167367,0.368867017406478
0.5378372665512922,0.0238450178865362
0.018973141967552825,0.395701518873633
0.372052567776424,0.241123512127988
0.3000020093710683,0.401074399875542
0.722155311760013,0.12040134623473
0.14464929703806248,0.596849343283885
0.576628881366429,0.0963719642724808
0.16028552866382367,0.371609046516746
0.11454459975443282,0.567054068833987
0.12641178427213368,0.398332663906648
0.0669402806343856,0.68156605527017
0.6826979390904268,0.0522018745491198
0.19412167333708572,0.55937276218114
0.11097493058512754,0.70648121933778
0.5107530010502314,0.227559241302953
0.5066002295866106,0.336778471876635
0.4634684849688086,0.166242001889033
0.6081700684603352,0.102191963208009
0.05055321693349771,0.526009517229167
0.5538446136653277,0.189952605720739
0.5980041007152336,0.0287894955634828
0.17175995115293813,0.148925217158823
0.33098868586035574,0.575770400483088
0.4606489543403525,0.305034969650376
0.2926690974999142,0.342735456024753
0.42678099644275885,0.427066753624796
0.4641692048903805,0.233461686484185
0.22563187445727317,0.504825026863474
0.37401234419349166,0.155358577581963
0.5491314172564373,0.230729186528705
0.7531153302611906,0.156570928506356
0.5189405949293048,0.221971886590535
0.3891843061538666,0.409134858340863
0.7787253335227374,0.139021971375404
0.46189100968275953,0.219465982296007
0.3959860350373882,0.354208547319734
0.6235255319492717,0.104677580951893
0.30969503618236344,0.223908934745417
0.36150272608755885,0.428611038462077
0.15638556990112296,0.38087128997085
0.4223633787991008,0.152031459654271
0.5009417828759453,0.237564236622016
0.23172727020719724,0.310818426856761
0.8167481051257053,0.0216656511234039
0.3084755682316168,0.166030830578566
0.3586166499326214,0.529061517665107
0.40130166623910263,0.181999114677639
0.4937961964396434,0.219993732084737
0.6189537241088976,0.0966859305768643
0.2189075608172947,0.377046211404389
0.33583881408015065,0.166318371874197
0.24648444056827792,0.183957899459359
0.13501812208825226,0.61054047273983
0.40637226173214025,0.30478600641359
0.38629649573407837,0.0994736696178594
0.4296641639175067,0.343029497458953
0.4007980572772231,0.371599698231265
0.0911056239319067,0.643088242382239
0.15923752064983532,0.722163134512849
0.44677570287952567,0.111336056203005
0.08583390141500426,0.446600575040047
0.7750725079047183,0.0158755658121826
0.2646066948214584,0.360865151615009
0.21379977929594302,0.012152954581199
0.33814811008286405,0.421871424929724
0.7175951092259745,0.0101745680142601
0.0671712273383914,0.611263442419709
0.17438937846882252,0.40747251049564
0.18798783047920473,0.682165191092345
0.03957804898648144,0.492673567883214
0.2525185901932721,0.378684190204642
0.40859145267432073,0.179720152502938
0.4899209439238166,0.00228419161545776
0.37055248434159505,0.193181438144388
0.10724527701387859,0.591460122988235
0.39060146206423085,0.256510487374195
0.2906579520989412,0.23938307163653
0.2367135947600752,0.473035375575756
0.007892651232957426,0.792308611166067
0.09304754835779407,0.793096543619047
0.17050105038161464,0.3856930410485
0.4650421009988168,0.19887170547423
0.6118551560747033,0.0705845753885184
0.29601596357305615,0.56157156369359
0.52619195281241,0.358733926963355
0.0062693070917564115,0.653833633084223
0.20702666320371182,0.339505279716941
0.46282688627538154,0.0121109885824258
0.4144756897325869,0.1719468519162
0.4635174675844055,0.459402636323348
0.5687910575635345,0.0765447590218625
0.5745061894349109,0.0318618202003344
0.04839360343100792,0.560523470370043
0.049136638343826484,0.806730552986638
0.597382363405355,0.0858455656631271
0.4707705750443091,0.17341698875626
0.5963409195897321,0.075153271386743
0.5816316767506287,0.0569020340917141
0.5505093473167408,0.183828229002921
0.6119334113219654,0.13127841485818
0.41022622455218877,0.265183870217074
0.37739107137597816,0.343486173276495
0.254842591608408,0.241264648417098
0.2403215707427097,0.403482515618475
0.44694056274023874,0.382078719986441
0.15442391224458735,0.371641568261736
0.16154513939325155,0.581316840439565
0.6973790230453382,0.14718424762832
0.3202886338244798,0.335682356178642
0.24842944332508912,0.453561335706456
0.2881503339132653,0.524611478011921
0.3418359540820843,0.322802568396544
0.08242040598023072,0.44717025040415
0.17285837754037703,0.404712850248928
0.06077393593225685,0.498349666009438
0.2776601030722259,0.507271903247017
0.12386150645709772,0.500237175372022
0.341894039152156,0.117687914321942
0.2630869015043773,0.285817029499117
0.32598723866360046,0.266583586266588
0.5613653163525383,0.173028548624146
0.5628012913281695,0.104766077895822
0.011021585324514806,0.510039194681012
0.15775184676086784,0.509261070680281
0.45618267075025337,0.162427513489894
0.45727653737339163,0.143691525698904
0.13596782855157863,0.409065963391144
0.19729771498830853,0.600334096855064
0.45861282900413036,0.107609075205854
0.6627359317058839,0.00497331992041822
0.09365747334248835,0.61428234310414
0.39927170522548205,0.537319702134072
0.20706058238302108,0.301316561458109
0.23786954198062737,0.46970099234169
0.20386119539172137,0.466095760458692
0.24994438293752347,0.347902561439755
0.024442680013624575,0.444430930773101
0.5195526460862708,0.0523383329458704
0.20371888962922785,0.356592990418421
0.2828277441160935,0.229756581021393
0.22226903746334167,0.392778792062462
0.43933035586117847,0.236304361821017
0.08245500155584438,0.549454761831644
0.4812172875164374,0.0463309583904685
0.5208519446979525,0.0419266450275793
0.4939253731708599,0.187021651473421
0.024873431085417917,0.542869163762321
0.5982748282017333,0.0838499553717745
0.7372140044005625,0.0865688453227902
0.04979607467845938,0.685651878107259
0.01844019611476088,0.824544112011349
0.03309845839559773,0.695216954507322
0.5664799694229483,0.198294361982614
0.7036467087847698,0.0206135942951679
0.5826260322758908,0.16493213326403
0.09514159689159386,0.499482028514958
0.5758444847878295,0.152476212312161
0.22212907747414584,0.509979132596895
0.1253000483875753,0.606981581690644
0.08626027975206751,0.496030692787663
0.663703299811731,0.175767233607504
0.31347776630779167,0.272905964929038
0.22896968603734114,0.391359174052381
0.5280683362365155,0.203247633427702
0.04012628235855447,0.660605084156349
0.7506231303536548,0.0270413663698199
0.871890658270789,0.0189186634117623
0.5661122405249424,0.192985605605567
0.4529711199240276,0.261150215090022
0.20816983381244378,0.566290232716002
0.1199135972388655,0.650533968745703
0.6663624633061527,0.0722608944268041
0.4819022711084623,0.0769207795103984
0.4301008186224861,0.234081622281679
0.21687430047719372,0.33329253532129
0.12047666791827835,0.370755887711524
0.4681792167431566,0.420579858131823
0.29117557850589443,0.479384735139022
0.5019707470083775,0.276903851578922
0.0836036131729939,0.502530632344451
0.3877959370591632,0.0171630989574712
0.525053664437442,0.21711806968311
0.29377427681971335,0.367393752432357
0.0343760871792755,0.580850320339813
0.5821772247722832,0.123556380483448
0.5048026776442923,0.098679336257783
0.3535098502777475,0.474119568505425
0.6281426426660495,0.0864759177195657
0.09094856444212635,0.718139944967908
0.49829826249914655,0.0230165338770633
0.6482097589186965,0.0538329072557197
0.14533871708242566,0.670860146717733
0.10471228150737848,0.592347075536745
0.21082025594744483,0.394314415409809
0.7749143972982935,0.0557528629831043
0.0015977791401325814,0.731743946356693
0.17392401448550454,0.369154062637397
0.35254011344227243,0.384325530396376
0.19225882743269332,0.498137217724692
0.36816462924076304,0.588063924302748
0.2666387321316228,0.377502768736573
0.402695860224179,0.213090148253096
0.34298357353613035,0.299583745524124
0.4511256283833328,0.325386646159141
0.5166196098807009,0.17378664675966
0.5775844988300731,0.00354178326180959
0.630357537946289,0.0541410297381348
0.5382099070613661,0.0827256923109409
0.5143588817695068,0.0884203568361451
0.6856095675133261,0.142599548382884
0.37830007045366293,0.159086337325992
0.16250481962178465,0.274707216702266
0.6004542744877363,0.116559823288484
0.03508931839884055,0.409116984357174
0.10297050624235358,0.584796090601432
0.5203550764573361,0.224537491613583
0.5003973321734075,0.139990833063729
0.5287190037374492,0.071309048459073
0.008125795178786973,0.739584179314162
0.40046711963460596,0.322194326827097
0.5908281340687462,0.242083389336276
0.2853553749988652,0.261825455921967
0.3283013162483172,0.202034884905178
0.31309336153698086,0.246707387928085
0.2425125715978108,0.531818775369143
0.6259575985732225,0.153236982434227
0.043934114169188104,0.520709478097606
0.22252100194451618,0.565981962227057
0.36878955331299795,0.118691083234269
0.022089837635585145,0.660394786176844
0.5074219835337807,0.392678406325174
0.4402429274618211,0.0263587281398514
0.2481480686684274,0.375125954577255
0.7284170660050199,0.0195590189137102
0.3803081655018331,0.132615804178098
0.45232717381135024,0.318016899883514
0.20105062904849696,0.491942125807095
0.061197478008802576,0.594788271110775
0.5293924305417438,0.279803725470262
0.28358400143581997,0.265677209976573
0.24354463789024722,0.469793766841364
0.5286342925757509,0.0889633659858386
0.31517198316281225,0.49789333689051
0.10674063760630165,0.593650781581146
0.09502557493882811,0.571247704298726
0.5322538264224261,0.148860614190358
0.4769741154347256,0.0336742076629698
0.05333161279520878,0.544360487604409
0.357639869395913,0.398052875753149
0.11300646393336532,0.691612131895849
0.5906766952701875,0.0969536385446634
0.10238987871177838,0.691427101512713
0.29432016045970166,0.493299520293655
0.5855468198152093,0.0832395172643965
0.521381100020574,0.182196707752577
0.6623459191593765,0.114089603064184
0.03998306635366325,0.507890202693145
0.3054934844599007,0.350244175061288
0.07030515005825612,0.748886927787298
0.6388519219806678,0.192751925214231
0.6120417282062813,0.00218774281508233
0.20327634932757954,0.526948360160394
0.3499781466524585,0.196677884840289
0.16965921225101754,0.276478002724488
0.2957939164788461,0.329022081890806
0.5467589296495039,0.252980385723517
0.04905778325726864,0.659265296206384
0.5262854438402181,0.0777453260835611
0.5973893152977026,0.121881010093904
0.6177643916752783,0.202448082121306
0.2952436211660457,0.325669065691913
0.1947570701561262,0.354330203944763
0.4960702711655243,0.137421967426358
0.3072206457649541,0.191099677780732
0.6858430853596856,0.237433067928524
0.27986591423508816,0.330316973697085
0.7737545210423257,0.023950186655482
0.30331237844696257,0.369878924686504
0.5144636581699279,0.0162080340884701
0.24142932506917142,0.333161471397551
0.19203580404110068,0.3596555885635
0.012805275766482374,0.878243351714864
0.20756851489596487,0.205844417524817
0.3325161355233009,0.396689937846877
0.32533565670663867,0.296519126443648
0.22418885173218342,0.299147812990679
0.2654182827318823,0.430189148110327
0.20551220693519037,0.520042585233714
0.8338257042858537,0.00388427585527878
0.3187595583995402,0.198488626117491
0.6174784634606525,0.0484611521560137
0.021222090459627935,0.629053413455133
0.29240465054595605,0.350766120930418
0.0703090162627704,0.494691782294533
0.6801326198735484,0.148874837804667
0.27873766214731,0.465269475801805
0.15841376995488973,0.440506179461939
0.18481002787638653,0.580276420403636
0.09836200586634303,0.542953609103898
0.46459643806565715,0.309801074956392
0.2109668909625942,0.661405932723674
0.46709354329989167,0.096654691485124
0.4392827805998906,0.251116531329114
0.28722616689463587,0.26803943272088
0.25940213242032795,0.255022275103046
0.4771498398773073,0.283468458327425
0.13913930740122704,0.543710849232579
0.38460447114304064,0.263654632032643
0.05766514029619991,0.674381412274126
0.3377586677604681,0.406684810804332
0.5600650192321073,0.0636784438222914
0.5285458049485271,0.149051870255094
0.20762186150073078,0.547463308205223
0.40886127327172767,0.296857280387262
0.07011301491874608,0.584679721773235
0.4030883508582922,0.412475406221167
0.3851829845411706,0.399244701975597
0.037759969020427726,0.457045959720366
0.5714674579542793,0.0576924540092118
0.09971116988132947,0.458341235629291
0.6823940371797177,0.0168404514474325
0.36188600761350576,0.300323354460281
0.14351678709226584,0.600690186680264
0.06557992858162555,0.364887044236773
0.17169686008258042,0.352504772085489
0.1977881297187819,0.541356592822471
0.47708083950635727,0.387984139649928
0.3821841980350637,0.363313348954806
0.38744476535122424,0.176474251265638
0.34904078480160383,0.248991988469656
0.580392752741797,0.0281371606640964
0.6038391953024154,0.204427369507771
0.30236388228191835,0.401933214229285
0.04040764455140183,0.588346059561635
0.26414218908382525,0.185944763499308
0.7517825226571655,0.0271494809160066
0.14319984611125686,0.300581393650205
0.40969224645488816,0.213931119915019
0.2417127470021835,0.516984634028642
0.4884984050283204,0.125780002256263
0.4125259361811991,0.272958653649988
0.3140801343658854,0.202580293978055
0.7099815358585827,0.0853698167953739
0.23996948919397368,0.509650756308191
0.7608082628475048,0.0074833784203195
0.17315716458387556,0.356578336340784
0.44410509813099436,0.245856276688416
0.2639313383190084,0.664208827604102
0.585445419707479,0.0522707342922528
0.06765068744621149,0.643564798737352
0.5558805744218767,0.181662571037285
0.4187772380572971,0.265140967400759
0.6180291064349056,0.110201445110644
0.3263983847334084,0.201773996958532
0.0493300915321965,0.419873940032966
0.12342874415755115,0.601805938893935
0.7409428574467123,0.0797003939445517
0.219556458129579,0.625907018538884
0.03915209098316686,0.482582398488567
0.18924225704131684,0.511883365066143
0.06786325014958684,0.469502693225461
0.7228554059034363,0.0255689733470278
0.34350352039732296,0.307578225514977
0.23066005885272386,0.485872767548881
0.17106535093962574,0.406401253821426
0.4514416569239645,0.233099382278293
0.5532985550091465,0.0160761765759144
0.330426083468137,0.0732653808380929
0.30572667437229967,0.21199511258667
0.24777106753829592,0.546811554435374
0.49891857777887083,0.0468693979691274
0.5428443862626333,0.0826541330507998
0.2108516901697144,0.548048677903296
0.3935893313863363,0.213442861227733
0.19349690493480345,0.610855128114724
0.3715050359879038,0.189777895566717
0.04980878169329624,0.54268197259537
0.2763557801410428,0.267730034934594
0.385940173931998,0.209075603705363
0.2592384234785024,0.384524941660241
0.2930227167709085,0.382821702869283
0.15627875467716318,0.555438716120366
0.029832141380302702,0.423217603361469
0.41354348727684126,0.164173774540717
0.4534721837075132,0.0621138504198041
0.19790656143838342,0.371390648464203
0.06559700164860276,0.630447301224802
0.22276479133864796,0.506836071938727
0.04045353767019552,0.541991943282227
0.010430077482754355,0.808589823833736
0.16251499067544561,0.4534636423658
0.4291262334708131,0.293302233200351
0.17128111604242244,0.520734636786372
0.7679589173302597,0.00743360930087161
0.09887897912151394,0.575680870951514
0.27436213199328513,0.331807155675467
0.4545652179613921,0.479805728462429
0.2877389732105909,0.117437504692433
0.6826806124391032,0.0740315518126586
0.38082334231523157,0.142130810635728
0.5961597227084855,0.307979855526464
0.49378521325410996,0.172580415247035
0.12098790815807009,0.503169075292835
0.6221493601950823,0.0871404881461957
0.7844576666289405,0.0341300955262154
0.5260420166121993,0.066351042115457
0.19863229360499846,0.44351879974414
0.412128062906112,0.260879747242724
0.5178436548722214,0.135718351503328
0.608241097093273,0.279019890933516
0.33927379007369723,0.204612771145075
0.48454501117686877,0.121299024254941
0.273124188234758,0.187400611631931
0.4004985368659372,0.206084615101406
0.16635916179509522,0.420931348754201
0.11129417870853178,0.606561350634673
0.11692050350239841,0.477406955054108
0.23689781949987077,0.263755075935453
0.326296413827883,0.445887122688129
0.15507194336354801,0.358372795464433
0.22127594802856324,0.464893783763121
0.09821310349633972,0.625587908719509
0.34281167568750603,0.26215178807663
0.5962591535382499,0.0844629976498399
0.16847808401397563,0.369343008537567
0.31382021886481104,0.419971787079657
0.35770259464673393,0.282298780219336
0.3957361764960546,0.247519149058516
0.07432629103643792,0.509656207059497
0.5186689732990931,0.168004958487855
0.5149763072967241,0.122780234933594
0.03583035099098569,0.619290262437277
0.06943104380048506,0.643420212839205
0.04026079847003655,0.621218717255974
0.038219191155365075,0.682621983561342
0.2678386318008511,0.2729167001117
0.21702162038405107,0.504238731627777
0.45204559707250463,0.480093390558857
0.31647865864655067,0.207674294377489
0.24282521172786106,0.269742821131061
0.0792004244453627,0.57098843317785
0.7688318151655393,0.144572976572559
0.6673779173039361,0.109262524315726
0.11952013593807624,0.527206364152332
0.5305114605784303,0.184786767907817
0.4405017716004607,0.219390851750607
0.2601066281861437,0.404805937380542
0.22071581000180268,0.298819708203999
0.007208818762816856,0.646970097117437
0.44093179625647577,0.270390254012695
0.3855341309820222,0.438420292471281
0.21341584798857405,0.383138288264743
0.47173645246969464,0.196232974318008
0.17068059538089925,0.314390735798045
0.4859312728074739,0.131754259026663
0.29626018651245367,0.455805261681792
0.3355715962569152,0.375758453719661
0.5349062972495544,0.154941107904005
0.5089045283009838,0.0238712327894438
0.031567081574380276,0.671030100012368
0.05824606289838232,0.490104757809054
0.6476460711300309,0.012322674887531
0.6666652417384904,0.0742432467262212
0.3420091750091132,0.472189521836466
0.5934915345542233,0.107370813097663
0.6324866726888667,0.119865182733524
0.23100695153562537,0.380723039241735
0.17400965421174708,0.515151295332804
0.0972197965284424,0.502570734757065
0.4487212126691438,0.322134460063143
0.5823531101973155,0.136593494101624
0.34117678739970075,0.283025088695415
0.5106258056785615,0.0498925823995356
0.3797929607655196,0.286078166022853
0.3474097624824969,0.274411311351577
0.18398500823941968,0.305183011496247
0.14869368075168826,0.349898630388547
0.19171205752517737,0.387618827106524
0.21407432654922917,0.637515909346085
0.47427043484233755,0.0156202538682821
0.6426125899049066,0.047027191930425
0.44404722672508545,0.19256327665983
0.173179236031562,0.485164096679534
0.20650575242226474,0.410774643416137
0.3949590180913148,0.143225648750724
0.1689860726299886,0.548219935213084
0.6040809018167725,0.255098134078453
0.4298886245114725,0.0226696472469155
0.3865638603739113,0.314462904370334
0.021156055737950936,0.573113757524284
0.21633671904756566,0.496661416782075
0.049299000562494096,0.841273169285095
0.6641745454956356,0.107857087250207
0.03873118962468701,0.70409350200844
0.3106857063769026,0.417199164466107
0.6370948283718055,0.0113249385688307
0.03267843418729114,0.531496635159932
0.5185117217625522,0.17517200492931
0.7573456556869371,0.00692526014493305
0.05641142399238974,0.679917907593676
0.1952572025527253,0.363151063973453
0.3543333271108523,0.230255663868584
0.13228941642969033,0.396447680092126
0.2375554548345118,0.427943695930025
0.5415649567619022,0.0336946903884195
0.31720428948063706,0.284879394541984
0.03934683994366597,0.689331618950942
0.20461425127572194,0.526715503973181
0.12380355521870164,0.413221441220337
0.4664752728523215,0.104919713391859
0.5866197153100565,0.315999789807738
0.01768367883312517,0.506181193943935
0.05339548917424894,0.578553937092238
0.6041074569647256,0.0960855135741533
0.08576342769494456,0.379263505183199
0.2568414864243132,0.217430292000409
0.38988965168624495,0.0466341127464085
0.48708618781803076,0.337144419568025
0.26835546998862897,0.349866831393543
0.04224926649248222,0.697426977564853
0.429272143364667,0.203901071047991
0.4861657544189015,0.362879978642558
0.25647911695971987,0.416180592295962
0.012713369350642469,0.824606199256764
0.21555740435445017,0.646904680246953
0.3798624816512824,0.237250960247796
0.5800407395803998,0.135829597960935
0.17007916853128258,0.35977998896067
0.2452885026074811,0.312300332379206
0.7444450528916534,0.137258984607969
0.13295840526720812,0.347998322015312
0.10956348438208473,0.499786359611221
0.07586074960090271,0.520423409855269
0.026881266038112896,0.515301925871204
0.3934079961886787,0.0637400211675902
0.02808696170781184,0.433771896714131
0.4003237794767934,0.189786726536277
0.37368902662758186,0.248525747615949
0.2545222381612413,0.243529716111272
0.5045273200442767,0.10873589583766
0.10162841724200888,0.608665020204629
0.3110829105412265,0.451118237733472
0.4093798405070541,0.24887561154571
0.4242688349957786,0.0410031857722384
0.35754344925476655,0.342429435258303
0.23032782109621747,0.439127149039815
0.5670738954546264,0.213740250362013
0.07550820065266461,0.901167433403782
0.33143526197086837,0.24553656507405
0.5444871887870307,0.0979035019394717
0.2482475005226231,0.225102511293282
0.17402012710392661,0.419772866613724
0.21144000537970684,0.372704953719817
0.1799675940203217,0.566641924959299
0.28394698147137887,0.522755851304503
0.5020050044071984,0.327455653335247
0.5313123453048548,0.111313054029991
0.276469256669949,0.401787436051914
0.1542205211938952,0.383348258227929
0.4928763489101765,0.00839746392372448
0.636529748405313,0.0708257612420672
0.10835369680381021,0.303049188899561
0.10641823942986901,0.735511856719757
0.6399362725576504,0.00650743603481302
0.7226046910232915,0.0765066013586985
0.45393536214229147,0.18362906846586
0.48347444610008894,0.333926107011958
0.7039186102050088,0.24893433422456
0.29311283597976084,0.358605707810164
0.08088541603830157,0.520021620439341
0.7056108615561807,0.0477467135822097
0.30189370850956515,0.514313386389919
0.32068950971101434,0.309761038712064
0.2544604506229555,0.601304493792858
0.39789978953337385,0.288337590892842
0.20548600808281614,0.439523421009694
0.39688524120273183,0.143369768997697
0.32860982594840277,0.24274857346681
0.06097662291670549,0.45337233239889
0.18713934899274445,0.461571527955221
0.8606647773513106,0.0702708847691021
0.45218978528832193,0.0869079478025676
0.4214898532442379,0.0176276232492415
0.6382858477862557,0.128419739852257
0.32454937004180945,0.243673958931097
0.19856993154274488,0.474681804451479
0.3251325336870365,0.406480493797321
0.5874787866088215,0.00409531940011038
0.04152761732441653,0.483692457680475
0.37472145300227305,0.364286406809648
0.54915535087753,0.15756684337622
0.26419235802309093,0.345420005896102
0.6434371808011098,0.121256715239877
0.5108649766635268,0.294284380230391
0.5063707754658405,0.0305153349617928
0.4821233836598184,0.110261227885191
0.5242631763955599,0.0743037332381021
0.0025386577860068505,0.791359916973105
0.12188523576253778,0.562421073900656
0.3454231789676149,0.246157222934922
0.11925761051052866,0.543047952691823
0.2812599997878916,0.298585851306989
0.30514194816031326,0.329302806621134
0.3946257896665265,0.128084306142019
0.5876225196530759,0.299464412249888
0.07453363831353599,0.581940481743441
0.353658621243747,0.377435658154819
0.1558956739323887,0.507885502401
0.5239056363847643,0.145341895664854
0.2400041857742195,0.51563282186002
0.5926991211770227,0.0569276159214833
0.6051380179903529,0.134165393830282
0.10655992322391522,0.533304559759981
0.43240525949369885,0.272637068093554
0.5046287949605789,0.194081710906212
0.46330420360539876,0.0445775067486348
0.3541577822251238,0.328688966226336
0.30333064750231925,0.26290291675182
0.5271282527815843,0.0517176975007053
0.5389802116625375,0.0343945769262473
0.04342624228977804,0.380158745237125
0.1997229451242356,0.462781803956796
0.205945194082721,0.549932806027464
0.09977583154283168,0.660750167970374
0.04389720361635924,0.550189403453118
0.011085530786122972,0.740894748949855
0.5141421461730092,0.18454073528829
0.176215780122534,0.388235186156317
0.18380544032044982,0.486895580358741
0.2790763894891515,0.31293926690865
0.28605381948839836,0.223849437402805
0.20165580207390507,0.622727802141007
0.24829086375172962,0.417836780279685
0.5072499590703972,0.0129047283134898
0.3265908218089083,0.253341570543254
0.6005658118909496,0.0148831387695255
0.2709559965138037,0.28222827431546
0.25535284602561326,0.28391841391219
0.527206645317407,0.159789471841204
0.09164529583158458,0.516840822836216
0.003825546929419083,0.682769044243941
0.40874414231883727,0.340435809045063
0.5058029351682871,0.207733029942884
0.06471461885349378,0.72997032083677
0.5519104525231011,0.177274573785005
0.3267108237476467,0.419883973178599
0.07817956573776605,0.379755123013006
0.3628211509695043,0.300368514050003
0.1775599523348337,0.425926369445472
0.4438517513491085,0.277740509678059
0.37305760636919816,0.339903161672811
0.3643522982210946,0.337161910272742
0.6080881863760448,0.047829806515805
0.4150098863902008,0.376422109304718
0.058741435238732945,0.331958904000406
0.16904272108821378,0.731680535489954
0.041448884839167914,0.636842465655037
0.3058633612716425,0.241145545911182
0.19389623373906759,0.512257890842849
0.2445328045187781,0.555246584207708
0.3450913953120401,0.292765455075584
0.3639038859555501,0.134145607720321
0.47138169755398013,0.120149081091188
0.5816054902654677,0.171790300727476
0.5199026017995914,0.0767699256704338
0.516292136366293,0.142777635288266
0.07451564479223706,0.434152542806472
0.7198479465362253,0.0835956176720878
0.44578124561628557,0.224725569515778
0.37368659715791414,0.293437999116827
0.1971490788299685,0.435221719202308
0.569473275872241,0.106707218205794
0.6092797938988032,0.24723497777541
0.5405482409914505,0.144587605102612
0.2382797421380895,0.446077221024583
0.41954205699148345,0.206603579162877
0.5714255813844639,0.00120245424121562
0.4720626818768088,0.159350760754106
0.0036475727365889886,0.646018078222505
0.1295812986827645,0.381063136485241
0.19226569051311274,0.507005809424719
0.11751005622033302,0.346886902400016
0.7682533742927123,0.121767986129454
0.4765642583197256,0.495419805762317
0.6488741045217986,0.154754140357387
0.06768585569413528,0.374151615684984
0.33622389771932826,0.465124691932024
0.029813209621087147,0.448533899989774
0.13208233347936413,0.548114986812982
0.35184578683757434,0.06295418025639
0.42995219152703107,0.302695045149625
0.270888430886243,0.401002727477816
0.5934313410533477,0.125837925102041
0.3279287823821392,0.411650869109926
0.09795835984617687,0.468378991109066
0.21468709639850195,0.569520364785062
0.4305780817563531,0.187808984869586
0.05940445967909517,0.596551061748261
0.541481438236332,0.0191944035116108
0.28555474433956735,0.476881056992801
0.6178556245557725,0.120051318389728
0.6198601458737775,0.200242337404892
0.0846323676815538,0.390819591784903
0.11480272647347976,0.495054369164378
0.3884190272309211,0.168407699584752
0.2316402530343175,0.43235328713463
0.5422487851568212,0.109703768317007
0.42105486876043235,0.361649509954548
0.5921165180293313,0.138072704959857
0.2871572831969593,0.282864730290201
0.5914526060919132,0.173281977316802
0.075792228386113,0.581566150461356
0.32921564683164584,0.231800030443257
0.02132510501092826,0.608667215633365
0.005579036845210276,0.700779975068446
0.06174735311700192,0.554446418651655
0.11295062289727612,0.493786496301565
0.44412378442754624,0.326971037974067
0.16080061233259987,0.475844974235454
0.18527477927514185,0.431951271871225
0.725257605418548,0.0798099498653157
0.6136735242225564,0.0296023055505746
0.4070632542666732,0.0342677659260194
0.17479441835532553,0.705949967225993
0.24918705259959528,0.498791968698064
0.6805558159208747,0.20810346487653
0.0005520226451023994,0.654116441210354
0.06496933494278219,0.74335559627847
0.13908134693370378,0.42921805783351
0.3761631711153565,0.411870407668304
0.4599997650340284,0.198290298521862
0.5076861288839246,0.211187849567506
0.3905623475719014,0.121285193912268
0.6199360991901286,0.136276205664337
0.04617367391134794,0.59819889822842
0.16488304387909117,0.578858379960361
0.2562784548017048,0.497812284241045
0.6406190865534668,0.0598279857273412
0.1135450678434593,0.423991303967266
0.26299660697062505,0.354784961503732
0.02203729178066782,0.610733447478293
0.4390886111972593,0.204415734233579
0.450422714568024,0.206107363089274
0.009739430279848856,0.786975275190327
0.31348066414088727,0.37595442329102
0.6736799290848727,0.199686885255353
0.35612201697314855,0.233839464896136
0.3088153697009254,0.343316696920044
0.532156885555718,0.145323012729887
0.4564390482489384,0.22004865912159
0.3641112749283696,0.25286646436796
0.3515608090436439,0.42111837510379
0.2929185538844806,0.305336642635136
0.2049192256349439,0.607199114178811
0.3274280753734391,0.275849642803139
0.20235950232408736,0.420989888596682
0.02547780268058604,0.670402198874438
0.05544229532702321,0.530798434833616
0.19433309449386232,0.513114153853506
0.5991199481601988,0.126583414583145
0.3396536964256922,0.401269508626975
0.613836169259423,0.014551360988073
0.7918360128421357,0.0159402636182115
0.35477001774617306,0.48486289384779
0.5626506425714141,0.299126930782554
0.09124529066064976,0.692477733515578
0.3037020417456287,0.287112475116662
0.21870471415791246,0.36569787699259
0.5611538764546111,0.19018709614156
0.3606793082636242,0.235856989329774
0.2940258999436908,0.428072149889164
0.17124652969276524,0.469998280540289
0.19888209889822617,0.699720770556425
0.17640410435896317,0.436469120604185
0.49452948555664433,0.284536020176675
0.007960855221669986,0.625500822153999
0.28639629469285127,0.333579487390225
0.38450418846937134,0.186836398352878
0.43324510491361706,0.0144499818469563
0.14225341136440747,0.543136073914951
0.19779664244463996,0.429455983360962
0.07388438022625039,0.369242066580468
0.015132963194518947,0.631344343266146
0.16052754085103207,0.52338743432974
0.45376320039971535,0.0802843316971338
0.327871853763216,0.246591075707788
0.40271978989873936,0.145600608579601
0.26741258151770625,0.372055074397286
0.06456073577691283,0.546585450209424
0.2776678014751857,0.596119365313438
0.31393871427598957,0.320494677075636
0.7194296195911436,0.0592492405239663
0.2006332051485389,0.399966385560043
0.21260570586421088,0.341988808220843
0.5699063094965934,0.325585830712118
0.5372145262589396,0.000586265354806825
0.24075172163013062,0.499976515834684
0.06256706964227671,0.625236799366576
0.4871032137632267,0.257570789560028
0.12865767765603933,0.668580249701037
0.7529591622985349,0.0505050472794308
0.5476236948029989,0.0646255681112343
0.3953743099974162,0.260033852412336
0.3830460540090835,0.382716869179601
0.6426510833425196,0.0557644162887044
0.004513511234544424,0.651204260821327
0.7184324463735029,0.00322251401540313
0.12794386574034816,0.364092575208169
0.3416105938908232,0.186308153839885
0.3135880114561675,0.118332508649832
0.4892065996916151,0.14715017619296
0.4776088004104431,0.257592689559017
0.13904964636918282,0.390665109038139
0.12648344561162092,0.622145443053428
0.4915421176569621,0.126319993784798
0.03797908384739157,0.474769825899379
0.17276930218414877,0.491729155234925
0.455027711192216,0.195419174594744
0.1029454960870669,0.592519522772673
0.2087673023194739,0.366786471507529
0.5424803648526193,0.313309197103034
0.48268011813231576,0.166316242485153
0.2082467077679512,0.333742492134555
0.1334007651297273,0.306928904267542
0.44000240713802596,0.150242592070662
0.1088321328217326,0.529816140152008
0.17183310474916602,0.374890291357186
0.13501029818567112,0.663296218229516
0.007913835324206111,0.5481221435054
0.13877686330598246,0.479906520584356
0.49276097775114713,0.265336727160399
0.5934927292238523,0.0613582048120294
0.41304308320209876,0.375029107680101
0.22632958689634924,0.341636716079826
0.33998818115660573,0.274502542701323
0.7220495884686079,0.0219960579611285
0.17592539960805806,0.511089774587076
0.1779188858803501,0.548022712081871
0.39829920624157705,0.255574623475018
0.4225593256441997,0.0861239556660771
0.04998414136598097,0.771243960262542
0.32164005191976736,0.37114465584091
0.4814256452623137,0.278033756714729
0.10366974787758186,0.421516278432393
0.32629538062451574,0.246827060497485
0.7056714694645698,0.0903325380670774
0.3469425787565596,0.217730401063884
0.1678009360851753,0.111237525781622
0.2861839290008998,0.270377327685825
0.1505278945129003,0.453948389734273
0.30159323055466003,0.383777703597556
0.27347508574006807,0.583256176399348
0.04315137565270493,0.615050596910038
0.2686590462541879,0.337523391940146
0.5284482380526766,0.150100563389192
0.18317643490850732,0.389221553195931
0.31491708011185165,0.201741314580644
0.41851966070493957,0.127567356781833
0.12435668087183296,0.667055382069616
0.7175350467105726,0.192178158672297
0.280293477779698,0.31357169380166
0.2021804630080487,0.403654223463503
0.31706161839349833,0.428443141773895
0.25946009480801224,0.382638955534733
0.6067369683639837,0.0155664473774474
0.0880825360330887,0.334154847228321
0.19401301698241716,0.408800565621032
0.12230982004633811,0.490919081623373
0.07135386960281423,0.596537296491007
0.4422517744298528,0.170910378552068
0.5868879438584798,0.303120721558962
0.23118854324923035,0.594064498606056
0.402381464520569,0.22670457520202
0.06965336718803596,0.557680426624075
0.5792776242462123,0.167943173804465
0.16277746635601306,0.381891766406997
0.28993521507477377,0.216295664018232
0.17214744116042055,0.418573184462192
0.5939489542443116,0.161806762551328
0.55150485743429,0.0578230925382118
0.3790198052682852,0.430287135636522
0.43344610971137987,0.182191646326119
0.08896483742249112,0.657444352141316
0.030533942423227187,0.605178194913634
0.01341837779787697,0.814811651001834
0.3571469971488832,0.0902496336391807
0.4216223541228148,0.243005227858477
0.535946331536087,0.150646579233244
0.06724842130597732,0.699287831218179
0.5265464404135481,0.173734572918281
0.29166798828057666,0.35463239764976
0.054272384760808784,0.688922412358421
0.42791714939765263,0.189936873637624
0.3717057573744318,0.275033904566414
0.17559924793937218,0.604045105095331
0.39800215414814555,0.192034240681355
0.5038256231449658,0.150554702787256
0.5399750347669645,0.0826589423956224
0.13729890069673412,0.618807603628048
0.5438872904912558,0.153884301808126
0.2733212480643104,0.593440022568938
0.24209015617232776,0.328495495000483
0.3011457551375662,0.546329105115084
0.6826414141970254,0.135719176613525
0.4811134962299774,0.169116529690993
0.1338854372341214,0.517206138748315
0.13542249799826825,0.637992610096288
0.558370148832835,0.179622789981097
0.49761042947987777,0.166151055577807
0.45029657034602566,0.112721080920252
0.26901823861913654,0.319702696708222
0.6590565120378016,0.10952871903884
0.371964727288647,0.484802939794946
0.05107944312577518,0.5537583664575
0.6028088151484915,0.0308535634846187
0.10020988599713726,0.611832626366351
0.10690827607398165,0.579464558382817
0.6033438840841313,0.148598685446131
0.2972297959945406,0.419200006396677
0.5354172151139807,0.0192467344419666
0.6782736462662299,0.0933007762973035
0.16830622323839234,0.381597632758526
0.2649877292649862,0.560332206975322
0.021052797934414863,0.594116475647224
0.31243934401137646,0.51623140676583
0.010076597737559532,0.664463936862118
0.05724319088339086,0.451989889160423
0.4911541156958052,0.423936669734524
0.21743737562307044,0.480750851208191
0.53892049269314,0.28213620540081
0.335118345130453,0.366274429228964
0.17352181022577184,0.617691160549357
0.07012729610099508,0.783117170588008
0.06713897725114863,0.570893137296591
0.18410171604029255,0.376115221012977
0.4148951798000626,0.30395240115983
0.3169484099863382,0.434076884664052
0.023644914990878143,0.667215531088508
0.12511295609787043,0.507102245993399
0.4292786221515643,0.110849244665188
0.2962028902673842,0.315982780293802
0.407573422219316,0.298546425858661
0.3128207289808378,0.260237557461404
0.5519339777983813,0.0454711113407578
0.657076692832441,0.157156339684595
0.45534751936405315,0.226297499640868
0.24582229832830563,0.426885239274475
0.19987942609674417,0.680161859100211
0.15434564014883498,0.367597643063823
0.5974701104410575,0.00952268543348601
0.31771226934087987,0.481447073647389
0.8258786115892405,0.157295211079583
0.14685773335420618,0.268069052861068
0.2859756092766202,0.258692918818907
0.5921527086323958,0.0330326038434616
0.10417055808074412,0.524743823269375
0.5278899573420934,0.17492860022791
0.7322522819812824,0.120895079355957
0.2586155136243548,0.613622686197186
0.4172273831199434,0.474276219319298
0.21342990493475422,0.635774525385277
0.3731043681830078,0.235432347671383
0.06924980032571018,0.412348679902657
0.715874450946596,0.0369559847703167
0.29772448035069743,0.463719857157783
0.7538427645537755,0.0286734734080102
0.6023040692754795,0.212000006973877
0.3661723761882127,0.178534020486707
0.12283667405858378,0.271932707854603
0.46630191249959285,0.239765286807267
0.24089713365184917,0.289284207835214
0.3089109343377479,0.59598530097256
0.8270944994827786,0.101060539284439
0.5757001871368288,0.0813100625657125
0.17179997932246485,0.593001551780937
0.5840136887965942,0.390890962292124
0.6697707507429776,0.130711444334974
0.556722356474133,0.0867628894381865
0.1856895387191527,0.552137555600882
0.6319945636590735,0.0108730703648639
0.12512738269214782,0.39034269979204
0.07219769091509765,0.622241551041989
0.6133010779979061,0.119075647866479
0.25735717595547974,0.415318646537804
0.6623279361479589,0.031884134505453
0.1896672900155543,0.336162637325633
0.3235317790771801,0.498146456837511
0.5286215247470984,0.0916566199272577
0.5479167431821592,0.125894426613125
0.019434136083790163,0.738510603299329
0.04276318334206375,0.390044158615605
0.6523092203569479,0.11562828632245
0.754662077264596,0.0204795814022213
0.29822200430546447,0.35262703150071
0.12387332510582257,0.467743461026616
0.27336253071810257,0.407794491528704
0.6629122724411857,0.110933626732793
0.5872571177456098,0.115005597322387
0.5630116742310144,0.216846976042956
0.11338729648074584,0.495592723074671
0.20760936141046116,0.384555415667047
0.7831070876086059,0.0332176112160609
0.4745530625550528,0.0476049783121565
0.36877726238823694,0.316358410152169
0.06591032847211686,0.662041011159851
0.21195437107650125,0.592823448592324
0.6235278458801686,0.0532940925945918
0.7707315564173965,0.0977462149611626
0.6876604770068302,0.000386069109623188
0.30724814805428746,0.153033996221765
0.6542321630004039,0.0111367487796234
0.12471454521228159,0.452752903032097
0.3577664957041844,0.226608720847979
0.36431688400392986,0.276989318405294
0.4949998333666043,0.294152501060019
0.6397413064997083,0.265451466036853
0.28455444309434674,0.484036958274639
0.30281783080906005,0.545235191944795
0.5282282117423556,0.0073612527093157
0.6655712872369574,0.0128831544364882
0.20979577476140152,0.459441736261034
0.5011769946301808,0.197264705808885
0.3178845004548081,0.365317235214182
0.23629033799422997,0.239015794229118
0.4843578432960915,0.380630624194677
0.41634919250384633,0.0635495615507583
0.5200025223113932,0.203359691445904
0.6126240180767808,0.245859102097801
0.7208058235304681,0.0100814244925893
0.4403460138859274,0.212339841923981
0.6510047359224347,0.0369662011521111
0.2134719369297619,0.465383536837108
0.25089676941193023,0.449248646362543
0.47758065715375503,0.423902765629528
0.4456556095985114,0.295220101603326
0.3622661289365378,0.195575288360615
0.4986590734533177,0.0283827075651829
0.3506376600918342,0.509666233548091
0.05155214086863456,0.486215085194646
0.36573624084272655,0.366202011752886
0.6281366136190768,0.00915402809516291
0.32365826614995297,0.294166672266712
0.041347993909824486,0.657733154072977
0.2925163073342425,0.260318158961559
0.5721685300872333,0.0599605774999379
0.14985415709692024,0.64520362619747
0.19297494855521038,0.365970996463099
0.4752358997369281,0.352722827488908
0.1298582495385361,0.601770450363629
0.030066492192951755,0.745357093168366
0.7030127329754863,0.167909618846607
0.10854774189656942,0.493102249113203
0.4944272693929061,0.324834550855961
0.7740640228907874,0.0595119294569734
0.07371630399484791,0.559685250591928
0.1478318993277783,0.469545683477209
0.20132671432047974,0.360533980389815
0.7590860152814104,0.0753788253529711
0.4079676115300973,0.376821222234353
0.35168201288176004,0.259846572755123
0.1276031230118506,0.507452852983412
0.6151019179158166,0.0363184576325078
0.015434262763884455,0.632134986481432
0.2096522653853183,0.475715248165556
0.5278258639459822,0.227396077726828
0.14171485673309367,0.319716944783284
0.5251111224667954,0.294181363555255
0.2051733294375062,0.472087245472212
0.7257067390620772,0.153517624546499
0.13247844491475666,0.610571403838364
0.07193219599623857,0.657228071508902
0.059401356291107585,0.754723121723165
0.008883586936472758,0.560843369412763
0.5263334428773416,0.0430990738926322
0.4847517591816527,0.0983703438097202
0.344057327017251,0.581365856775959
0.11458257818472131,0.350872619389856
0.46083714448343005,0.34688424238811
0.6197568328765283,0.085569446299876
0.24746342659617712,0.347561680702839
0.4875631328662067,0.109410569299613
0.2757281422760005,0.421490879165338
0.14533229876658238,0.506456309972345
0.256237924212588,0.268262832690618
0.15743599449411813,0.45635156084178
0.4517240462173357,0.390635954968803
0.08215329910074819,0.605893717486106
0.4487757613548669,0.360193633818124
0.24923682493398266,0.282233717639168
0.10673464197270584,0.471840863249996
0.47371974455062715,0.296154642727395
0.02216905403792928,0.517855898698921
0.15859815498089183,0.595083029921695
0.23472791242754731,0.452922994059108
0.16754907481890255,0.66748536833091
0.1850533302776078,0.449113152334045
0.3684348934961343,0.191486159863805
0.1970108385824341,0.604575733439925
0.6595350262668439,0.0245046700877699
0.3869655420816068,0.337317712359517
0.20499880673093532,0.348495316903176
0.19717706405133856,0.320058346753748
0.09249097132668492,0.680572832807343
0.052189288932992246,0.653796318131688
0.5330090864009739,0.293630532453557
0.5252587830097656,0.176893688225453
0.6926526663208687,0.00842876576911755
0.4469349897403117,0.386192223360549
0.09430566490847084,0.446583098316955
0.3641452304751981,0.625169903095567
0.35389969841915825,0.415561102084483
0.27328427485428275,0.406137026360169
0.26198685002132427,0.360101867621651
0.2879132985812235,0.453285296870722
0.44363101189290605,0.169705477593232
0.1116858375325934,0.462233614807052
0.6445650199443146,0.0713364857440427
0.48466965198442624,0.267922918944205
0.3517332258670612,0.187538523556954
0.4875476958595112,0.294284813269377
0.08995814876102538,0.484049787107884
0.2977881403871001,0.374449682138393
0.17287706665716057,0.45963090247917
0.27568943231924287,0.410315953714575
0.265199630375715,0.300765123173629
0.16867234256786326,0.364738641072473
0.614011621721284,0.0869816489494201
0.006603016700487455,0.755106322083725
0.14875666648937214,0.326058436561741
0.12102631773062869,0.447140732593865
0.36481599493036326,0.260459383699693
0.19110518854216513,0.468467175163142
0.10421658040238828,0.581342619577288
0.10710289123860485,0.569562549870943
0.45394164447000296,0.203979397568093
0.13184137508326133,0.767201995033853
0.2854910510612221,0.463929327535003
0.3810462620141274,0.172702259687872
0.1532207030635327,0.68942140451826
0.5036503660768752,0.384961961184731
0.0639089129639567,0.863786261943722
0.09038463880025926,0.514251511721441
0.7340223536692217,0.0293317989550601
0.06092360952282972,0.672453460650435
0.683293912187431,0.0835493371442539
0.10620651435418518,0.446885735277228
0.3295624952360827,0.34355107392516
0.14534439094892557,0.328651925116893
0.4851786512683742,0.161728267156237
0.36079822493840574,0.293682397393529
0.663618205960108,0.239704595206416
0.23973588425014605,0.391119909915149
0.24166166923293297,0.478351834650527
0.32252471514772685,0.469539740237523
0.4716597863807073,0.382204444997227
0.5447303342623525,0.0481565785293133
0.3653877877729903,0.352760892642648
0.08261714242376661,0.689147869539422
0.5037750081322324,0.124798917238253
0.010722467188991287,0.786651614048641
0.12513986882469477,0.67578712083718
0.700112783580513,0.101480567389339
0.36514740471181667,0.153419141434706
0.06839457500052161,0.677425267697904
0.08199430965642591,0.269798232992692
0.26446228321485665,0.235151462445866
0.34253582248523123,0.22321096976723
0.5194198210254773,0.0810598104026604
0.09853822967923881,0.461812741185565
0.5258737436250793,0.0147461001693726
0.13662419680393376,0.593798781711562
0.5990015861703888,0.343867114904118
0.1991137557902778,0.498544451818619
0.41272108139111546,0.365189434190156
0.6676606780279223,0.217482170264312
0.355527740206402,0.129560077578514
0.592316446687858,0.182526895652824
0.035258292151237755,0.364352030279237
0.5658028074676046,0.264939734106795
0.4097850032368943,0.0782139454191752
0.37196759688497855,0.372421777480585
0.11591494448301048,0.493249799810171
0.21519147580056278,0.247640818028904
0.8131415516832879,0.0231862991614372
0.11629485698077072,0.70220522173464
0.08963429004325704,0.553218664075303
0.3731604101975721,0.561099373644696
0.13192138595937772,0.631601158145044
0.2190830767433157,0.340814074092363
0.24202384153874706,0.375018889963798
0.19754241297770636,0.669863524170955
0.6988575150485314,0.0388546420260909
0.8524749193015504,0.0341903292630839
0.17719061632923844,0.43524364260681
0.35568421852190435,0.498616577920122
0.38289254613373463,0.224430887610956
0.08357295067611607,0.562136636878798
0.6377712469709477,0.100306597234398
0.39737831261333,0.491455688117345
0.1332591447089064,0.437594551534676
0.5921235301618905,0.0167264029333654
0.22627331681974555,0.45720648914322
0.3362581207196383,0.195222565201852
0.13715893595018663,0.441527103515221
0.01287216004515575,0.650733913295398
0.31908643576893864,0.192592293350475
0.5918394255245037,0.0724690286803182
0.4607427506009295,0.131903331309012
0.505533384598973,0.0907742520821825
0.19157530574545018,0.393898068127075
0.1805119771545349,0.481291759569141
0.49350305351929247,0.426679115909891
0.4252169795266087,0.286339406439079
0.14448946622018488,0.596698499588727
0.2531672746052995,0.345349194212873
0.056956002712333795,0.338408155278822
0.056152713099114474,0.657262951834761
0.51693048637388,0.308982363200455
0.07491350085839511,0.620372496501334
0.27028415134279316,0.325930689877849
0.06595697892109487,0.466319254850862
0.2152499388948169,0.467500735332309
0.4408048924930461,0.241209001254725
0.021187787532424746,0.592346521218534
0.6065226528389521,0.0801640741506836
0.046977622613495695,0.688450762831734
0.5119597131747398,0.0326071449376271
0.253292884595433,0.495744097147925
0.40752756017266584,0.340076644016963
0.11008074948828182,0.600190911984132
0.08912852155858385,0.684226625192417
0.3808805820328197,0.209853056868478
0.10701335239077263,0.367505157727581
0.08772345216212898,0.487019543248234
0.5043686673229898,0.16281823998825
0.20756157039243214,0.214116759121129
0.029233032655294644,0.699224918790865
0.004081128639060807,0.566516662193148
0.6213989960267217,0.0701362129313409
0.5236951054247795,0.0485237824108249
0.3055829716604794,0.292567663875398
0.18984347983314626,0.377724749850905
0.16854145527977127,0.422041043155103
0.35735159623528934,0.340866515841264
0.450844154190806,0.109464180536511
0.45800544738478016,0.34522121783978
0.6932310163169016,0.0886212731514752
0.3910980263326587,0.233541826314752
0.4135729705805629,0.39561010418527
0.19157766525770498,0.382124936792716
0.33717230492823935,0.399197734310351
0.35952412780165605,0.389210600482189
0.7174644318713569,0.0475656089122097
0.016207989069516173,0.503279893836841
3.7591992137850203e-06,0.396561367574018
0.07190401777035597,0.6676006957911
0.5278491160411575,0.183685043651863
0.17778085892600212,0.41986227303387
0.24097624199417256,0.286407562507877
0.11008213000580529,0.804791013023631
0.760684413143662,0.103444365861636
0.4027508184764615,0.152913917792044
0.22135802094330634,0.589077779794592
0.474551681621063,0.211413394129394
0.0236379269540486,0.61245422036699
0.008714635512107263,0.64804877577497
0.6266273927499078,0.0883939188164798
0.1967192022229134,0.53927277527754
0.6054032626921294,0.272405976194518
0.5420575880429319,0.420382164779086
0.5422342622898941,0.142436275649042
0.06582678125969527,0.67868531480899
0.2897300143795282,0.486469478031047
0.23687478680718707,0.501717312855644
0.23777946331770689,0.401223834389172
0.5071063101582314,0.246778061354658
0.6934194281157162,0.0278508299874682
0.5436869061108649,0.044261283221242
0.4437720684799957,0.208510009822432
0.6083345463640982,0.0107005846779925
0.46061856497778775,0.157832484699792
0.5459859725107283,0.143148536613792
0.5598977873484908,0.07582738119728
0.39141448136230217,0.288756787560629
0.504564898884221,0.177545707587525
0.24802811579631157,0.513992757965743
0.3288093593199246,0.299743772004555
0.2345058237613613,0.340265538827386
0.23542404830500469,0.28352652193985
0.0004864165037329815,0.815484151573264
0.0964813434365663,0.571877743434032
0.34987227925977404,0.511627747571215
0.5534992994402828,0.126062565059231
0.0827836566030599,0.36297489953438
0.46873862840510927,0.024145062432565
0.43512471512077955,0.188425256631178
0.27128148300862104,0.361778879377167
0.027661481065578142,0.632913044107184
0.013858324924366075,0.432603722758658
0.429070224272047,0.366952875235005
0.2547143640740585,0.470854054343413
0.02568255762144959,0.638437212066613
0.44756136615217423,0.375562774160677
0.6805802224863277,0.0573273857380108
0.7349809617288073,0.0119507226499249
0.5195653803156587,0.0883678393726505
0.08217973082869298,0.557928317065652
0.3374232695402784,0.421803809991125
0.2546478883755334,0.401359966539805
0.4182099325989644,0.295871913958576
0.19491499389835942,0.469440785748002
0.06594216498386991,0.535310838482655
0.38120518158483097,0.402768451678103
0.685570040592128,0.0716229089172484
0.1579092054857939,0.30643347350576
0.35038329698581405,0.437585584706408
0.1151582086644447,0.7120962295765
0.37578206568514944,0.48197731903618
0.38288990948241747,0.346180874010297
0.3353745661179688,0.372677580955434
0.044590940471177704,0.639577953992548
0.34510150655073313,0.514799595867073
0.09966978577149847,0.723973410082645
0.3069814682751597,0.38116022903685
0.04199910911760821,0.58655236905363
0.3137545830718655,0.246855239461875
0.3805028723054876,0.161930525670093
0.05438827735866064,0.427980071837315
0.6098889000875782,0.0828638683585997
0.6683448211814419,0.165808604133436
0.06531896450576777,0.59415537930407
0.568816705082932,0.138781210475482
0.45761650281161914,0.0737632248024043
0.37989631881523517,0.291111977789655
0.2707735580261993,0.477793500614868
0.2553911422511752,0.33596859673265
0.5098846558147012,0.249260904516783
0.5496374505878983,0.0843629997214949
0.4202052856441552,0.111385495422843
0.11192727157538365,0.599692921130302
0.2597867244924338,0.340540972593906
0.4354981355780264,0.0529198622411764
0.2792741917663615,0.430864081094261
0.23370726504607303,0.53634104141999
0.5820840931728133,0.0316076126750756
0.4354775636804815,0.197068728794311
0.5528243700985126,0.283509954841437
0.3221327241693863,0.33571660689516
0.16909246081115212,0.502995005573742
0.3053051270257708,0.289231345438284
0.4658750099622465,0.357204010979909
0.31410330571603623,0.292658215939664
0.3901178813007147,0.201766953193637
0.6259236767639936,0.187060264051148
0.39354954804358344,0.33151863359975
0.1328883782211772,0.633411602184463
0.16547642201103185,0.638846453957421
0.5054569685898954,0.275198880527811
0.15841415789924437,0.426700228854874
0.41097488077512045,0.267219668195194
0.8684057251681361,0.0142392109693981
0.5215373103221899,0.0405817889606352
0.26000123850491746,0.678320886750787
0.24231883640116603,0.324234126812652
0.2691650275482076,0.426559133545948
0.4476372404466522,0.111001669911506
0.43264175736517324,0.356144192235646
0.5222207529204578,0.23823111245381
0.008017572123164103,0.805445518008904
0.302904060207881,0.401847446314478
0.18747748410736184,0.515380926608314
0.43500491752534354,0.350613406050542
0.47452051109901017,0.10057265413114
0.06402771902682917,0.638201919103758
0.43968034810693024,0.464533428372001
0.36204121852115984,0.425849985238416
0.05961960061397829,0.495565392789411
0.3643204041435342,0.243167475104038
0.046940735477482995,0.525527246810576
0.2498323671788293,0.399968085056474
0.17137504752464158,0.459321865190869
0.34814532029712536,0.316336089984317
0.5588604985230009,0.10786326917875
0.3776630279193251,0.250776606423612
0.13047493539701038,0.49944039218743
0.18557527122831224,0.452845083951597
0.01692796375844258,0.680385379174382
0.2643485512200877,0.320175499922909
0.24131042368674074,0.392098592531606
0.06601069422744457,0.671861274523483
0.5768625549010091,0.00167830008457454
0.35659186202263204,0.196256068573237
0.7554199542210722,0.0160768387579149
0.6881124813500261,0.0632251209812919
0.05768533815118897,0.670156125269804
0.5605861864858026,0.0923969484306642
0.25877034120560916,0.571690872076305
0.030235373893088557,0.549580204778806
0.7161218065268685,0.0444890549826348
0.6097601924200254,0.0715954893279792
0.5489649748951337,0.22148075537211
0.09217560561269608,0.423548101569649
0.47429110075300734,0.181524066651616
0.007379470473114194,0.836326807849827
0.015611195296470553,0.737899063609206
0.023165799233145906,0.456016222207344
0.4458198474051335,0.0885569687716822
0.10463077443249323,0.492764361828083
0.4422099700506794,0.143876167735831
0.2902132750496588,0.339627147755191
0.3908709891704589,0.331000480315295
0.636240806751893,0.0382537264694094
0.5237028745875281,0.175179565027114
0.33913586509558025,0.334886091671277
0.4613632938086007,0.307834213690912
0.24912504566021917,0.354941856444688
0.12491410998590755,0.503733700061014
0.09532061838562932,0.552369197428364
0.4953525639396251,0.267818676521348
0.13276476243865665,0.451917907126317
0.30846094683560316,0.354604031766781
0.033685380790150495,0.622358238180957
0.241399775738692,0.575746454662612
0.4290304105784887,0.227549614111211
0.35706874845928227,0.339567158735782
0.4053068377083308,0.440036039908582
0.09361031279452206,0.470492790406235
0.14604303023833803,0.395642305157246
0.013871224427053332,0.560748171449058
0.47659035656144283,0.289912222696447
0.05829158249562214,0.414479099226511
0.023981725713811908,0.639304523850326
0.04975864398094248,0.689716011666096
0.5578353067210524,0.286581246626385
0.10485107009128737,0.632439940169291
0.20114121703418672,0.30885249464294
0.11778401214898902,0.487809721919673
0.09739356652851522,0.544847411626358
0.00033376530720197146,0.588336604872558
0.3836140857409324,0.411169921114545
0.6081105885263812,0.049432950080616
0.44975568350046524,0.0503032756686039
0.8657407686825898,0.0401600065981596
0.5574899338767453,0.127067202899765
0.47926548125719515,0.238464425739914
0.5595269755447209,0.134512515292967
0.25381027928782346,0.331176721343047
0.827751353371784,0.0231783511166222
0.3793420117963048,0.0938454771744527
0.6567815550552877,0.120945782475949
0.1331205760625916,0.735482391777865
0.5046447213991713,0.174989895679504
0.09991181163296059,0.515136477205052
0.2638667312216896,0.576588257393756
0.0997779885468828,0.547937796153856
0.05259995536686641,0.392308742479107
0.7724109063466535,0.0336327661973378
0.18290569038570087,0.455580812005228
0.1802935515002026,0.370822038116476
0.3999638586887541,0.102380681637153
0.06268956225076625,0.616393252035628
0.7643159962678863,0.0062902499998217
0.5479581412709247,0.00907911457299887
0.25885814294711307,0.465726264100018
0.1518051075156187,0.308012872684308
0.4250937513627214,0.266831892533115
0.22027901823296828,0.343290220045067
0.31982031859274535,0.199845079758188
0.05074088201322161,0.730579001248474
0.41328170121826135,0.177169039138093
0.022397395379725096,0.676784077312061
0.5815733322863091,0.136178485636937
0.47255199305198153,0.197110046758762
0.758254357128589,0.0118607954925743
0.09124534555786525,0.522288694318487
0.05881747952685669,0.440829219579763
0.04786416392084702,0.603861856923244
0.5212136549156989,0.204063683868457
0.4985096672839302,0.0303688774381989
0.1454545804756277,0.547939508838884
0.08620941756194204,0.363997100391908
0.11253145866719644,0.333699745758174
0.2648478873263024,0.401453479189679
0.20024193500584503,0.412290710843805
0.5892941891636019,0.054396187821622
0.571263169953328,0.158126893272119
0.6342318680280816,0.00746366241164836
0.4886244706865281,0.320461147515376
0.34437926338254143,0.479750498256603
0.5657560169419303,0.141254628843089
0.27923312541647854,0.059508815131981
0.3764373540641611,0.19507773733399
0.5946879493160507,0.0738114442615522
0.3049071514992512,0.396129292057153
0.5517354164751096,0.215515155696468
0.03020738914124163,0.64840203706803
0.5060685479738218,0.133037390586423
0.7363429173215768,0.0691911859697593
0.3424087507029422,0.237067339347064
0.023408107561024436,0.581288900317777
0.2181534727050724,0.603932038553858
0.2066428498268631,0.253330173864369
0.5183581594566783,0.127658613945889
0.3223108494511103,0.451071124611072
0.5531870727896974,0.31114118593884
0.689493006760143,0.00776156606182349
0.08302658668890357,0.633512618557683
0.3064237544985471,0.626124995364451
0.04517727769538825,0.521828750523738
0.11139069518615251,0.746269134994572
0.3962299516067778,0.193563948555594
0.1349251193161063,0.688254321779552
0.4573623211279795,0.385982397706366
0.42828244950837324,0.0621802982842057
0.2695845223024995,0.076629275919925
0.09697148359267747,0.758376791395621
0.41174214801989795,0.116445571832311
0.1471024347797784,0.381471532703597
0.29577605457895567,0.466767863390465
0.7796960746644409,0.0762475112359502
0.8801953892745455,0.00698836556039734
0.4265412659947632,0.19205602188883
0.330066396751923,0.609269848569981
0.06561491102776768,0.567920856226668
0.14683420884250462,0.625393422790085
0.050596385434850254,0.705695951504627
0.5274912171202042,0.0503389721228023
0.4852755154515373,0.269984928171808
0.0017189632174175143,0.46015180921384
0.6014976308051344,0.325713762239263
0.6758506951339875,0.108192607821459
0.4416761804842119,0.345047213228253
0.5342144542576225,0.00207238474776678
0.020077380206283222,0.598066721493826
0.5018222513021783,0.108544901435319
0.23856911882374146,0.556117932614218
0.2038010560669966,0.333109299592011
0.04596981726350407,0.571926902762581
0.1487402581470511,0.347358037108645
0.6476987652683389,0.262245720896464
0.7179184545271239,0.125134431097392
0.17069154592166766,0.340689930161032
0.4476635696962063,0.111656096923888
0.3281530255896225,0.268262864801874
0.4364054395835078,0.358596239220347
0.40113190570287294,0.325073841978157
0.03324295738561452,0.782786853729086
0.17300545556118707,0.470022307488404
0.2886243189362584,0.201979504788573
0.23839422513590278,0.421743160147898
0.3322360524120324,0.259784072683103
0.32532438226719174,0.176343355004526
0.01345968576446846,0.78554855413809
0.700976106629424,0.0312732289671802
0.003541437867830538,0.666362003789689
0.4620897542407619,0.133185511771432
0.14374739663140107,0.537495614116714
0.19405222018665894,0.369614151062743
0.19973659745134797,0.494606325600611
0.3333921002784038,0.459975137514104
0.2702224633288518,0.39609690371909
0.10837481741820591,0.479475220037757
0.06984344141287757,0.457481535958012
0.7162416952209313,0.263230799358602
0.5130370063875554,0.0217108636482882
0.5921723597185137,0.121313494918396
0.0749770216895862,0.44431304910789
0.24745966441880582,0.51369329013049
0.31746711447372505,0.398497445372459
0.2500931334173788,0.458028547869756
0.38918756116146686,0.405213274347843
0.28089028351069684,0.367377817292638
0.568316064708424,0.191135489643658
0.1632836763870334,0.405233131760947
0.2634980698866529,0.293304882949666
0.14779522684378657,0.339662978347059
0.476220497718822,0.0910679701213178
0.2602301411975311,0.333727275028709
0.2920115311877592,0.467285048900995
0.09875258349453105,0.5837486503107
0.062045430252785506,0.565724916690494
0.27126925691708537,0.400663746150968
0.7817692722784017,0.0880465217969711
0.5444871807766173,0.040120687466172
0.635465009733288,0.0538884999471628
0.8643717548162304,0.0373102328244274
0.4122875745958488,0.313633373850483
0.17279826999365835,0.391278792134912
0.34420709835816216,0.242984281413305
0.40657848888361653,0.312754869599507
0.5614152926519898,0.0692062566677799
0.6027653305325558,0.1914687734078
0.37400158012313933,0.290966631268942
0.11954743387463786,0.397292786462468
0.5666846789849559,0.00230094721968149
0.31905220871509515,0.403961204923042
0.07195073292910312,0.67091079154301
0.824949493177344,0.00722696740653077
0.07595628848937065,0.736558521058933
0.175427455438547,0.525394626794937
0.1799308582887796,0.56602021750825
0.4518339178781384,0.144783231839558
0.8321225643425586,0.006493440689533
0.40853489098777146,0.402532256985955
0.4803182178027632,0.209418492443331
0.12297999774996954,0.625554532765057
0.6063602119411838,0.30231877641168
0.03512028687403758,0.741805567208538
0.2298656272414336,0.549339973437434
0.02052862020083146,0.63136192196972
0.5582347147448904,0.179595768385007
0.5384430267576823,0.244271931646483
0.09396440956977768,0.454332173320209
0.2336770197285878,0.32222477761605
0.22725922759119352,0.320283653701926
0.5205225720716435,0.208810131911647
0.7287042447308524,0.0801458351521397
0.2891264680725286,0.586883499154878
0.5151380442742106,0.264763665429311
0.5453275012368357,0.106440157076397
0.5649162737529082,0.0450041274364117
0.23144280922837188,0.551690901221594
0.3816987798514325,0.274815025240663
0.39155454522433203,0.139724484045992
0.31328190340312734,0.480626624554696
0.03876472173116516,0.694975115281565
0.19337789897712152,0.610745347652796
0.05893043909575068,0.735570176113513
0.04703741301693113,0.455840062481733
0.030005121713340625,0.651641895252689
0.6195618606890554,0.164665730601183
0.22437934946841975,0.282867272841845
0.5379832899362971,0.169759464035296
0.2441908009390353,0.478948636761545
0.26450071820815374,0.133315231205405
0.2487283746195541,0.522530508665293
0.06367266839147051,0.706878705643748
0.6777788763745455,0.187121463356563
0.47003460702921734,0.157957846551997
0.23028981615150707,0.50582721681728
0.22171503318469124,0.543184087381435
0.08113186229159723,0.467265332299221
0.3545761490203124,0.324399535574119
0.15722211555571905,0.386841978428835
0.018678028885970654,0.443842167291609
0.0012217493851030502,0.435805723585273
0.1998075070775871,0.38529896085826
0.27218467386536305,0.399572137662822
0.15662415715493436,0.424737245641463
0.2240805447878314,0.387809223609234
0.03186408262435036,0.729102785546489
0.14657234366622582,0.558385334916219
0.49033638940252033,0.30297124457813
0.26448677812224636,0.151212816605149
0.05401827397320833,0.783285877864714
0.18337950176018183,0.284811652843383
0.28043611588748957,0.249398778688771
0.6042615918752079,0.100872410258352
0.8002616992700026,0.0594030159403865
0.33286776466262097,0.297180208335786
0.038878898475917745,0.554415310065885
0.12013892449029603,0.582957736533164
0.2931842489102048,0.426037067204221
0.4187294922473034,0.165279821860766
0.15789185404953526,0.580354117560312
0.6622538138137095,0.0959558343406757
0.23459807483338582,0.367119279539761
0.6474487748944071,0.0999466019597835
0.4310345937422675,0.206825584577803
0.6942391030044158,0.0295158664566267
0.16258592470181868,0.268366540227718
0.34402991794376964,0.25354572028482
0.5161603982792191,0.152409200392476
0.31410508161666556,0.312888925117284
0.8873198303745902,0.025113712891957
0.537733272721471,0.243563592912809
0.6183790231186773,0.106596494787635
0.6356454187607294,0.195213196811775
0.24568992362448583,0.534095371439186
0.08983052541558156,0.545390915780739
0.26887979617906005,0.242093149113926
0.46204539071852474,0.299831832199536
0.1376277334324139,0.557496399742851
0.14409524223614262,0.494292014201779
0.7579669258035144,0.0347108927883124
0.5315261445271625,0.169327360608026
0.3172106160898563,0.316344536365931
0.6088865721642444,0.0738564843373397
0.5587734006874447,0.00153349848171452
0.05815309993838614,0.461003212293173
0.1701697527831315,0.526146185317856
0.17383053956407635,0.484900056167739
0.6558621915900245,0.249052856831024
0.07333373170838026,0.269825491367513
0.04425930962839965,0.719555971518454
0.259043946170079,0.23347116413852
0.13551807964128296,0.464533404890875
0.3872731024377035,0.272974830948006
0.4620315282415142,0.177056844910716
0.051392851060224544,0.647814853350389
0.05684273175406966,0.559507402662507
0.21395823831584862,0.513918663245854
0.5301689862083602,0.108909850962842
0.3732695612700534,0.384829772798198
0.03002353451478981,0.617615999984637
0.40985638909279465,0.115393946583128
0.45762387149914063,0.00450190828165672
0.5026313794327169,0.0656092948293853
0.12342894033413052,0.678100280346467
0.06111387119650069,0.550356587887524
0.20443404831278217,0.370149218596344
0.38310862674923285,0.286613104052844
0.4428737798213708,0.346041017705843
0.5850955965898097,0.11865897641593
0.26683361885615353,0.610890659644152
0.5965218243053226,0.168011304984296
0.5311936948262895,0.0507933401143744
0.14319192331019717,0.532366752502279
0.071903712795918,0.629768849510945
0.5973013171531881,0.129115625883024
0.0614836718753211,0.886754148380979
0.49257759195599415,0.196676844831038
0.23716317164759018,0.351542770745491
0.28982939370918015,0.39903029689636
0.5061038781422339,0.264490018251294
0.5298596640740442,0.180389881996926
0.06737378087000062,0.684107105956396
0.31355930321440884,0.227732523586007
0.38874959801424197,0.298889143917187
0.43043344199642936,0.325400446144486
0.7068480229838765,0.0868819375630266
0.17504323742579533,0.609805788033943
0.4271109072568566,0.330291898134537
0.010952237451426728,0.466047664878143
0.24975274538181017,0.296535210742254
0.14150563955764994,0.672144391703704
0.1563674470880725,0.529122904288378
0.556753866224594,0.0565057309710426
0.5377191003814521,0.280404276875462
0.11874629132397616,0.298344315306581
0.4110447749050512,0.208387679444678
0.356272537002207,0.464351685139045
0.3124275634647422,0.456661000919832
0.4496378268401708,0.23068471188043
0.23515256518693806,0.447007804555314
0.4698510403454502,0.366489307295394
0.45307440430317003,0.0604483691214612
0.2594540931221595,0.510776498136064
0.4099428679096459,0.1175057309276
0.4200002761654435,0.123235930664319
0.5083120724881324,0.0864575413536955
0.0005387858411639592,0.550265987536832
0.6089712969743978,0.0621905103276952
0.9622199987340602,0.0199873821209797
0.10976817452769524,0.457999534903065
0.019814706764161433,0.757679914947235
0.4078622563078253,0.221277909160953
0.5211931534628906,0.185288766603195
0.40242876993040155,0.236816610403859
0.28442452691886083,0.407378779922172
0.20703700729119198,0.532908818420958
0.18736717538219924,0.478233324869027
0.10261695131636132,0.63177495789195
0.47526689164762564,0.321743538832981
0.5964240693233964,0.0871969996067179
0.7187343195118858,0.059883449021846
0.04586267792761767,0.640764893164647
0.2899633038238233,0.13984601988005
0.40331151184387204,0.485301254731415
0.19131640515940734,0.343267739955195
0.2279468309734591,0.340056768816716
0.1720078177343743,0.6673943900151
0.06479053737755078,0.759573349204523
0.26604682468585295,0.364545976567369
0.4238027031612515,0.482285806299087
0.17128119015322865,0.728365380279084
0.24983034428647743,0.563688928562126
0.4274581199394527,0.311058299200303
0.03429814607892281,0.763309847848144
0.03419278317967859,0.612172133243437
0.2881638120100537,0.43521232354558
0.6222502260346889,0.217588352677531
0.05044557917302126,0.620564569076725
0.634387391322965,0.0750069355214107
0.1506910442273059,0.628535560326018
0.4884839227443147,0.405970384469472
0.4029653040022016,0.261452226959111
0.5640335326556196,0.0807727905598268
0.14259026154708032,0.66201977378352
0.13982308551330694,0.471002698287511
0.6859649878903176,0.187199824762405
0.5010980163223427,0.235004030309601
0.2629869756445667,0.390138257252648
0.4534401278039599,0.12797844708268
0.0017200025086511407,0.762228497857251
0.09085243895358178,0.412627504785653
0.6091371794699028,0.00481906450867725
0.23988845368396863,0.476087442686344
0.34345790025960493,0.504723082918881
0.4630969161879434,0.0311013246854474
0.27385637768456933,0.414345247659556
0.4107177856248867,0.284668328405406
0.3614509574198759,0.232102323703373
0.10782608170404707,0.573165148711367
0.01546791673477636,0.440664346525446
0.4011933459920452,0.338630410738374
0.35344393206243785,0.343187795138727
0.18003689909882287,0.353056751671613
0.4340961637905963,0.236560065772994
0.2988212130162667,0.353790072503007
0.365564628249149,0.462618483192789
0.22400445935085025,0.333701508473443
0.37117205716805207,0.194012878689196
0.5477396437514348,0.154267531905774
0.4728120650612078,0.0129417529917637
0.10143886423910356,0.575194273788442
0.5963692338137109,0.233604667056749
0.45129262690071525,0.331109042113786
0.3976142947855512,0.349583428199794
0.196634633346678,0.0915428152575855
0.553734681001538,0.0733568820660604
0.3119716519547035,0.487639032103647
0.02357440407447452,0.591691538112587
0.09719826826929963,0.455355941699426
0.14448868622500094,0.646987104714553
0.09196847917727267,0.56329161251545
0.17281048129009458,0.527891495538563
0.612931373132666,0.110937957877567
0.734253310496018,0.0463646270515992
0.0845574064585382,0.735571247679897
0.5411015046901063,0.0496225143661019
0.7006491079876785,0.0509903881509692
0.8291749381880836,0.0268553889180882
0.5953516256975344,0.261765586912281
0.07151686319512829,0.628114884168831
0.6044354202336224,0.246144958113722
0.2261886757165958,0.209682252853921
0.0134580532709113,0.847449056277874
0.5471815760962712,0.116179789175789
0.06771512135195493,0.496682069886229
0.6212702777883592,0.0494171758759138
0.03101315547599988,0.630391498346012
0.19674986243945528,0.534298691667247
0.24131136104978715,0.543235700322001
0.21408248380496378,0.43907369944541
0.6553328834247324,0.0842379410532371
0.34608254959370455,0.313719548508068
0.02953027264162317,0.615345754176692
0.4130850613201461,0.179469383385137
0.41260195390905197,0.108061473324577
0.3832126670691448,0.239169968903089
0.24993292541692255,0.278591961273387
0.3541394082054004,0.386716593546308
0.2807619958054963,0.252212583030669
0.08492950161464859,0.535674412226428
0.33012257645404885,0.440918446472982
0.31035743330267634,0.302464972473153
0.19471531397552325,0.457269284479428
0.22423985571016267,0.440597403029044
0.24418155940629602,0.474980513118218
0.2791609025050964,0.600564600370207
0.09040884765053867,0.610995826951767
0.6713854921408877,0.155018633923177
0.5237159213728619,0.0916869407111519
0.1724914754232676,0.290568415000193
0.6824591991484845,0.0295770430112401
0.6658229498391739,0.139209202979958
0.004455743390519001,0.795540370927079
0.28493649594729004,0.165196494880797
0.1695566867843498,0.3895520924533
0.3955007889324085,0.278916320224028
0.5648104368810488,0.0994051493443197
0.3670839881194565,0.208895010031714
0.12886203201290417,0.731912843927729
0.46270594581626706,0.163631666539168
0.6012338173036732,0.0259061550732255
0.41808246862474674,0.351350023859732
0.0467151203402845,0.695789601618175
0.0038273800918755935,0.536436052746563
0.004135138299314913,0.50544146622644
0.09365295207626521,0.491126851861123
0.10828039468539805,0.547729291503882
0.30671975323772693,0.365870764160682
0.26277783135805016,0.556230314393415
0.3025670356019198,0.322786786781324
0.2593256909177132,0.537534811191635
0.4489394781449772,0.221335301899446
0.5974149573727492,0.221459464743017
0.2996704458606853,0.382116920764037
0.45214578378530207,0.205537223790535
0.7052810140892689,0.056530219192016
0.8175550905975867,0.0652507067780747
0.31445754974280987,0.240263973015484
0.7107256450902351,0.0332232915800947
0.44875994087601434,0.318119384203891
0.13750854981162544,0.444034280870981
0.1745779559568752,0.539380476140712
0.4533780934477046,0.362132069203167
0.4140489783042239,0.228279302755232
0.6531050894186186,0.154951439451012
0.222627391521778,0.630227178904647
0.47171492857877434,0.300053754393853
0.4605641402759142,0.0977840535237215
0.11308377781441656,0.535590637966692
0.4304471930088683,0.0472581494106286
0.07595506512240856,0.599122524555095
0.4729747553070263,0.343091937652658
0.12382703492500767,0.705892781679261
0.5935900684597062,0.154726754325564
0.41821606360208363,0.344980520069413
0.44812037787617454,0.360454644393393
0.4412053752724227,0.409517649897829
0.14481712450212772,0.542870128225379
0.37605082313035715,0.355089676236544
0.04315701770845912,0.665717850325238
0.5745149848210019,0.172997884501024
0.5507491252459724,0.0462399946140299
0.4438701622499731,0.329621811865313
0.07962559258703501,0.408860745850887
0.6413428717205997,0.0978784599656508
0.4234056401142124,0.11996511669135
0.016656409584558458,0.676495703503774
0.48536742426693585,0.175066395239274
0.003443240072481618,0.697473971770555
0.3905602016029695,0.267519151958755
0.04280101757366161,0.841216837272296
0.06431499734474108,0.480361707430209
0.34038627848437125,0.389190883872922
0.35483355265483457,0.120801204504393
0.06771973171053709,0.455202536882917
0.23570434556587938,0.292199561630543
0.5446414904477326,0.172037323316105
0.4130177989306271,0.153007403751747
0.23226896648930623,0.456316530211424
0.6280423202203743,0.0881875874465537
0.5790438881729633,0.178509922257099
0.4067809497952902,0.108237908616475
0.2377155384516992,0.467346223546021
0.10775052832934162,0.609973494077394
0.31487953300915994,0.217550103413247
0.45204786578066264,0.174426670918411
0.31979948075391496,0.168327455315039
0.3416060357693087,0.231363539711661
0.012433381358442202,0.715152629189599
0.24414810410434284,0.642174368297197
0.22882536642771525,0.39520306778395
0.022628735038655548,0.81416615757944
0.020810295991786795,0.790648139757978
0.3046481827805198,0.537334047456752
0.03494434234435082,0.544477684713551
0.466444703841862,0.0174220987207715
0.18174980954595582,0.61469547971188
0.5389996697666709,0.0591444947578757
0.489083207756826,0.101762803187958
0.5045788215412148,0.205763692869109
0.3614519209088535,0.225190015087152
0.583770945264298,0.0547838123138915
0.19329565477518101,0.433759675891776
0.648612226512576,0.00127407690100084
0.1586216911204828,0.485926373863101
0.1303079963698562,0.388641539708912
0.4011782140381879,0.120403569265574
0.01788564695252173,0.653361103639511
0.07668824482474405,0.687312465471945
0.12179222686506358,0.630595174633778
0.5526194256125787,0.127664732549556
0.019855314907140823,0.631521908692252
0.41498123902138717,0.480425950712917
0.11400965446951145,0.348498521590475
0.02766517652063855,0.551123746173899
0.17213413816152198,0.452563804085578
0.5404174412729311,0.227150380431155
0.365027502514259,0.321512287739057
0.26750637219624157,0.355347568453334
0.0024235737248551963,0.440912023428947
0.1442096762009917,0.57552297973435
0.3414947844530042,0.435554703974944
0.5336557941240944,0.114619574961828
0.5753568867879357,0.117265852202398
0.6462394562403214,0.0133078061760116
0.2129541621934524,0.431713399576747
0.03789280103247191,0.711309121435989
0.18122676785816255,0.537024629288456
0.3886193657434783,0.325914729768032
0.37098242481694366,0.118900949975148
0.0021396008051003082,0.704724777827546
0.7640183107142509,0.209926260442759
0.5658414807153095,0.134603070574524
0.725320599460269,0.0552142314594834
0.4466201313732094,0.252445445789556
0.38802354604252315,0.178305448521061
0.18474012670772155,0.44659963390725
0.1365337665270141,0.494738209312654
0.12528685827074532,0.345408249628776
0.10166257213413783,0.453824065831943
0.5257568919755693,0.357687971534629
0.3691144044018338,0.458370241357772
0.12111641769121546,0.612288064706395
0.02442417513563622,0.904006299141961
0.3630667881723252,0.308594599509025
0.08028492349723963,0.426697249299646
0.27575777545238433,0.163507792346047
0.7951692367461236,0.0474261945391277
0.4363877714602054,0.144745338825577
0.5427407314536593,0.153045549298675
0.5290278100687567,0.0130026039586107
0.46339784160036257,0.276900806962342
0.684818662556789,0.155121011263073
0.794877950374748,0.0940846073951913
0.24262451951015684,0.294998287528285
0.5776617303594357,0.0454213268710952
0.28410973125726907,0.365034896887253
0.1439543704036452,0.410781636448619
0.06177815045418225,0.597561043248073
0.06693440509595551,0.719344826635095
0.04275469081947987,0.466032749298585
0.48017326625265827,0.33308709307012
0.6300911726567808,0.0670576103513451
0.6966941938382585,0.0419003489515647
0.03947833613860394,0.749687873929446
0.16104483989316307,0.461587837410802
0.2705685945691463,0.492434594914079
0.1449571367628198,0.673874258077766
0.45493538627878777,0.360086963829408
0.5863766814978947,0.0434517584162589
0.5096488436785539,0.28521578716425
0.6573360110604407,0.0523560439240239
0.2297478814244833,0.368973814728536
0.015173279844465945,0.577046321868698
0.007071383245723263,0.601730378391095
0.5064987394768761,0.00969079400755118
0.30541431444363537,0.445670443541522
0.30431922444003057,0.225973422226729
0.30680836068163225,0.26913753422584
0.09643315554427447,0.605106082459335
0.4975873848638867,0.163311149015737
0.429885152989867,0.259874490713088
0.5016062093159926,0.10295986776168
0.2682405940792048,0.481564462562413
0.6960930019693009,0.000990565033778389
0.15670927696079912,0.577829437002381
0.7999757155259034,0.015483431156007
0.055545659106071336,0.532889432171977
0.12923018096697977,0.651270861075713
0.08636590933480977,0.510724704415514
0.016190455650789956,0.496720859043473
0.3408186700053185,0.260040026089046
0.2350822886958979,0.25038460082799
0.09462166722024745,0.651739715638834
0.42774998221728866,0.250693880952672
0.752735987332807,0.116174402646863
0.0543261515852837,0.627996418157774
0.5291128022811341,0.142966900942895
0.4412342257794668,0.262948982669988
0.3665170058381413,0.314230487228605
0.23210205416454616,0.354269572342861
0.24742873418416556,0.401713792333381
0.27707049244747844,0.537160221270968
0.06740463737525784,0.541787282922924
0.04319309808399845,0.69404046301988
0.46027218385900925,0.200098258998032
0.05121508794262261,0.676440882652103
0.6024273387150216,0.121188224995369
0.15648263778806645,0.598955601842533
0.08050895709800018,0.559654949426329
0.03295228804679268,0.557470272829549
0.3066125757020387,0.164137768267983
0.3112782799646887,0.225071901784226
0.2258904836211409,0.376412390938047
0.4237555122087494,0.337364749637204
0.525803596667491,0.140463899184675
0.1267197940553838,0.281077543893734
0.21267598948566796,0.412994842592277
0.21238031095295115,0.476000815269175
0.4633799683139731,0.112058158558267
0.1971732492528224,0.336405694902611
0.6869955842439439,0.117177485264071
0.03482349432467063,0.607766478842917
0.14099491592581614,0.474966694542624
0.11661856727710251,0.611046191092275
0.5354051842019227,0.0204101101890032
0.44791831430185425,0.197543971539288
0.3907970451780197,0.246434600011183
0.36672928221079726,0.150416528163918
0.3162601776667878,0.312037397711108
0.26284026172586383,0.414155736233522
0.011279340590544055,0.739975102513925
0.4776775943065958,0.194192631607723
0.0919579013769355,0.439931455044863
0.6698956136121077,0.182829913557713
0.7635037234545474,0.0044417792966866
0.480371092055412,0.11122694419388
0.03957485317921001,0.700540216276597
0.27700724650439695,0.301632042920549
0.23914917100062238,0.380617879954299
0.45716442203136937,0.0123467765239937
0.32233021234254255,0.304702927857507
0.39762671719604364,0.131710439030217
0.6062837422483625,0.199493046108543
0.2010489040130286,0.267337521602062
0.21216107883355237,0.414534667499858
0.06300287773207104,0.502533997051127
0.24424939174303428,0.301621024050782
0.6857212750663456,0.0160347563107868
0.05971506954285691,0.643917895020166
0.18370918785985954,0.572618760870789
0.3474781658906214,0.362696920355382
0.30342065493195214,0.49609207201639
0.35291203723869297,0.141212504435869
0.29314231226684506,0.190000481183478
0.19263588950967964,0.392970194132625
0.3561380438632502,0.0930626235730793
0.10660715854287436,0.629496186277264
0.5100546783958041,0.0688315566317967
0.6257462019359202,0.168509985673108
0.2661027417564309,0.405299075967495
0.505511668030645,0.0944593338652834
0.508437751095089,0.0461471374213561
0.48812964259681846,0.102932355428437
0.04468591078578132,0.632810782000203
0.3171818376488134,0.256933003545111
0.580151155278989,0.144627331058771
0.08579778073806589,0.497528999559577
0.5836683792630478,0.0840424488214026
0.3271882861236731,0.441608356725386
0.5952931005730737,0.0760460700855273
0.15199345452782664,0.33128937482394
0.14663196939524087,0.388051208854349
0.019571228441383974,0.51766909065569
0.5529674832369986,0.186591468950446
0.5316428683004923,0.0560944987355582
0.11594337212844516,0.596528187540768
0.6707670841952816,0.0166450581601084
0.28058585349778986,0.435382196697756
0.840487390298362,0.0141828814814527
0.38811682199181197,0.283279536720196
0.4509500105228762,0.101539688804284
0.00942650142337547,0.569687714267325
0.07249337722347134,0.56000499242298
0.44946902364584324,0.219908600963644
0.2966269741227079,0.471371453730231
0.18742052104601942,0.315490483340044
0.1413092891376383,0.459414288514194
0.5389404993289197,0.301639302135889
0.32338095684689244,0.346716641752668
0.4796529130763831,0.268035399113735
0.3577952211911368,0.249974870297976
0.15149775641006852,0.611500855316257
0.16795333133649729,0.247487168256134
0.5920446109453655,0.035481313156167
0.05169560228462423,0.64189902042609
0.705718944256155,0.0199977708056816
0.008393896106627333,0.635215383790018
0.07188118555722811,0.758714310176175
0.1765985425676448,0.608998052432409
0.07748643603193209,0.69297410127307
0.6453457736550854,0.190133400833903
0.5208661153640063,0.152953232683279
0.1900486545581457,0.455933490817241
0.421141686201666,0.256119997375714
0.3692094858608805,0.330111189593591
0.4347816071961915,0.249613058064664
0.4330259245038552,0.242691558921169
0.3966202262694703,0.0973946653619438
0.3560150247089495,0.269286135631349
0.05454689193071569,0.37663952594056
0.40843750149376856,0.126166199384338
0.45598465199714655,0.333855975061222
0.5486986019006912,0.0124703746372902
0.33079803526436835,0.0378521345628945
0.24807353396475632,0.290063839782747
0.2806992972496664,0.328760512247719
0.10092826928761128,0.630596388366456
0.06739120473436086,0.630442632651827
0.21942442306788498,0.563309257132808
0.3027484409806326,0.392039128369286
0.18018687942065914,0.358863190087015
0.5746838787662458,0.077150129705059
0.15771977189911232,0.434319092866238
0.2282761470104505,0.549102811595496
0.610225442782383,0.172614389264598
0.6652314220216138,0.122431033064495
0.014101038598804379,0.766608853382838
0.44938950750869366,0.0362580748038803
0.2939547083420658,0.345970160430688
0.2521181494763591,0.284300359825396
0.18051458344971563,0.369669775026528
0.06778249030958203,0.694166050391731
0.15651126986784197,0.699826174169473
0.10019264457334912,0.635167720465364
0.5855708299063767,0.0480294467762694
0.037029407487194584,0.59146699060172
0.6506162612554074,0.0351153776126695
0.4207842975729274,0.268553196807107
0.6612787681423317,0.148832297320908
0.49356327586703536,0.0672327469317962
0.45897246203321423,0.119118474612931
0.02258130239555336,0.665284916126175
0.009501007033228644,0.636569472177156
0.5820577611076843,0.00708487549487656
0.37541149490034986,0.292848770012153
0.08482018643453755,0.517385283625157
0.37683110182779417,0.280718005538533
0.16468531256504135,0.475887153208643
0.5519969940240677,0.201374294275786
0.1079450235900607,0.656263868717377
0.0635660560468862,0.705603400811076
0.19034373577899144,0.547946558681162
0.3797311591491074,0.241990195745351
0.166063295092325,0.393505868370434
0.33292885035821906,0.427442395072833
0.7034842695670536,0.103858964869434
0.18454206844468804,0.491415169316748
0.08868860210341609,0.369044521377138
0.8323076410945978,0.101824357356854
0.6464262972946159,0.0215951251903165
0.461335034058003,0.11692859072726
0.10895648259402592,0.681157249344955
0.27369098611587706,0.342267490425361
0.2924983886610816,0.179368622868283
0.12888417972704486,0.496797601450036
0.4207723115279448,0.357222357447013
0.37163840710839097,0.381604553398948
0.44417184499515533,0.296005497165785
0.05151295460693903,0.463014280687919
0.8406696851972195,0.0116942495580932
0.5788100714209509,0.0353579745064831
0.08008438570869217,0.396069626264063
0.17193384178295698,0.563430038480824
0.0701620664751678,0.77355966749556
0.03893962865144198,0.249004742068005
0.3447721250054282,0.264483980803191
0.20127930552539375,0.280618173026535
0.09243267543868708,0.740340663516257
0.6467616904568776,0.0894431551108348
0.18547845699165463,0.52891777103253
0.19851156171504328,0.504135607643442
0.46808416575683554,0.196633934469565
0.6107233540916309,0.0454390298970856
0.01946896297835707,0.674603483306253
0.007269296150257769,0.74038939697987
0.8438676651391822,0.0262472560139542
0.23181037065212803,0.168568030502674
0.5450381862201001,0.0755314707516087
0.5086122016702703,0.160335285921519
0.6185212120759834,0.0612790432183484
0.5765543198456522,0.360363184956249
0.6636517046405845,0.209614215351549
0.0921100071456675,0.536593225962892
0.47445213641595196,0.0178437026950507
0.2745998273897222,0.415725068652412
0.048736222216972255,0.78025472162705
0.03242198608099829,0.702956681589664
0.15585336516565476,0.427744959492026
0.48686691452811276,0.248345753092656
0.5786761438991568,0.0221212679022858
0.2832512332425038,0.293897888709751
0.258940994773063,0.5302925291369
0.05155686912300891,0.655878709358546
0.5667071170951258,0.0637773168210208
0.09528937826583952,0.423235125424426
0.3941962055164453,0.166971971307021
0.6528436843735614,0.109813955598615
0.029579449216010682,0.712991817691402
0.22919856257032,0.414311245380984
0.6876276467255441,0.0650917923698225
0.5273635113552546,0.0567443781505064
0.08635160584354773,0.548208354535018
0.5728998346617372,0.025311660814166
0.6514143402209586,0.00260134947332163
0.7815703719408161,0.13019045047079
0.30037434486214565,0.205649942869579
0.5265278856873977,0.0258216466827698
0.5738675279259546,0.145860421385744
0.2808145157976687,0.258528069065468
0.01617070947023178,0.639466571562118
0.027765359378233264,0.277905709925821
0.3027768090803498,0.246996017082763
0.06398242051826111,0.582470138077248
0.2603259110330818,0.478037244533728
0.6925724563486874,0.0686125937971945
0.31438425201150016,0.410446256979263
0.24809473915276792,0.419852979015822
0.15688387572619603,0.344426887007145
0.511181628931047,0.2149516310495
0.034424493468541706,0.649361898394159
0.3305139236746183,0.287294515787586
0.38235224830558434,0.316022184096598
0.49667382819492595,0.356887076813261
0.7390735021168188,0.0296377160855972
0.24438883655629556,0.231155731861904
0.040415191958752435,0.708370111544726
0.4388400970571267,0.262998553592404
0.08996060100482353,0.488612306820413
0.1663475835178243,0.430391235051055
0.2803165496560573,0.253720817754697
0.23156790466452828,0.41185224271564
0.07153052729557638,0.49378074866757
0.08385066502921087,0.319553620006868
0.1857759137109017,0.662448073940633
0.6253730281525652,0.109939099650364
0.5772464727209379,0.226883354639926
0.07086668992274048,0.686765600743066
0.09226449777051061,0.375984679528244
0.6170689822567023,0.161029706967264
0.27743581736698364,0.502187223957677
0.06758553431356895,0.444351750165309
0.2573560099773978,0.172850570299317
0.6002419574710393,0.208386502864635
0.5422283383494306,0.0878297107332405
0.08913355738151162,0.657806324009519
0.43903935989621495,0.152758344185717
0.07930374192252562,0.409614805444534
0.09099040605838613,0.676761071472886
0.37182693719210635,0.295510200495084
0.7130873960975195,0.0727607563430417
0.28678540369550237,0.461679666119799
0.4310732955601093,0.410628380687384
0.17930072759967497,0.445571720628431
0.2595217856038682,0.328995990166472
0.548076503339292,0.358345724118167
0.00492558177959498,0.572101252533833
0.08152894427832545,0.548156003718181
0.06292896373796608,0.472768242014953
0.22279313424179584,0.319367490456561
0.5104733643579213,0.269415816315115
0.4026467593035613,0.19019764465039
0.3781957296360394,0.330300077275021
0.5702358592847844,0.352925141923716
0.2021867023409756,0.639899721786676
0.4663145391748751,0.309860691437715
0.20052194212697622,0.39127542298836
0.5295921162673963,0.00571499154513339
0.3273284179487258,0.567908473454251
0.17638231830220474,0.500080574066704
0.18638340926881367,0.587358920766992
0.4139840717954453,0.368591555659671
0.23249849982255136,0.396224282627624
0.416671425715091,0.322480569541326
0.3608519476531832,0.254069051644135
0.5914750456240765,0.174596337235858
0.255349866352139,0.452986060206165
0.5381227187647625,0.0896113270255564
0.4237824809648785,0.419079725311354
0.13621147427857846,0.349638274947569
0.3314509203165338,0.287520734584138
0.6453271114471616,0.0435019677478186
0.2073248573294489,0.3994372963615
0.6541412262693943,0.0417896872539222
0.11556709147470136,0.520381835884665
0.5716261191643381,0.0111678436369304
0.6188969040523957,0.00796164883123035
0.18074000607275262,0.451405432682241
0.505077051264053,0.360490543614905
0.6673824407827588,0.149909265894398
0.43840463194722695,0.171851627122272
0.529190927004775,0.157784619039675
0.015810623764941363,0.859059241845675
0.6814037758683208,0.04338075991718
0.10021194666241194,0.733170473847982
0.6356787933743023,0.0459908889612833
0.5302872032909445,0.0167045743441099
0.7397460750925245,0.076891706538194
0.3840278294171177,0.206342030240136
0.3021992200829944,0.167918679781963
0.018031456242788235,0.694249944755457
0.6281564150680237,0.137555759468465
0.37551257960443085,0.274945607876604
0.28673579255869386,0.325907494377816
0.03856287910184773,0.788233212682396
0.5935981802339949,0.13593241572955
0.17829855343884904,0.306883894209887
0.018116106299884145,0.697447821450925
0.10158271512621382,0.691886166045094
0.5778761822611194,0.0333981732830589
0.42330133138712706,0.0141472841152176
0.40392335656904776,0.125420770898089
0.7011332588155985,0.0046194343015295
0.3524484519073065,0.213793496338194
0.09607974848696206,0.449796098116536
0.5065382251140882,0.190928476501419
0.5469334901451002,0.213608485621066
0.4099805771286979,0.211886279435046
0.3717449416284582,0.20916404771387
0.12353927551261495,0.526311349542671
0.25437794822028165,0.445249506257267
0.6047569112863367,0.122466929682644
0.2464196640273959,0.330916942776251
0.0816931081210657,0.809782879772396
0.16851392136954982,0.730526422747473
0.3853672506014786,0.376730565808648
0.07814882984729346,0.713871043802628
0.3525606995202848,0.194209355092327
0.8743440065304795,0.0338333769453009
0.06339331041148431,0.643801143905449
0.3122089736419695,0.405939067904993
0.46078277088676806,0.130456539348598
0.0802883114270876,0.53248668624044
0.6134089632121055,0.274493587902441
0.43920423821937377,0.424761716679413
0.7467886821120687,0.0021432350611888
0.5301599729363149,0.406396766218581
0.6174320758017052,0.100318264344668
0.32851643677446724,0.542817684374171
0.14832277695502252,0.554417161979279
0.7349431630734476,0.0843103289263555
0.04404686144201664,0.616631965695526
0.46246874544625954,0.21397734616206
0.25139064447706705,0.266335503854728
0.6128692788314724,0.180827850955674
0.4043491076142393,0.208309094828102
0.03625212420508658,0.596067917004739
0.5941411606686676,0.123271654751931
0.45732570818749835,0.168721148640207
0.26488965167902523,0.200910204798095
0.3122795041576077,0.535643809327818
0.4170397763763259,0.319484959842286
0.01045927285991955,0.608176797392753
0.30134168215884305,0.207316200700462
0.21883395586466478,0.392856619326783
0.09050433260610485,0.569687846600115
0.009652122224541072,0.637753190561007
0.5201469079896294,0.193395610032825
0.34702824021954437,0.260117060825815
0.26068777209779964,0.385324669931945
0.4032801593740521,0.308732442048569
0.28126957806615416,0.292106972245069
0.38525016211680574,0.114755735350852
0.020206410692034667,0.693337827342661
0.3892497114800815,0.338639353668443
0.5719695333476958,0.108411935511396
0.7666010315581774,0.0850745336218296
0.055712374351880325,0.551867774236423
0.5858898285303596,0.0283709076913081
0.13829609619170954,0.622873229614393
0.03231360923866153,0.434288139085981
0.2861504436632825,0.47058918798725
0.6321741214022042,0.0537334353633459
0.3085879421582758,0.424635346380239
0.42285431988567307,0.212652467107449
0.3778742091377166,0.259258178456371
0.6606819179712383,0.148763288080039
0.02095248724489898,0.599407560141243
0.15847127729882307,0.290451624798143
0.48643226808292106,0.171695916899589
0.6610348579393819,0.0254792475751456
0.3388006658143833,0.18237190748132
0.14989857642800156,0.578157949293421
0.1246119732205069,0.57058788925428
0.22722679899284695,0.322260033208628
0.5158360906774003,0.0886649697943097
0.4648045941317564,0.365810086940689
0.568709257191368,0.0477087543079276
0.21391039536060003,0.4335033083719
0.6110686715196106,0.208795629452296
0.5285985034767593,0.060902627742639
0.3743475109843447,0.261121797315638
0.5008351357007526,0.0830760536005176
0.5746389439848517,0.0776797183237678
0.400098478662348,0.191744235168891
0.03272385016775794,0.652675150392358
0.3067360397080586,0.336278655395204
0.4955075609774957,0.433838738135831
0.18163470534564713,0.492062733219722
0.4624137283519912,0.0547025088397348
0.06132408897239288,0.471264146671908
0.41695375250816813,0.0467208855872807
0.4422056983956146,0.121566828125123
0.5660326909782237,0.0928010023189235
0.16261617407453033,0.422044568089188
0.08993355911937727,0.516162467485144
0.09716258416482652,0.589813653430788
0.0715189095699964,0.551474939506233
0.5665573315339566,0.0889381907233416
0.40508964736353137,0.290522018027652
0.4359941403617201,0.349047289634048
0.46916166675992305,0.300607038988078
0.176278968390925,0.414577870276285
0.05194883120566241,0.5617983559428
0.6014438447189541,0.0781398921398539
0.0881996343275817,0.471544541435803
0.10451973059688341,0.431746189367013
0.36707151945611016,0.192468867068099
0.33601108255983875,0.243872692674114
0.2881123621682434,0.438994145210598
0.6181648765983554,0.162869259514172
0.6399196206563051,0.0733319693001748
0.5735006992731962,0.0243546571007334
0.5096851457452526,0.259460320551142
0.21400674258592053,0.598175508637711
0.0353779606583018,0.56993897833924
0.7242537974298479,0.0403325556173503
0.2168827514395843,0.556784134787027
0.40773574746636665,0.150934395567738
0.10018734944694903,0.650411440609928
0.09601998549749617,0.608495778476006
0.13734256658779317,0.499900336356848
0.14685633563164024,0.432141373415928
0.3282468502607038,0.161434447190946
0.007001216088982157,0.646941129140954
0.3291486146431811,0.210473641833189
0.03455119681661647,0.575187997915563
0.5908952463020266,0.0366737980221777
0.44592011669603415,0.133511109163738
0.15000605213791274,0.403821752713676
0.4126725186937904,0.351275877008613
0.6942489407580048,0.163378524654014
0.377664284183744,0.453794505650659
0.16108834830393498,0.389313478686772
0.3472833610767921,0.133577103115882
0.27294849040866376,0.317121163728052
0.3312285020874405,0.184548598454167
0.0647628152139657,0.546952465246594
0.6455557965141842,0.0518452782843673
0.3351200026703411,0.289145429929944
0.34328566650114295,0.202545929265537
0.12476468856633732,0.677313190852317
0.52863793214549,0.239627761078078
0.191143283864185,0.559254947652072
0.36089678805006636,0.382503286033935
0.049788871342102616,0.60267385340303
0.02513344817530413,0.507961634327451
0.6145794080969692,0.267310450609497
0.5071612572276433,0.17565680187969
0.06141989828406776,0.769320665628271
0.5527719195689857,0.244204887247244
0.29754459531869265,0.546501401131148
0.2496099487162604,0.453596603737154
0.08115133619686006,0.660688647089449
0.5256968560778702,0.0303922447355169
0.10664957050098343,0.48002077124596
0.08970001179693186,0.70419762858753
0.18831109163147577,0.534092201418322
0.5738227347780743,0.0576040362950492
0.06194249041670045,0.254895628018072
0.5453367630551693,0.0573494720084702
0.33956012363066096,0.328110149702046
0.012794653666899896,0.602050347341896
0.3003174260028105,0.495176620560808
0.5432950596479421,0.0776448260688704
0.4512875385582377,0.272029305414332
0.13305448462317954,0.502951873513477
0.162399454777262,0.534081394454558
0.6633239386395298,0.171265829762868
0.2610259982848292,0.362899477050451
0.5026454829089839,0.118271519089685
0.6623976144743903,0.0518189481687764
0.5541614021165746,0.0455410748853737
0.11439131791891605,0.639995832119741
0.30170539629427306,0.448389080798605
0.10114055712169005,0.554894983995277
0.517267789956717,0.261655761851262
0.15517271526454224,0.307719214167854
0.3700390023635636,0.30126420646072
0.37246177778453987,0.196441611041026
0.24575457784428908,0.214087383484559
0.5985832977457135,0.132357210543302
0.655166440567053,0.135299569299963
0.4163193111477864,0.211853677299402
0.637785860909528,0.0955287472398716
0.20192598889305216,0.475782037823702
0.24583404034509146,0.506604085762752
0.14694777680728235,0.333910612676038
0.6227434285301352,0.160963671141659
0.4182575179460706,0.421907163935302
0.34432623855879774,0.316846605127863
0.24602903303648865,0.627129664022324
0.08869437319209438,0.658193315447159
0.09604327766242046,0.436664541754465
0.10638996266508087,0.628192259587401
0.03578778139321882,0.523712370535073
0.5577307825782118,0.143078933909311
0.6794706302576335,0.0614710586314292
0.07171355139018841,0.724682468929918
0.26447021817967575,0.386531359098614
0.6217970155671109,0.278503848543112
0.06090078613855885,0.488281047318825
0.2024049730387594,0.276945578341943
0.0015458604875001971,0.723887207397864
0.4569654151031997,0.390457356433009
0.0024464270536843752,0.633179747908902
0.14987129992612291,0.463671913269216
0.5434472917138469,0.0375824217731617
0.4453866660233758,0.104258499983698
0.04734995793128537,0.710883076800724
0.5570617612455493,0.120105867905333
0.14982169189323538,0.695146718447856
0.40747540487605927,0.404873187019937
0.1468577323371554,0.573574725691076
0.3231959337110375,0.315962978769543
0.7382160888171692,0.0702996728439251
0.34303881989674606,0.411098510656881
0.07417389008299773,0.608448784668829
0.4450208829917221,0.117512034507769
0.05724674682647712,0.520132187455393
0.2338507177194514,0.435580232641385
0.04700398815713023,0.695546995398147
0.6890558807551795,0.0432231048715057
0.33335339365516653,0.531056471979955
0.2383322723223098,0.405401762574899
0.199994538711114,0.171586247071229
0.5501957815265065,0.164043167089521
0.26928008485322463,0.387898831989437
0.6478773545034551,0.0200808362954204
0.4284101122785866,0.363449463209999
0.48394277033881383,0.232418419832359
0.30354218535766603,0.473199232852333
0.33264378388240345,0.532552122518291
0.07543313574314629,0.725336528448995
0.3373055227090573,0.231337128046419
0.33127023677976275,0.218698307249832
0.31369430451480596,0.392287520549414
0.012061899212069589,0.524623268506561
0.2717589526715578,0.387840977188917
0.4249017046674504,0.545475415272109
0.366450512830153,0.295914236066
0.15472541189360556,0.45225489792343
0.28503517788510696,0.417665587704719
0.5371011738759074,0.132615517951793
0.1510820444289024,0.371737952183523
0.34073879888209196,0.513954333669879
0.2935171758687317,0.477231947982716
0.21398380293440167,0.46310064549462
0.44499189811487194,0.106967844358985
0.5127426936736266,0.100810268945379
0.2525954388479767,0.298104237994457
0.036791933047120445,0.56431911345336
0.14092285442924088,0.416828138588415
0.6623306346504534,0.0926687577606827
0.023149147931573365,0.539419652543297
0.17021482771005622,0.548108824023876
0.49009799246641184,0.16906748746001
0.1467595191663631,0.473624440599506
0.7995579257552022,0.0740862757895575
0.41213655422317,0.160113308716562
0.554585139739886,0.0832805344375661
0.688712654752165,0.0225903145990003
0.46197783908981566,0.140140582998874
0.547783371193688,0.100733676690183
0.32502454437504646,0.321592801398829
0.08716854939445072,0.649580247358541
0.02239321519440751,0.618888416324251
0.664044921937702,0.0832858278197868
0.1755883296947714,0.403880325683528
0.023101920909331258,0.510850739494026
0.40100172190765254,0.316833924289033
0.23324513107900546,0.541955727000627
0.06302935246364344,0.476470861935516
0.33470041458558364,0.365968766658825
0.6052780026937539,0.0393612126397597
0.15080923268707133,0.54914823029299
0.02105273125274228,0.695037259867914
0.35780940065873973,0.303351123884176
0.3684160940298026,0.244811212783102
0.11871675143359216,0.393522712946516
0.3591432005270178,0.0113178992469986
0.122917927055862,0.616553039359101
0.6067149250470727,0.212038988697697
0.6658835474811934,0.0497214703314802
0.6788550645255551,0.0565244212496218
0.11112589943356659,0.596443798498786
0.16699536362753103,0.510798448687105
0.3389543461547579,0.272717780315953
0.47171779050108775,0.220693852361285
0.2980073483500473,0.435855902927844
0.051587323593637636,0.56230341777624
0.5251542696977609,0.0914559489740209
0.2723014237319868,0.335193073707073
0.42055863148633316,0.237975372037333
0.28518202945815063,0.253991492404186
0.5848119493436943,0.155952638095454
0.5021580429257986,0.121038741563927
0.5107306488473007,0.0559280745730476
0.3290074413273072,0.286747451784052
0.04407986981747066,0.486071074344306
0.4674452050776857,0.258052440178011
0.033990377545988035,0.87400403496124
0.6189306428055074,0.0585264020593615
0.3634370791115127,0.401342884733484
0.2461954689859857,0.532978838788138
0.1708522682207076,0.387982363961603
0.5222194646954138,0.19419136170221
0.07813546275917387,0.691466074058179
0.24854174512510877,0.271022049323533
0.5885291086351124,0.211950441512524
0.5099598692501311,0.120342208097628
0.10231937790985887,0.385147541279461
0.6161880406532935,0.0772029819500568
0.2205857794013522,0.425431256424698
0.4754519553272858,0.214114800674249
0.3245843940459378,0.352069308359125
0.6297766810667951,0.046585299695816
0.29746646527837484,0.25308886576213
0.11464793731257558,0.558954516291358
0.4632203860505066,0.133344870215239
0.5009470140733979,0.246744085692139
0.38819376090727986,0.303724385420091
0.25552842661115494,0.52211474798109
0.5868135059657476,0.0338590151607657
0.1128319981080183,0.673677193590852
0.42169836367362257,0.27051517474781
0.6462133430986501,0.141850089937584
0.6161555785215811,0.0629504734116008
0.1646151091006472,0.337006048637644
0.5592837519491431,0.0450595087441005
0.15724536377636306,0.605671736958212
0.31415122075316015,0.488855621825095
0.32065417092854903,0.181784753777361
0.566944979484736,0.100896659574124
0.4946086795879615,0.00698646949035925
0.6218958783939095,0.056707050393336
0.6447584652326037,0.16633313408377
0.45764785686531223,0.3412365728283
0.4513279003462989,0.330744540581719
0.5017398663363439,0.0409094246596838
0.05147155780817452,0.524078062235528
0.4572969929147703,0.151735614548434
0.5046857385542907,0.151771458407606
0.011282549224882237,0.553545554356936
0.3088666490404149,0.219568481772539
0.7432884692299235,0.12826548045511
0.19132987044061137,0.415779147613631
0.0435725861934553,0.694060559489281
0.6663104257411497,0.112466930628682
0.4069969481184266,0.0558574495885829
0.05117930729305291,0.683323999942261
0.36145903658605355,0.367010924802162
0.05027576822178057,0.587208512504385
0.3807349206270596,0.289160325029801
0.4111329242122987,0.172601926877147
0.6643993975274197,0.0159388339016928
0.6174060000434868,0.028668673240429
0.503871030469359,0.0814985633352754
0.10835462550019609,0.474393277470772
0.23357664816392054,0.571367895164014
0.09680665338409336,0.625502088877234
0.2663789244970687,0.316589105385888
0.5209757331282531,0.159407432435291
0.1060995585185303,0.253577926421331
0.04326863136626128,0.586661326469991
0.06716228950916489,0.573435756513532
0.41604917325158924,0.239553163000471
0.6227424061545566,0.0548540679657804
0.5707745933761228,0.0217242292480485
0.09735059362262936,0.621799679073922
0.16084998702160377,0.222401359621297
0.08657178163134134,0.758454781343273
0.3815834841038493,0.33992564411199
0.6436968174886308,0.0510162495361066
0.3415429987464064,0.348028964907644
0.6448639112198647,0.104745064066108
0.1262345478527917,0.60050267978554
0.46173523193360105,0.290685732118545
0.5707374768642002,0.0232137967239862
0.561244398159081,0.170572424638882
0.3998276498973156,0.414551659552927
0.7854560718067629,0.026103632588417
0.688875352091375,0.184405270493154
0.6087596905579498,0.176068655292771
0.09417367653742725,0.35800918483469
0.33246326384718095,0.34133357431658
0.6251698238767673,0.024829601659799
0.44188533790013473,0.138793252269269
0.5597574032202279,0.220435646026941
0.67008219839821,0.0341452336622584
0.7546880594412613,0.02388295695682
0.1406682723173631,0.391144017640753
0.3004591701630373,0.158110951653848
0.48944537959912493,0.311331594977373
0.004562829492306442,0.618535751560265
0.3370462204870043,0.151326567287996
0.4433724160868389,0.341321204718857
0.5275506730057069,0.100344795003937
0.29689474475280847,0.184978961499601
0.5313729896012713,0.176508141297914
0.482950997241477,0.173786804996008
0.64501391296677,0.100192948973222
0.04444513268198022,0.524426199715424
0.17495582845903562,0.429147116889652
0.17390237240399062,0.638782792889513
0.02683528593747223,0.493050091007711
0.43414798813904665,0.197301170831051
0.2633809450797376,0.396132749858686
0.08381902158194154,0.469637546890784
0.16444905634402135,0.53105548310527
0.36626704588436026,0.274910481745079
0.008693820343530728,0.862745071226527
0.06692091371258911,0.631775366428603
0.5946857352978586,0.0211242219375716
0.05864857735682772,0.596824137856488
0.0723367126709914,0.379068890676919
0.02801859240084482,0.651113849212534
0.40110834589321914,0.408207238936028
0.13738184242822604,0.297077489877855
0.5992494124745243,0.157047105751541
0.4215062589958958,0.100325830292375
0.16931496673862925,0.489920553616748
0.39268299966585213,0.0832660709764091
0.5434563370710694,0.0587837704252062
0.008326461550064572,0.532466899267452
0.43279754025571404,0.140194689350125
0.5411575908505065,0.199722472312601
0.48375626777499875,0.122578974474726
0.11625711731230812,0.442016091435681
0.06702273768905055,0.643164180754708
0.3064458386034907,0.351701795059445
0.7148641624582193,0.0215970286839218
0.30853101106951325,0.550670741505923
0.05525870890523324,0.467189906386697
0.28006144673139155,0.241444873525921
0.2747675777645452,0.233597527244055
0.4550444036715409,0.29504901743876
0.274335404837165,0.366695256097988
0.11530130451206819,0.79328617147743
0.4947824466025548,0.494387000216419
0.4899103082279878,0.16399969015629
0.6986098287995741,0.0166507751300353
0.3792773258482289,0.068844628162408
0.26164980621286,0.386537439520199
0.5784276869972103,0.174209129483114
0.41453475902025894,0.153039421574042
0.13039065777723505,0.435390664663013
0.6328064981133484,0.0371498059895818
0.5287215011362488,0.0189129948620081
0.4255309180340888,0.170103807383971
0.3628445456326334,0.125190629187015
0.012360636930693395,0.837470371885955
0.06891725212414136,0.247501407914599
0.1041656434577134,0.314730785441706
0.17572009031647157,0.558672481213783
0.20633272925565235,0.154554576320152
0.11801461345361872,0.872781036413288
0.366258191789224,0.0644337920404411
0.6139868870602703,0.134412555605369
0.49380861460590114,0.171554085635456
0.4916893632045847,0.184864491533529
0.38070188247872455,0.321989202531192
0.5750132507217987,0.0296560814994735
0.3835229879068388,0.415435124683054
0.5388604218121407,0.0459932702824229
0.6105667122505052,0.281687354879839
0.4397193524229753,0.0868700638546835
0.4429873098976852,0.0590493107236809
0.2647791580462497,0.452041298623811
0.6425937518156821,0.0247915262732847
0.23193857461248343,0.660908144180418
0.12949837809951983,0.270259613639696
0.20611474155324555,0.434686410058679
0.4070576927886129,0.292348543808708
0.11818970143303063,0.678935981787097
0.42381373323708976,0.0571180693887282
0.4158877345137124,0.355596450235059
0.43666735275614743,0.232433374195533
0.6739171783703608,0.022173278327499
0.4316398525881334,0.381427343736123
0.15969812288291624,0.332041315946138
0.368341391109555,0.209745114454913
0.13525654067457582,0.473269304756094
0.06646903281204025,0.350342167322511
0.4168097539153539,0.338745116810146
0.6395802497872372,0.0420801866184845
0.2634213020247801,0.498018522996554
0.0821473522625256,0.635784208040309
0.036354999135114,0.620092854736701
0.2423246192761143,0.189197666563005
0.4734974464753474,0.181041305609756
0.07072424064446742,0.485492660264907
0.29393584186083155,0.543852245017795
0.38034223115659926,0.334114583991784
0.5007106500822469,0.165632968978224
0.7066342712193348,0.0669571165693333
0.5908204328352389,0.0178680210809491
0.2450146708735058,0.31208247984696
0.652991048685895,0.138304709801785
0.004818042438063559,0.699205947883667
0.1526688151170194,0.592210374965616
0.15609327457447839,0.508477176116995
0.26374369333143294,0.379796815245962
0.6379224061865999,0.213261313114932
0.2581130341858717,0.396595570260196
0.47127666695305215,0.198538249614317
0.24871479701226798,0.372777977554412
0.5098650006943461,0.0232476192006842
0.5536720795290524,0.0959480967230941
0.49473920685100714,0.298690229756131
0.451219684095809,0.329192694170585
0.6092100688571536,0.0156417750646937
0.32389603387603216,0.34617921384221
0.4679038592651097,0.0735923599979997
0.25457835151668,0.352607050645075
0.069607810059978,0.560539003085786
0.19292377283796597,0.570291027095777
0.35821022184908746,0.264946092421627
0.24544161557926525,0.642513211551086
0.07834734563903575,0.696790673489196
0.36600400661874627,0.298936465265167
0.4387499984560513,0.217383532089439
0.4554443616148595,0.121831085059599
0.5774325633302495,0.220108982140969
0.32031596673821705,0.276352989716438
0.011674778694692408,0.626760722913096
0.14073071134714166,0.633600563802946
0.528814960943474,0.276677317647681
0.6629685941201199,0.105076339551516
0.47413255015127426,0.163164500940154
0.1764330625215747,0.178798005926001
0.2849171629745692,0.455030246771232
0.39696423240795004,0.171046602350132
0.40554642063574076,0.245517882302021
0.13004855215361247,0.341103480608624
0.27114486386200093,0.299874115586264
0.388181730475277,0.131098160780982
0.2726339670534102,0.384408953500177
0.20096038861863752,0.317040493697163
0.513682341763356,0.237597613576228
0.379356649865882,0.368399411767924
0.45308689998189755,0.259165453439665
0.00578927408815228,0.608419178133546
0.12724390891795026,0.442189937213507
0.6749548360888286,0.0566052056613909
0.3769752096022924,0.344389382757159
0.40857523575041604,0.128703658873275
0.06954598747566923,0.587890258812361
0.4469838046748314,0.279146767188793
0.36962736262566925,0.176475154881774
0.17429114340775664,0.519227708431794
0.17881075537054647,0.348891207809086
0.5622365910358607,0.0890345177697773
0.20568264284497628,0.170316272971939
0.25867803805302836,0.476415786631003
0.43454402542617365,0.232618235290514
0.08127551589659979,0.520973047755164
0.7244819988706136,0.154487177078186
0.27503051152658625,0.181478318995779
0.17714440557684183,0.505278410652684
0.28881201916391863,0.13451688120404
0.15937554389530775,0.488735384172812
0.6207703237048185,0.2085070163125
0.39707073142185895,0.142574275840215
0.3167721453556377,0.498820202013496
0.30570172178812766,0.534187374020968
0.6649753077548942,0.202183491097492
0.38447727258265446,0.162575045050865
0.4064782671633212,0.296908471985588
0.17475204371153938,0.618167462790904
0.4974593220890979,0.330691290616134
0.1767825531704533,0.596432296842589
0.29860852212169886,0.328363125965837
0.29900545513667853,0.471359612322488
0.4900609114037647,0.243841604260794
0.43816416658692053,0.358569493561395
0.5399746586817457,0.0733092229055566
0.6623657471559332,0.00424960746736952
0.3293993678987999,0.446595944246763
0.2060051475313326,0.405358593416456
0.45279399932396336,0.376485887171312
0.52608933557113,0.125672766528987
0.3458392389400747,0.348965108975122
0.533857689992717,0.0912084451392461
0.34731676449435306,0.404679361734863
0.4969954090361934,0.134697135966897
0.5733018074207104,0.169604004282124
0.23485357909249166,0.420973235268314
0.3630585892879985,0.0759959144883373
0.47158642058362754,0.153280723682785
0.4604553796203288,0.496525044912961
0.1760779374081465,0.397660902058105
0.18253501279910472,0.230159559301118
0.25475327134525266,0.530752208869316
0.31429347261141516,0.244328834264008
0.39878185591304,0.356376243766014
0.42062404639870066,0.394231815424751
0.11696771376411334,0.349649488591495
0.14765859226896655,0.5661009414438
0.10110954731526899,0.388460501116522
0.29615343463702287,0.442592476186136
0.11715596038236008,0.420532677793921
0.44770746874211387,0.28940338447207
0.1895337406629952,0.530452760047358
0.4579148705262448,0.216060782465163
0.5654719774646613,0.161897286422616
0.32546196375538333,0.294670758401369
0.4365857928505273,0.319131454972518
0.742437244600115,0.127177281170655
0.11309520084544107,0.476396540351086
0.450813958611782,0.161085306416157
