t1,t2
0.3183426081286948,0.620718562055525
0.4653377067272039,0.195218264890086
0.1341662398880277,0.777520969265549
0.38374889885314056,0.0745718304015603
0.07995736528050082,0.374181433539122
0.2922163461118277,0.091482807926075
0.4465340624335757,0.464581898070379
0.16178965346481172,0.822442029475388
0.14766635282641113,0.249340729144728
0.506392179066825,0.408566679887757
0.17808559529225032,0.241105794636919
0.08158298919995918,0.373752428939099
0.4079592219382608,0.016520274050055
0.7259983359363413,0.0153470939485623
0.6827670430804245,0.141009785927623
0.3330514077843424,0.406115138750318
0.7026056618679075,0.168871940946593
0.7483032356368868,0.212868394651083
0.2410594026117352,0.586739417069077
0.07889002441115398,0.350935115679628
0.06943929242818234,0.544348226070199
0.17739041747531273,0.222496672441206
0.21273740330302507,0.744278683370115
0.27992912641245704,0.58113587575785
0.5751275329736184,0.363475899726052
0.12484958979552764,0.44528196496664
0.3535791086861041,0.00310080325490036
0.6581054317390769,0.0773659413062461
0.029733591581827878,0.59285511344672
0.09413852629773557,0.656336153048652
0.21453938925958285,0.433365928527785
0.2821534720894468,0.646831261615074
0.5743341723945488,0.192550502510378
0.07734355546575679,0.0756104353430667
0.4107198802389618,0.138236061713551
0.01883736268798431,0.849227930062728
0.010446150558822606,0.0906951501449199
0.15245502331489558,0.766480442963964
0.8980757826849856,0.0527756012891296
0.12642941754355036,0.361624481704203
0.1671649871410992,0.0188317495339251
0.0028778912960875378,0.435788848670686
0.48407705879895513,0.113853444074495
0.8735703737351859,0.0238485111649262
0.31758994713705546,0.623014240549715
0.1915200736080667,0.655777697841616
0.397862512272858,0.312273841919818
0.3539318138859831,0.102304142911162
0.15872640299435842,0.24401570506038
0.3510668118625692,0.302197863744223
0.5574212778055926,0.306651097842593
0.6863871976684689,0.225563069200821
0.7316527599247247,0.206272516454739
0.38340390017883436,0.243351074728328
0.23675250713987392,0.738634003479853
0.13752239424250884,0.307548292658847
0.15359779963882028,0.246468584979164
0.5273403740953897,0.403768761827425
0.0571791617934672,0.527541136769673
0.1440698746809908,0.484836490508276
0.45488159107127446,0.0269058449328409
0.34959370959461855,0.173922743513484
0.09856686754678384,0.859456901215421
0.3564959199006322,0.480892593068228
0.4999666410154586,0.375506114209083
0.23132597650208292,0.629967642007408
0.3667339525173292,0.153344999087747
0.294805393743288,0.536508770243143
0.07264633429245777,0.447839764826202
0.27270517832372326,0.0514359390319626
0.30635104506595207,0.358191352682902
0.25559278906717675,0.427150035061027
0.08663661275679624,0.840708815014688
0.6714636077280604,0.170080201596391
0.5701932795847104,0.395089510674143
0.5342880332601992,0.45015453530176
0.54484794756326,0.111979319257004
0.07778352530602568,0.379348402707411
0.26744579545168556,0.479675360146489
0.17128052234427626,0.0678006303914066
0.8655874763955107,0.114226284964261
0.5216875705482035,0.187858891059881
0.8858915648441744,0.0249005790896494
0.0892518078880457,0.571991805862584
0.05336806784391564,0.0807567328622247
0.233290400032094,0.53123629254746
0.6510594947081605,0.232195541201612
0.12169254638324754,0.643553972225484
0.3156584462032064,0.276256295035993
0.3619498291907129,0.530134480051912
0.549383941462888,0.445028986025327
0.5634510485503035,0.308603446490624
0.2389285502496061,0.733575433802217
0.31849395176005363,0.21767161172789
0.3069088049168804,0.471220063305631
0.2653508205358551,0.400520054196499
0.7649768004079034,0.146639430016552
0.04012459764260884,0.560963171839649
0.18629223799404707,0.618080752081737
0.18857033827349817,0.67010528948469
0.060255248443261356,0.387843175373126
0.40303948223001895,0.2779013062668
0.07342952992472868,0.00265610830150877
0.014122357406545338,0.364778902596431
0.4734438697269529,0.159196057099218
0.20390659088174087,0.0303857503022654
0.43899777121559364,0.0283229293960953
0.13124290153054094,0.625356666629769
0.19785505996231978,0.102364390195878
0.7116983451919807,0.108848226256253
0.60014904531555,0.0404495775722469
0.23160207925996726,0.300482772606615
0.1560817264029931,0.291187361091161
0.10546735599217291,0.430914438781725
0.35874653384475236,0.326722910700729
0.02051445167318694,0.627731848045329
0.13345445599464587,0.323084961523899
0.09091569198602131,0.121223174594027
0.29290609119799776,0.279626701125145
0.49392093559337846,0.505081269465845
0.07940482490193328,0.355089865767178
0.16482568340020187,0.370927182366835
0.06107967234169902,0.217792004001087
0.4427128976547943,0.440975279671882
0.504200696006231,0.00129749741534518
0.3456755947886824,0.589282410216655
0.5133398199142294,0.40430210153232
0.427832640022474,0.401754251059519
0.5052607030925849,0.0107048128282205
0.19631181318925042,0.385842417256266
0.12102961308722457,0.573022829390556
0.3113587039140371,0.216397989518686
0.19687266761325647,0.696482336872648
0.15593160709369525,0.355781440280395
0.23397747983962314,0.562948495276497
0.26969744823851627,0.708149702195688
0.34129599814861605,0.288131753104705
0.7092390497262802,0.0981178705794197
0.437218289035266,0.206282949089516
0.3912735966654739,0.09229651337459
0.22861395641497634,0.0305067918777257
0.37177931665056224,0.238767165997303
0.226098060288082,0.0184637277648648
0.4747397207506466,0.443477734557533
0.6995594002157698,0.135607833178316
0.22183495626337482,0.316733458971329
0.04156556992526546,0.140824661937717
0.2631164676558859,0.253612730203812
0.4192127962228505,0.210356935065415
0.564593057467097,0.0714505864774897
0.177160786053438,0.788766725970782
0.5948879995385826,0.331190658439068
0.35436336576553373,0.429414896761335
0.49884359040671444,0.1575921700099
0.42322055563106753,0.475855728112513
0.5236885819233993,0.120291261653081
0.41950708331164976,0.413319136146217
0.1991196518505417,0.433181648985234
0.3810005749778591,0.187024816570345
0.2580309577036912,0.113520315477046
0.6157665237685619,0.189163098345425
0.533993194767242,0.204292010519878
0.03825147845337469,0.58685183888622
0.8404464954894442,0.0330556612482765
0.09859008932461137,0.0231885378506245
0.5391373151675961,0.336498277327066
0.12024485800359466,0.632516958246525
0.3788973207357951,0.0134271058301616
0.07949280446463806,0.799492413868718
0.7896590388085798,0.170577898759523
0.1495487089296074,0.36271540629581
0.5820826081748438,0.265244541382116
0.7603970916035808,0.225744960158245
0.3308200638197256,0.219168021672601
0.3243548584752062,0.206942594231008
0.02939831313877902,0.134260034920248
0.0018030931528847378,0.903473675672933
0.778752773120647,0.000514943903272942
0.26549264231644104,0.68973653552982
0.7052779531528502,0.195678794593969
0.6570351054081026,0.249621412903001
0.0038317205296012507,0.682809362908824
0.21661544280797254,0.760036060097625
0.8116128593559765,0.128082938051256
0.6243153817298033,0.335444263988434
0.5784405496283385,0.300421667408794
0.0011910194841247832,0.80754190666439
0.04788090994904489,0.832295589657217
0.016802598762407653,0.378261851999712
0.243390233823659,0.207816021939981
0.062163748360054706,0.885598985566023
0.36660532683268165,0.0209803291175145
0.6721863520385419,0.134834087072627
0.3772734067975054,0.193908682568779
0.22239635786504033,0.161407191633805
0.3509558621788349,0.400673633448961
0.11604061768784112,0.158298531023071
0.2997504886370194,0.0354110743230964
0.16229675837958188,0.251817360971806
0.0030458426202043787,0.178870657091813
0.5434094648298825,0.132082561821567
0.5727068668922302,0.0763534004741737
0.17825690291800497,0.289013929670138
0.41816400905452955,0.383038227519758
0.1243528997983716,0.571745492150344
0.3573918457017745,0.185963559163639
0.33072050234361144,0.480223049500826
0.28708683305786564,0.0129544579350534
0.45350143526813297,0.0451407377876772
0.44819849580188365,0.188251857213732
0.00047209394379209334,0.613305167703753
0.07204830362414553,0.469840961422604
0.2947058453145648,0.535779429320998
0.0516002735376765,0.600254213710507
0.624333935112237,0.0387010766943862
0.814945216264941,0.170395991841145
0.13755561052127474,0.799023856001222
0.4219911684625027,0.424678551355069
0.21615569656005287,0.309624896347093
0.0376780401542485,0.942490420312699
0.660556355644077,0.0203200741237163
0.44486100012059054,0.320192706477812
0.6177943559877742,0.0783391584612844
0.09423172264456052,0.273039901561938
0.2554957314006459,0.36655859859715
0.007649386266302234,0.0976104570054023
0.17074601622952557,0.794353055240995
0.5579001328849843,0.0560667574025326
0.7416784003865282,0.0690646449885368
0.2100327982420082,0.765338533143826
0.34272614564835063,0.514480860579391
0.15782709395949107,0.684856454646026
0.16272704488237472,0.495929420259161
0.17847986421483564,0.0425534665289277
0.1804720510491651,0.721247677983579
0.03685384446517438,0.398576281525005
0.5689241933904304,0.0654660131274564
0.15565024093954777,0.0672182034199484
0.2862007793490344,0.0969364048219433
0.5887030893895564,0.301470738936853
0.5263018214614976,0.406819390154783
0.27901531517468,0.0647997129413946
0.21213330820332776,0.178130376824834
0.49559638090739455,0.273452854155594
0.4868450011986367,0.132626092344848
0.12126212458700553,0.24674917967509
0.1471409687693674,0.658442371392302
0.23342023009109622,0.248375891511637
0.4855527345044921,0.294595461744096
0.8711665258586363,0.0805393493713177
0.9104518481042974,0.0778623721936835
0.06818366962989661,0.116085776274854
0.6178564207697778,0.319878483512223
0.39504343067237946,0.572036025869588
0.7095563725251267,0.0158347450298418
0.5612911662268628,0.313055035874344
0.22850336644703995,0.69322007920209
0.11444453617862668,0.586092771961709
0.17789089318676113,0.0914464514687886
0.3156648108253808,0.320498840692734
0.7939254518876633,0.00755042846995507
0.2734886073772925,0.201649000905301
0.3278066582105518,0.655045406215108
0.06489480638797751,0.84933990356947
0.02805512604945886,0.667846624615772
0.4271918816866279,0.00158369059833613
5.721383443990988e-05,0.669684491399688
0.6296214279041062,0.0270763058367478
0.3538448687573934,0.00486224724620996
0.44252379675269526,0.498143512821717
0.6933919967756594,0.188306456247052
0.8436589688185504,0.14500530478735
0.28802913529883917,0.0116847621202744
0.19660148538766076,0.53702846207375
0.8023020325570831,0.183395960967073
0.20605634047551302,0.388937557240308
0.27402617701054166,0.579741799333325
0.31605522304145434,0.194407344794117
0.45987578422977843,0.0389993104339575
0.03547336264207806,0.665880281018216
0.0062479617806133,0.489564456317869
0.2610608186295318,0.683814014225302
0.6878804374736277,0.184552658221417
0.010188030058347421,0.411962501392116
0.47454850991936265,0.144013499260639
0.18285151636506772,0.0169122933586703
0.39707050225539475,0.234863192916218
0.0784015324939531,0.0666562347086802
0.19167712431505782,0.375505339562358
0.43846562809926815,0.179706300476316
0.3253534347442528,0.126004163934241
0.232144455313687,0.00342670490603184
0.46764298148372135,0.45431374405796
0.03732289263291327,0.839387956450095
0.7536402555343651,0.0242537689407373
0.023796412410968765,0.17875301791054
0.25031168200432224,0.0540834932379949
0.07803158587581509,0.911453908409969
0.36067526893248986,0.564613258695908
0.19600652896648726,0.383032126447893
0.07528647131784205,0.328457722258017
0.22756756717030585,0.54314612762112
0.1213376284124734,0.705550619647818
0.005433056308109322,0.769563521344179
0.15469415079369397,0.36745220667019
0.5206920551956049,0.458378921941403
0.7870232828880293,0.0919395039287651
0.6462743305864165,0.220163794868941
0.4361831048513453,0.320318671821721
0.8883646108651145,0.00195677400584687
0.4488134895197081,0.18950083647925
0.9378089988678098,0.0228413479951501
0.18674031336259364,0.433233317212957
0.31266524740560836,0.384587799734609
0.20602646220186793,0.417079959391513
0.24824899442200216,0.378943740689441
0.0668462326365638,0.0246069346967799
0.07878185326634628,0.217410694082543
0.6345890123844189,0.103664780305581
0.04518034865550635,0.724472294598527
0.10812792008383394,0.691305966614343
0.44678227233807166,0.135425951161197
0.3639224114402277,0.245197803802374
0.06250447200188584,0.272329673154861
0.09579187576189417,0.126781684075202
0.801175128421749,0.18219056147255
0.4408656036381072,0.102527219424374
0.24515729127657332,0.523306012319529
0.2799335354205523,0.701210850417893
0.011676574947340496,0.705118174891864
0.29483458184322414,0.552730319464901
0.38860408726786677,0.0711364624905652
0.5470325789992729,0.0839483348404409
0.4085447206454082,0.419603060930603
0.006774070740904083,0.554383060885905
0.5370323564790725,0.102020694278926
0.19274321773415187,0.457685249740184
0.3619339900891894,0.0308297657925067
0.027894160401308727,0.415660043612168
0.032811587798197026,0.132031184818465
0.42166717570066214,0.242576061548204
0.2983965848911769,0.406621447131446
0.08553845559250722,0.57781492629874
0.08941933503076893,0.184539263014594
0.498959948359136,0.0161597327426831
0.49060687722305246,0.113848963030861
0.05407346155914339,0.939663915063715
0.02805255683345037,0.322815284737298
0.2881978390996936,0.436172813936591
0.39160645819901596,0.576241366119632
0.31814017479476897,0.256401140447531
0.14978047000348854,0.417907066885709
0.004690400135338506,0.673547072006253
0.053861901806821565,0.167894785042113
0.5055627639479345,0.186006969862133
0.31755120187025865,0.176777286556078
0.17511298682882387,0.229785030308327
0.30057833573611886,0.134914170877606
0.09223557989909403,0.599904567866315
0.03703169463975092,0.890659514670631
0.7325469589899907,0.227431884265655
0.44492748515978814,0.521908240417636
0.12740026336833354,0.643144557346673
0.07758646648130106,0.408990443535164
0.04352713894967761,0.887851512022431
0.10734103924680373,0.319696298335142
0.05823241023287592,0.197225340826037
0.1526256676871072,0.565890645561701
0.42668158328367345,0.385625568542803
0.031600966341930346,0.0637551628592314
0.20011704034087116,0.0898893491482832
0.2760289736160318,0.347672896119828
0.16754416864070734,0.662953384557568
0.29347107726416644,0.0591152275658425
0.15353579540826115,0.838775307523891
0.5123592092826087,0.145285045995846
0.15327108359637814,0.548699809821014
0.45039014778923836,0.193168295855082
0.4608546133068223,0.170355146502617
0.500376296994571,0.39553385880518
0.3779464815019725,0.237238159930972
0.4471235103960893,0.262399823576475
0.7181432975294251,0.18965160429062
0.062593776661487,0.169021736431468
0.7069919224224713,0.224964167154164
0.2428861105602647,0.411352097763515
0.1467136489332046,0.770814202557716
0.39847018754191504,0.0966159299412344
0.4836003387363795,0.113752301641633
0.4022969407087728,0.575046157024521
0.4506711273676762,0.306743288218796
0.09944232282188646,0.357576032866972
0.6568919890039613,0.220646987280026
0.5033295762186561,0.338137870518295
0.33059880916376855,0.443185461143313
0.24695923553890664,0.540581781837017
0.16038410843261428,0.612413012082672
0.19058417492362686,0.689800712868397
0.4212514375762982,0.0503752516819614
0.18600241229926193,0.131557507169043
0.4825360954390459,0.247989366940501
0.5354744443069596,0.0385850499440773
0.02328228187679879,0.104325080002424
0.7539541613555605,0.107040907749217
0.2333672373688112,0.206073950150634
0.80111946702187,0.167924817929298
0.18536679138554304,0.216647392502452
0.5429826746399541,0.158227118191811
0.4292746826199167,0.524136786881217
0.5294678656370918,0.276095008475177
0.02664923970874347,0.5119815225957
0.7187832429373999,0.274921758103083
0.4547911706848979,0.153549096947508
0.19850706048344421,0.533940992904445
0.5660362903171665,0.258250155686866
0.14522278665238536,0.60801622743855
0.3050877728443072,0.186279580040071
0.04685367553304533,0.345785206642558
0.10163639512885604,0.141990315778054
0.11740635443222139,0.246473392147045
0.3477706151516773,0.508065174777165
0.6691514122773684,0.0374335019524399
0.42786955244822467,0.439083663243427
0.4235775774566114,0.559307310778609
0.07720377624075643,0.151494968666868
0.08553778917440791,0.558608858163168
0.21097806143720005,0.386862481528944
0.33800345745803745,0.0543054129676346
0.41440684471571093,0.462998551548883
0.07647164697704403,0.302632952741655
0.016225184922900142,0.93883991437452
0.7932007262644133,0.121401590921613
0.2746357430013185,0.398146016440198
0.21122671483899233,0.577576774270474
0.12412933077923952,0.591897583819821
0.3527379033190528,0.224136906670104
0.15214376438879926,0.0222030068378905
0.005586393133957882,0.455489702341755
0.37990039195102027,0.41882987898045
0.5292348209310194,0.389804751184922
0.140153691328391,0.776743051755645
0.12379259358999767,0.334186574132283
0.11536061147443039,0.448353125791058
0.18383826415604987,0.430686608563015
0.4941802115132441,0.497621046600891
0.008891544123591971,0.463095758608371
0.04110034491580898,0.86905734839724
0.40562020190067255,0.251796251815818
0.03573033376833922,0.770913089311469
0.18016267450990783,0.119876113608071
0.4849760641614675,0.0913255445648232
0.017871018894895126,0.41940440847551
0.40643320632833785,0.456180137500264
0.6483595688660302,0.0300767721363069
0.23635767291727539,0.319306403438279
0.15156587374206845,0.801877052041139
0.6062351270002907,0.11624825403237
0.5576687571825285,0.243198158520421
0.08369162248351823,0.442097027481285
0.2012897509558255,0.26752055050908
0.4302136974176002,0.170281522351135
0.19564764626092981,0.211471930199991
0.2031123948116631,0.254912677840602
0.36580565996839165,0.253830589472346
0.29774441948878577,0.503655321206476
0.556266031373729,0.171491526313449
0.1037871001068944,0.603781081469555
0.18791718035352173,0.413592436834858
0.3239382457331941,0.446593909062934
0.08041135763422501,0.284989188781605
0.3887209599114768,0.282330434647083
0.6386607219473392,0.301500683047076
0.14457414226195264,0.0449293282519247
0.6485231121271923,0.259178415062262
0.3696043819540581,0.299739322787912
0.6977707910916038,0.294414037289935
0.2792413741739091,0.610175108895437
0.6364515129468022,0.0880009133323837
0.35748371582471816,0.432652493758934
0.04646749657043542,0.67060177124116
0.08906993069008402,0.151924128834045
0.14635468932660312,0.726631906734031
0.2345571578071489,0.223807198287266
0.6952946517270027,0.029359490718899
0.37481419409032346,0.256528565162609
0.3339972795449074,0.0907458256354278
0.07013207892091936,0.72487410789776
0.4193357090701429,0.320138975706997
0.47416502352470347,0.249018733616217
0.5777491077051595,0.136914139335686
0.2711880422151313,0.427707033629405
0.11637449241842529,0.866338100631039
0.053302263258745555,0.30995407980534
0.1437989516177047,0.478794201153169
0.7140360710122904,0.126463841179129
0.03602422553461607,0.743380638558719
0.09680264084448782,0.113527384350533
0.8032467070880391,0.125328654432662
0.1949621658874941,0.242083507364193
0.5093712224546795,0.15565448139099
0.08125126606932201,0.730044097140335
0.6103158149933456,0.184747463237896
0.6123915848644436,0.338959188224923
0.5810059769700984,0.205039384552556
0.03769949673997797,0.805454311620734
0.6934337524971983,0.0200792667241765
0.028555647414071104,0.526934023792887
0.07258392042931788,0.247420345061842
0.22756696364484658,0.340503527673051
0.13277711044283103,0.204611148160472
0.02737985200088561,0.703246602396585
0.4183736492250403,0.518825071905284
0.9145312890129859,0.0248728548780427
0.4059001980640684,0.386288580775523
0.2899502529793931,0.698142206029179
0.4210678575595554,0.573756630476889
0.06484110614127904,0.911774909917711
0.08024415014464667,0.286787945294942
0.2888740200969718,0.524701527125933
0.09690451693179937,0.508117369903067
0.191054203554757,0.627090014025156
0.2043513142540538,0.776327998709473
0.4203146965600507,0.331306797826068
0.8102540835750974,0.00331139957795384
0.35752965357070077,0.060860526558655
0.19404567797101613,0.0685806141846881
0.018300321176351407,0.745295087427066
0.17497456191077926,0.280331874387666
0.06172700456179223,0.442860074088246
0.49195741284215233,0.26454896326068
0.6443995287906505,0.0534945662756342
0.21940323280115498,0.4322828760425
0.629454276042316,0.31794207458984
0.7003436380942191,0.0424964507611445
0.09428989139472387,0.220164989639708
0.04056039334573149,0.65190817397698
0.44013767395052755,0.463907917496474
0.09506363088458528,0.0656549217377161
0.23526632228442657,0.118816905375988
0.028254359219743595,0.957186370918209
0.950523527314877,0.0301615379522595
0.2915744135413954,0.4668041006521
0.1419041856829382,0.199526713593198
0.3473493299656424,0.00352712246653878
0.9734296521624187,0.0025552351439349
0.7761762868171838,0.180521474226058
0.04693251389099668,0.319710742824429
0.5821272003931157,0.407240446019282
0.4151738225002821,0.533322026073782
0.16822575080704022,0.301569105600331
0.18811790980588175,0.118129287477875
0.3217888645953287,0.47549697105583
0.04023569190247982,0.123781925150656
0.09899530539560585,0.151338696457891
0.7596379222875606,0.179341360098291
0.16241957361774995,0.169308735924204
0.3654123042851931,0.101690771854327
0.5823986090917078,0.368703857202672
0.139463294840642,0.623850425653707
0.4975976343673982,0.115288240907692
0.1820380624013693,0.0300496475651794
0.8778720455930851,0.0245432252784032
0.4175935121734334,0.16078573654306
0.7544501930621778,0.21342952577496
0.24333856964447453,0.262445955715384
0.0007573198732151918,0.953498916789423
0.1241019556155692,0.367019551754262
0.05145329212946143,0.56333979865913
0.08047276003441771,0.460277379389644
0.23384979526622351,0.27675216788331
0.04878185645866712,0.719101877666246
0.028959966408335015,0.0609134375342712
0.06670540510547623,0.63724566791009
0.41955305608110977,0.416129339576247
0.8206077820954086,0.029737242192274
0.04181450540559137,0.412201383072134
0.1973537884091568,0.281018409205906
0.7762829258187487,0.195976590589502
0.45342684355034785,0.221930544984399
0.18707874615374803,0.378680480114981
0.14986079894489104,0.0800936280659284
0.6101725523693973,0.319195429570502
0.8471447329578735,0.0520969339395077
0.02865323783970954,0.833347910483043
0.10053994049720558,0.132333060437155
0.7319511687050748,0.0724317769863843
0.09610090034914881,0.475249193496152
0.008454069898721684,0.301122467466096
0.04903938723933157,0.142449991545767
0.7398729404506514,0.0127157919746669
0.6994043489696242,0.245495885654103
0.013761000419134941,0.354591339096237
0.06286764573451398,0.41890738874917
0.142292940081889,0.0749432003081046
0.03775341948637873,0.776651200418376
0.26709300005237724,0.603633521647404
0.05540425085864384,0.262445948591394
0.4903065962257071,0.125187056678536
0.7126355996489566,0.143482036821927
0.1619578387482808,0.370309230328358
0.3328979312881654,0.213363026197858
0.03611870390926908,0.0344258011471512
0.37748126110305946,0.139841354116848
0.2710048864523237,0.326162796881629
0.1917311301099008,0.598903031635917
0.13154152357860444,0.610177065428699
0.3730418817494212,0.108677271010083
0.40445017386253573,0.0169328406567332
0.15425803404155863,0.422383643161695
0.49186963573552783,0.132699595862906
0.29774175589830604,0.417028844375761
0.1907720285949083,0.325562201367535
0.14673815654732497,0.774671642476016
0.8145492699297564,0.0671846448876693
0.28679278721152796,0.561546283664649
0.3408181736387152,0.49508978283336
0.8335597642957779,0.104894345468559
0.35752848105296126,0.0350221172807574
0.09392313817135575,0.529179797763344
0.31536550362896376,0.373707111525586
0.7199483621941173,0.246494468804997
0.4455783641717907,0.0283473133509865
0.3178519729832504,0.422775303802656
0.06358059452049951,0.0980801721204389
0.3476282122514494,0.196462864924663
0.6827774210691354,0.184431179317328
0.20896991566666576,0.101161519485436
0.16416484129568007,0.154435393306231
0.01571414692388811,0.663921518836864
0.3246320578644567,0.363832758139867
0.08693578933881446,0.824161160103148
0.3605023888200054,0.29035265475632
0.5457223681356853,0.199886072905771
0.33606324954024425,0.00719267529028547
0.3470535841555698,0.0961837255088183
0.35954773620968417,0.0693386529613475
0.3869443714952799,0.608794068951188
0.538298303027487,0.048619642394014
0.30712526192040057,0.0228516504153569
0.008706569451522119,0.758516457253396
0.5031904375779148,0.253550890807455
0.23282577555233813,0.0985913256620109
0.3353330838039214,0.205158948322455
0.728896081886525,0.0910032596723058
0.018838445071318686,0.554429874268335
0.25348688415849563,0.0742876937595226
0.35964276210317697,0.273880801670475
0.06219084330978523,0.702728224324861
0.24845543170215764,0.273248863314409
0.1872351908289807,0.725579554787354
0.033299124231863396,0.697097412195636
0.650309730584114,0.242518604702656
0.20136317226166828,0.728677270240616
0.051973070943953655,0.449071243647629
0.31399300964288346,0.217914664672577
0.2736788384766462,0.604762429621745
0.060499710974656375,0.341432618138203
0.8693437586436352,0.0696451728043693
0.7118038623851967,0.0259571036136428
0.11204271570457054,0.663986752238824
0.7854901517986612,0.0918400679830726
0.08574562133146171,0.464130196209284
0.03468306486231665,0.530340374156179
0.8307638463503829,0.161390310800381
0.12066097479444475,0.195075206473051
0.622748774379238,0.264496648566539
0.09519308836915547,0.6087333260816
0.6471586138868877,0.116363993723152
0.24613523290490233,0.121776115835058
0.7911321893561282,0.194083240418757
0.16186801936412074,0.141472778808211
0.2650048205222133,0.281871721138605
0.8523940001161275,0.0265866923685968
0.21037655249771875,0.503819788723655
0.6135003724505008,0.164443266352384
0.5889165225989748,0.36919134421328
0.5735011132704815,0.419410477124229
0.17400253746232225,0.325500810820235
0.2538743400044616,0.022051658005963
0.09824473738087297,0.128469106404042
0.15787049094305394,0.465456115950343
0.30982704914732473,0.0990992239075396
0.07758851172945232,0.480880719164985
0.6516656616321839,0.0458720078485728
0.203282570932264,0.533469412893206
0.5766084164913522,0.377237415190442
0.9722786265351636,0.0186677910556445
0.2281140539902357,0.0974115099372119
0.6161202914226462,0.0557559635886721
0.5348998019845572,0.0684754269264319
0.03709422169353081,0.392127645503547
0.22991160610126762,0.405861415436543
0.2424508362148105,0.266460306719815
0.18839302571682073,0.0997095704602738
0.749565213818784,0.166312629336558
0.17600164796667964,0.801608119013652
0.6762530271781447,0.160666138685532
0.04760125341958565,0.0109682662346314
0.7651990783028162,0.00907804253997729
0.044563738701394136,0.272123184861402
0.04569581914003773,0.364792340459398
0.2042208571534552,0.686140645731385
0.12078006041948885,0.304638903220388
0.3610131888336674,0.325312139765769
0.024871538553858607,0.753585710924776
0.05293044757061377,0.144588479269608
0.2660519321954963,0.0742744205064977
0.02873529167744271,0.9387420986885
0.8510671128831361,0.0288779574838665
0.6194250997328993,0.343718496786318
0.8932383044180882,0.067769376570107
0.2874077551374106,0.512315071478127
0.4598218212735683,0.530402512974493
0.30419168769072136,0.0530557831458006
0.49853056053631584,0.0492850440478248
0.35198833683491293,0.221970171355461
0.27037594936292114,0.084937525172662
0.4499852943601991,0.35982116022465
0.06915158186336563,0.467352883554691
0.16194697371707134,0.129604821791883
0.051736447674356194,0.0985060838892288
0.018648928050954243,0.729178189314405
0.07866938822485198,0.602989728287421
0.34171626817090767,0.129366130468386
0.11991449596881792,0.380666177512724
0.6288022065141718,0.143377378742086
0.7675305205145391,0.211153105566241
0.3013605039068583,0.25186734877728
0.6330011623135667,0.125887870555567
0.4520768011792139,0.203610184821346
0.2126394104824703,0.178801764138051
0.08561529806143206,0.172604745055605
0.17940791009764742,0.303839668824033
0.12795671745769024,0.160130686422083
0.032612623703264704,0.439267347520984
0.1633929561030466,0.579464403900696
0.21098241373087542,0.31850118798846
0.2366360824545249,0.56345624676402
0.7999973276137587,0.0797026222256835
0.26398892743559194,0.672194498002016
0.1501730038682196,0.712350407571915
0.005524862685029653,0.0635216696012701
0.18974948803232772,0.36506057989851
0.3373856665787801,0.293740530815896
0.49270575954276097,0.038131902718071
0.3459753626989521,0.567313394208489
0.09701313874198302,0.308624905925404
0.3741803055666642,0.0965884692549381
0.11991072062079114,0.41964155446146
0.11144272363999942,0.688579737765516
0.17779002976878397,0.0368961029246656
0.432278424456658,0.194068114948223
0.19658952432741406,0.468708798310299
0.11253995937095733,0.260065136078535
0.6661320251956571,0.0697851610970979
0.19926308795928538,0.291387426040262
0.0034139089296160133,0.685671760957606
0.011729248711101283,0.343519824425801
0.45808741770081574,0.457882845564579
0.006704254639003312,0.876604876889525
0.031517117761469544,0.61500190606514
0.4963503652395647,0.305514308550764
0.0014390566425305502,0.696567796855883
0.14644966153020575,0.282277670240942
0.14399909191044136,0.238394546899086
0.27242343801908925,0.257456705873499
0.7160409485898188,0.268757231384125
0.17890222798851677,0.609545029361843
0.8630290482183045,0.0199409726742814
0.31508219655034925,0.168997151728313
0.07223149540279734,0.8848730048099
0.4509134881754068,0.0872549847431789
0.26155921856163117,0.622958352092055
0.4037594193277051,0.0387467488216865
0.350278867269049,0.46830528203112
0.11566390481101563,0.53856166756216
0.11836389608587913,0.828383566091138
0.2802231592240972,0.119928031736036
0.0548845158680094,0.685007353215595
0.016944292911423953,0.227747561539542
0.6414632764357494,0.0502450640610921
0.33916384390479404,0.454057137856867
0.17899549958943928,0.189085036367775
0.10566501325143542,0.659693540005733
0.3685286396323287,0.350371028739355
0.27313254727756153,0.681652684579603
0.016141559093024782,0.542042141796347
0.6117293488729297,0.0617362205968308
0.1089116882862209,0.624487244792054
0.216820660775869,0.61821911040574
0.30849078104276667,0.503116013761029
0.34344142639981057,0.0126624270284104
0.0648229635085113,0.256551431259846
0.5668828944057162,0.075561298399028
0.018914344433395413,0.439680587011186
0.4269781485764291,0.0972268642635996
0.11846970327874884,0.28608865837508
0.8109201769601782,0.119562839101565
0.8915839829017728,0.00590258677499597
0.5345914211394822,0.0531382942613874
0.2868428093318073,0.626624621687634
0.20380320913456967,0.579519876858594
0.08922087499166378,0.452540302869253
0.6312357394995517,0.128867094079796
0.003707926660238287,0.634097690717055
0.11772307252812511,0.242296189003602
0.47284964725899126,0.104907084031392
0.29047663986868544,0.3589087788772
0.1623521300942611,0.539210420347054
0.11477537293054493,0.0328217347402573
0.06832876670441071,0.868333239741898
0.3604088869840006,0.188373197963543
0.1262537906087493,0.305077242217044
0.6934193164077759,0.0482705550643961
0.7780675988309883,0.0762872036144209
0.7459158964749172,0.104401430642224
0.6092479486290592,0.320278240274384
0.23901835736235766,0.212215277076435
0.6371171078234573,0.0357748236786415
0.16876529254382652,0.210732106450351
0.22414262304484683,0.170901688280535
0.2221106334304699,0.340611449795602
0.16841024199514387,0.685898752585665
0.6420189399984387,0.17706734977972
0.043984802790456565,0.608961221179916
0.7320913736173496,0.158849332100084
0.4890411115813209,0.455067628387833
0.13114381467847566,0.386950549394953
0.5547516370126845,0.182226683720712
0.015412483775988984,0.656419980313817
0.22037309280802636,0.187530833286939
0.5932405671876531,0.257513015386354
0.23368382319354733,0.689257843852076
0.565674395377401,0.378069500277501
0.27787672644112477,0.714782164808664
0.033194916469969096,0.194837036134755
0.4927810394106205,0.381059767392615
0.19884754188316894,0.0245769281593906
0.12882887750054425,0.200232213881006
0.6129711496570424,0.274205925739774
0.05309589671609082,0.191882410759379
0.519858012904334,0.193984462533358
0.14240338098974037,0.36284991620347
0.22584920923643828,0.0268846060662386
0.1582669519772739,0.670650160012491
0.06973005739371821,0.25124941645453
0.11143910905660248,0.453997696216949
0.056612392981372266,0.0530336291482043
0.4463601552565317,0.084518584574475
0.47480506765299646,0.0373121415003873
0.6193715820075181,0.323272176828757
0.5028873989747519,0.275771283203403
0.08938425187922075,0.74830706083947
0.3227849048529231,0.301123922552835
0.2412593405993248,0.0506095585468954
0.3111554385186601,0.285709576896724
0.347730656424846,0.0520584918342244
0.9104750334939017,0.0194913745197138
0.23474344249741266,0.20067740314801
0.09740849510081168,0.55219293279676
0.14945459620588275,0.454487481966063
0.2477818761270813,0.629978755044396
0.7352659302689106,0.0768043585657373
0.39443105619684976,0.184491294327334
0.2835530320157671,0.233829462297705
0.35409308833897185,0.10199625689531
0.13995341613376816,0.748130539078182
0.18180786058891688,0.241003575021361
0.05602481387113343,0.748555197178359
0.2749679429562247,0.584480927692729
0.06483254977970368,0.543950407359033
0.1707409741485531,0.725803393246101
0.3452212089988214,0.386332531244908
0.7026050456577827,0.21520218237508
0.8836878579282478,0.046381589175864
0.6507795311152735,0.0341603995346174
0.13143904787576274,0.806014808092432
0.7887060699116191,0.067148920180714
0.3909391398441451,0.492368712390401
0.1937840757397356,0.0767401525164525
0.21502170752384728,0.224821575084045
0.646787163845495,0.3352067122284
0.39061292680475385,0.441095890424504
0.8250260473964853,0.088329665329849
0.39086023210402193,0.432459705389378
0.6502959733079884,0.192186478577789
0.4097328808320779,0.264995919221236
0.1196897649392892,0.494824406759427
0.046489971859506214,0.080308182358141
0.12564976100159964,0.782160828199207
0.6444945189618406,0.181429673420912
0.8196586937452014,0.158701143271391
0.5438729407397312,0.328043942751647
0.06971693429013616,0.076060968270639
0.11027861441712974,0.113482074855551
0.11114058966289438,0.226926557700891
0.219834707244765,0.0902986941333489
0.021166134302445117,0.626181537684037
0.5011863178570235,0.247495890465872
0.8236228376443291,0.130177489328585
0.2288753531138029,0.222021633138724
0.3591507469094321,0.239311142079655
0.06894970354995698,0.686335027633075
0.24884213909242445,0.243566207840974
0.5402883361228525,0.255682958232924
0.036159590613341126,0.358512844236558
0.46245401320197616,0.241005422794845
0.11869783393468004,0.263732156452288
0.4631575023639372,0.0505249235619666
0.0018445926639836777,0.703889052637958
0.5461193360703277,0.284065041107754
0.1902425264726081,0.4351557242065
0.5236879571824634,0.365081271178041
0.08326725114768879,0.498041986183944
0.4618320664122299,0.171132696773743
0.19562226477964204,0.638688228649404
0.35059122644329144,0.568656154172083
0.011737564672464468,0.90073489763456
0.012499077670911787,0.225963547223544
0.34016537185755064,0.427066198647124
0.05087033393049717,0.00872416318977249
0.20806162109660903,0.00372808751047733
0.28017094806507775,0.555903397240145
0.5290654774032822,0.24561940893608
0.3388033724838601,0.140899797102849
0.4975295421482089,0.148348976861266
0.37395854646845433,0.356650507250888
0.23794651175275278,0.136660656613852
0.44945388819018317,0.141130672193727
0.17370751831222334,0.503687444450162
0.043932430181231795,0.0172711869355581
0.0330678133929781,0.876991942011888
0.5774821635859706,0.163112290374784
0.8633357593736412,0.0651134618937294
0.10973661318989665,0.67685977108655
0.1390489554566017,0.854648901649917
0.35386839748771604,0.128604938233493
0.06879979485204187,0.100851695833469
0.35231484113864664,0.339737330280247
0.49499367808569794,0.437601099887495
0.20132680257240054,0.264230912836628
0.07157302784180695,0.743780474844067
0.15138995568485533,0.786212216113008
0.17625461285657443,0.238350699180932
0.00803037564779973,0.709411775378033
0.03778357628199414,0.403483047619369
0.4974096448036548,0.406483525029281
0.795421962417859,0.0267570340001325
0.43642435569061605,0.103421851366173
0.2028318600184463,0.123009317932841
0.23542196649111513,0.154826574504598
0.10232845013618898,0.442084828004183
0.310615275942526,0.668972391256352
0.27879568693869317,0.679565422359212
0.1281554974924657,0.202541415421755
0.7277815863593595,0.0355743848486384
0.8486664809088706,0.129733302729677
0.02445706069727176,0.280194473074673
0.038922235175408396,0.949508648598573
0.4316742994414791,0.169209202368881
0.09398273397310654,0.425410864620845
0.26187733118839274,0.487240909889013
0.0037175089594444384,0.219418050918193
0.3238118153260638,0.119106852487137
0.40371322712584773,0.392289342518834
0.10865142000914767,0.0814246687619564
0.21837120943600935,0.415269201516099
0.16427256316414932,0.238282950756752
0.13265538267605687,0.212404363202445
0.07462213111086019,0.0421686294474398
0.06373491037384693,0.305184464629169
0.5915480567495719,0.251414372387707
0.4778560685382344,0.125036990571936
0.32567350117171623,0.67139335913293
0.6336707178544099,0.197220101223993
0.35742598706533074,0.615218388519055
0.04380832683665062,0.83765227486916
0.34392941232665447,0.606448468602133
0.32020033163737044,0.649203754162371
0.33877343119664544,0.278330469696446
0.7927513705692594,0.114288463686312
0.1714500338437785,0.693152954366088
0.8091976735523823,0.0518536288620138
0.11835426989732822,0.621262263598584
0.27540840203113537,0.427815191527841
0.48166364315895793,0.0779700192908289
0.0031459563014519794,0.684431142670125
0.6033202948700748,0.177030785238362
0.1918638438104364,0.686460424718442
0.48947256882110296,0.0123463729717667
0.4138356494792941,0.358862855963107
0.2787862946155709,0.594803407432944
0.17438919873542344,0.822870099796702
0.005576081190181538,0.675218369979208
0.40144039165051476,0.128053777435477
0.336508166793573,0.416581839894872
0.6804922134096111,0.01952375825498
0.5314484339681604,0.265380418024474
0.0019772508898198934,0.0672121894040722
0.06363944818209565,0.515223659890977
0.001772130351168003,0.362446568552255
0.08557655076033356,0.0666063507057147
0.08161431167589811,0.504404189264761
0.3459905181607395,0.16861929152301
0.40611911864874034,0.0669526699098552
0.3143777803865546,0.119316472477831
0.21727329813225882,0.159868895924918
0.1721253669887872,0.760042677220992
0.43201035805917,0.0819861578570615
0.04751137119620534,0.380482375146117
0.11601962305413924,0.486871225547721
0.5648037929116687,0.0268864457031154
0.6942840074163751,0.175542976787261
0.2564518951449733,0.53462941094429
0.28065840817950277,0.535161554640801
0.3944800086709093,0.474886934215529
0.16308675788297472,0.711481020499682
0.2851588148267228,0.359614891353032
0.08676845363226934,0.912074624673053
0.49596165364082195,0.193696015637838
0.2224308879194603,0.641955352519376
0.22351876681456195,0.644385284162187
0.38746113045255426,0.600317611933181
0.450142027074803,0.338170254124834
0.7207934947055462,0.191488303145603
0.05800181095160098,0.728424572263901
0.031513617199925445,0.938550769748606
0.11206649876944058,0.672500438430851
0.40044412668945034,0.555787819388676
0.8537705101937559,0.0427946101661914
0.4694745811570765,0.414632098892696
0.3367230825464334,0.641678536662382
0.04637117581495874,0.764536150635071
0.330841425473646,0.572436026307459
0.2748287401076971,0.105635105125203
0.3876379272278563,0.117685435457876
0.043662906042407405,0.639387797846191
0.1543461045014372,0.386768112422358
0.6692001419679626,0.277002859902768
0.18578298050290956,0.312947000604088
0.1899337600947808,0.100852122872954
0.11758856942162953,0.873028587949634
0.3869626070980367,0.179335236035734
0.10379336041257113,0.716661760246537
0.891296542084393,0.0884710876924498
0.17186262091233914,0.230286231491203
0.14536651267793793,0.14339156294749
0.46693715106205075,0.319544328743461
0.2427049344219005,0.510421953039133
0.07729916627321831,0.60130926852713
0.16695721941205485,0.203054949015182
0.47717358511378954,0.324991809878553
0.16777136587538763,0.686041064645024
0.5570773195935925,0.00665667980751414
0.7108718889094154,0.170101283788399
0.6236990470591565,0.0794134997245914
0.03076832655851263,0.525719399353156
0.2812788871533909,0.427945281409263
0.5336525287730494,0.349020348374132
0.31285282173732853,0.140705820831358
0.38785915361839896,0.15766577042893
0.08549163210304712,0.802656823055888
0.065228157290921,0.428317105462698
0.022043823153334453,0.198111091606311
0.19021959207498426,0.422395254944004
0.1716794195459628,0.142231494525521
0.26729922980378745,0.218546327706594
0.5747315942298107,0.280373123435586
0.1890763109096642,0.661608604910362
0.3253710755891775,0.162029195772798
0.23785186488280843,0.7308645817411
0.06658927530911203,0.0457956071673946
0.03219193535566754,0.665011008403885
0.2580199237473903,0.101704346074473
0.44904172631936845,0.534077594355917
0.4119490590948928,0.106697500308025
0.2627088775663884,0.556615145320412
0.0548143800043561,0.622517001411122
0.5499066575475025,0.333881050140189
0.20032528921063716,0.350975166654473
0.12742659328050399,0.249094448658326
0.38616187819597747,0.388460493530475
0.07770110023587609,0.590241435667173
0.10006363420893725,0.607768141015348
0.10282091794574769,0.661805992054048
0.40122523604750643,0.509368605901314
0.03297415324587703,0.125957933344732
0.352580460616674,0.385302055159054
0.13928240843027917,0.857087498764565
0.2780472638537291,0.685087891334026
0.10258912265475917,0.1597990235909
0.15354855155395677,0.549472836941751
0.3769103900635074,0.447696631378992
0.554978331263481,0.272184172748631
0.3266962430929722,0.216922732793012
0.7925193410136281,0.0660387322413307
0.05166572191301257,0.113298380375973
0.6785238788447129,0.0733913973989602
0.3626145405009152,0.102627989883657
0.08183858784198875,0.086407702225531
0.181709329848289,0.61872583942904
0.158472233347601,0.716460812511551
0.8369987340710981,0.0458740519323929
0.046259354142806255,0.756142712211564
0.42876159456115487,0.0435245501627759
0.4990331680515625,0.362840834686692
0.10543131997696623,0.566627171681848
0.38633318775698633,0.333801443016559
0.3058851258486939,0.457913890782098
0.40768510498644966,0.501921050382959
0.5832373152266165,0.305615122644194
0.4242963297795424,0.266402092628898
0.20707364914037135,0.0314221016040837
0.3008966190486641,0.0515786562633523
0.7332717726013116,0.260632022237924
0.6876084383169111,0.0435120417648198
0.41561053222099853,0.242164930856398
0.3976671917654915,0.580887256584807
0.09379563270914469,0.902775200754417
0.3490476744261511,0.641442015199646
0.08920064466084733,0.773844207885669
0.7130433465464426,0.0672145761558805
0.06291124431818752,0.234880559944328
0.7477271094345197,0.0952007299937635
0.508125070451781,0.22016146271919
0.22739983875558772,0.227772093922487
0.48011493811684924,0.222559684542669
0.4310185715891439,0.192694080065087
0.02669184503830318,0.32048870825391
0.02658922056158322,0.699278125054026
0.031360536224224286,0.525839869709704
0.11957102726184148,0.284585127274564
0.40091285125679527,0.176069190486929
0.5413506704556192,0.364369428549172
0.41963535672247115,0.451286230912226
0.13191320348320737,0.723959378945936
0.09330840159317107,0.788278641258582
0.19535982325943685,0.0687232075012377
0.6935243287487015,0.244870370501579
0.4807002574535881,0.493301848072646
0.3469511834693676,0.0767281149998063
0.03137475802919464,0.809260963062438
0.16414573623771012,0.464475746310616
0.503918832966583,0.404274210544378
0.2376782934312954,0.0686157188082324
0.04380792208143183,0.0493422807106814
0.7790991940420318,0.0342134927839328
0.2343613520756124,0.531891401789422
0.4792262423752109,0.281887973411805
0.10953745254160116,0.0696564351656195
0.5331528671386769,0.305070375714313
0.5306795420104087,0.0425761082290066
0.14699635285197196,0.565900746989133
0.31059331482144154,0.375313776154189
0.08350473403203827,0.285392862395206
0.03235228574877383,0.0735021633330141
0.7598124586910858,0.0441398538986854
0.6592660652376742,0.126055127117912
0.82081115908619,0.0788432678898299
0.4368678199805233,0.0475787497882063
0.2287060133086412,0.509046071154693
0.47517952586913226,0.0693669695765886
0.1287324284037795,0.689437518968413
0.006584516000714257,0.892587236416622
0.5927807817171831,0.0699546470260664
0.5374005492913494,0.280100313119228
0.39542318135862187,0.249966959164562
0.06176491207225072,0.259249343497357
0.39296555170413355,0.4476778176039
0.7645329522933336,0.146959244353489
0.4207258999083287,0.406545034048864
0.5599581096043078,0.0609633844871117
0.06317562823662992,0.101631424336196
0.4214966531795224,0.00422461391207351
0.37388571599044407,0.604281053955619
0.323328796222708,0.440271897033179
0.09494033425784525,0.314792452572717
0.049337612733897716,0.704771887031663
0.598672509518736,0.285881360777803
0.27209688185146724,0.618436406893393
0.0017479604434593656,0.792560607650058
0.11387595856528707,0.307638774112799
0.483705373656732,0.414043713189438
0.18100705564234068,0.306978582240147
0.7751137735063209,0.0837096285936856
0.15608610517496138,0.0370006448185453
0.23559826598460906,0.183600814057397
0.25970723105135385,0.527834619118338
0.43195740111566144,0.0866836752868034
0.5025043879398645,0.086898803130686
0.956507636445368,0.0109357889600007
0.7909117262386689,0.14671183393717
0.45101150764668935,0.0477255704824144
0.20962863895556627,0.439947710222498
0.041592827362525314,0.886785913217918
0.004058450866703854,0.891803012619597
0.12183721448306412,0.771566225558258
0.6653036746575807,0.0094772310831419
0.2947996596301064,0.486558525538007
0.400709913070621,0.254804757921697
0.05860032180172006,0.0694665166999028
0.6945701254967109,0.106976986840242
0.1409651580856365,0.0859494851913214
0.06108158285719933,0.223160522835247
0.831886308353511,0.0603679884008365
0.20802761764856384,0.3722502012297
0.04370684256429151,0.527075403329095
0.062340209341576865,0.587565550394543
0.3911534804486061,0.14970802852922
0.5146364906731782,0.0183612557276262
0.41358882874566544,0.386199421308209
0.3203574786031781,0.667774549650663
0.3282782567303529,0.475284442402133
0.30519407157015876,0.584180884001517
0.24003089227337818,0.668167329850893
0.6227415812447074,0.126251126346682
0.1825850712700969,0.22707165692244
0.010162613361605927,0.172299775524162
0.807658847762787,0.119306684648802
0.2461939583173117,0.407895157743453
0.45115778634960907,0.265893287395002
0.2861228617834732,0.213244895852796
0.03303617409729288,0.605089124560154
0.010768489899539902,0.557629499485093
0.11265543204709809,0.0347747767538928
0.06391291909661677,0.696419640708479
0.23671717960603983,0.568591548521773
0.8049985956283503,0.122176891870939
0.5145831526379604,0.163403909120361
0.06820821931034939,0.396802412871001
0.2628461362651868,0.601652517845848
0.4033814419202428,0.389630553893848
0.20108747317041845,0.663324714050839
0.18257997243308655,0.638556578566087
0.5469057265193366,0.102462374931954
0.08306369635763125,0.586632655833157
0.24420375523822882,0.284890218271889
0.31892427087003095,0.502782516825577
0.0274283634246304,0.639277110227156
0.5774039012290445,0.376267825541924
0.39809794025114,0.116650652503481
0.12501093684115755,0.397114525334582
0.41638835765151117,0.292438424004823
0.1694861617318043,0.498439826317597
0.039801202441315374,0.126019084050064
0.016214138040584525,0.63177627098749
0.06322601126171766,0.0868652573638639
0.1108633533076261,0.444227072792175
0.11695582288753155,0.446151675736489
0.1922309134832651,0.0514799298750478
0.15926301095094197,0.0564017676098563
0.3090144664419059,0.301395768765524
0.1316018776524479,0.407383035512871
0.3781601568839747,0.516541023960541
0.8447170742678834,0.131925695795481
0.40502458336404235,0.236549912387025
0.7847861659945446,0.0344249671239424
0.12527346529701838,0.0447358151616745
0.5016683862183573,0.356010039822578
0.04730820316821238,0.554084443424821
0.5687721300456663,0.204438123673431
0.10147696807405605,0.895327143452555
0.3174114966195613,0.391377909061393
0.462831534457898,0.17103992030265
0.419102692443473,0.232856064543683
0.20065458807753597,0.514273192298624
0.4972244222537413,0.266680267021284
0.43849374219741344,0.180699206610873
0.24676372262344928,0.363862141715368
0.4914514682642743,0.274163904308289
0.5862076882098175,0.261335269858057
0.21087701736289555,0.213953132033251
0.775195087101983,0.149664579618218
0.7219994279956676,0.0673938404883392
0.20498015740382142,0.029103478568649
0.1885969804728229,0.42467003733538
0.0416908916567887,0.420060154917387
0.22474842878979814,0.635861548220279
0.10337837732735612,0.446572135773544
0.4764635450920507,0.0545976436498785
0.3195198169417171,0.0885040227819261
0.038994245726783866,0.436042934809583
0.3355152037529664,0.490292642323327
0.2816267643378724,0.649535992715407
0.07517657109591822,0.909391616808212
0.034799075072868856,0.0582744407869362
0.30935025944633554,0.66259438484188
0.5529627998560437,0.0380209432607292
0.07181873686046418,0.532068593312291
0.4619325671268705,0.110665330538799
0.6733527274529251,0.0864738004376661
0.2750753132922948,0.000562546195975975
0.4824712526391741,0.0922391775446923
0.25205344733985074,0.0805154682690695
0.07122446805498983,0.662285543166917
0.06691535829442187,0.662806148705455
0.8685474795048266,0.00634072501683153
0.09822503954686196,0.156786049246039
0.14515300388827662,0.693642219110672
0.11862103713514974,0.201997651704203
0.7768276362614364,0.140333252761029
0.05429929853023961,0.803316890787489
0.062309772725879266,0.624845159312705
0.21222007310007618,0.638502606151687
0.6797703890461478,0.120925134332109
0.03334884229563675,0.532979485333853
0.008909881112981806,0.0923952941700765
0.8394780592856503,0.105880779667601
0.6017894028102155,0.181735567751664
0.2756270207185148,0.362163878368958
0.16777248855258478,0.384881814637559
0.5090884761904806,0.352295569823597
0.5793524838547569,0.389543569639391
0.019252055400927764,0.215431547800383
0.359210938609867,0.497376809904305
0.5340573360186197,0.299474082591134
0.23021452571648937,0.0752088603751569
0.11096956492051156,0.727075815466424
0.14806920655096226,0.217987643763866
0.13794618138097264,0.769923213207809
0.5744286439380017,0.325878088978728
0.5027645610194312,0.381635764488417
0.24127675017410566,0.140836584135877
0.6668699622937081,0.227350902122892
0.6030375256059394,0.151086512300908
0.4765132275089997,0.491465365634481
0.5223004316191808,0.220173956606409
0.11545059422850516,0.0592077532220223
0.25507997748947797,0.261960993744366
0.8427670840452628,0.0544850925571423
0.11014124121959666,0.48116929980807
0.10818473382071964,0.103229335740837
0.11816778164673007,0.683405264021312
0.2730423990504012,0.44529487525454
0.140858672523137,0.0284927847047376
0.19435882107330402,0.452563921367475
0.4651994845331126,0.206481381177197
0.013603754808176074,0.570404280032057
0.465549224406181,0.331046232214106
0.12789628753503837,0.4983165925886
0.2210304935201481,0.402611036984971
0.24930282222640143,0.220332761757363
0.23130006967878608,0.434130249580493
0.7919513285080089,0.162680852473517
0.2600071131880788,0.363974317403892
0.0221792945511515,0.940877453295751
0.06048751637777721,0.252061543922977
0.5657117435922481,0.394551195450005
0.5040080357055169,0.164734453969868
0.15243470028203687,0.310511359323116
0.44527416352397736,0.409287876974782
0.4899994413823187,0.384812900188888
0.44459649082222386,0.310080799905947
0.3725018319524711,0.137022931257432
0.27090393100227983,0.212167945248825
0.3841143323668259,0.555409465342933
0.17289924154178507,0.0643673872991627
0.690281548431671,0.16420877921106
0.5821106996040357,0.132405149692871
0.29113282173593913,0.586490513822683
0.14199889387573247,0.244329621783409
0.7102368325937299,0.103659826753003
0.8577852809696774,0.0941775413450365
0.08170223472804432,0.251138657216915
0.22658848008140228,0.434312112922397
0.2305985012970984,0.31531912318908
0.48832052078514665,0.311140926321547
0.2729881769091614,0.296175921489811
0.304571830409831,0.22526439162461
0.0565256925993137,0.225164589866377
0.44701057113636244,0.120772150536667
0.5549656093020008,0.237819502639374
0.20265637298990755,0.530452789957773
0.24628692319214127,0.00742553527440298
0.40367747866320003,0.53830053709727
0.04086380394766008,0.30597958502338
0.15729628549424654,0.544857380214059
0.45767436193503475,0.138641587184196
0.4036156918698792,0.256558747161258
0.5592076053199643,0.214647522233695
0.07833648934419259,0.144868293729854
0.1697209350031566,0.258864490672779
0.06349517367583477,0.130512942579805
0.22450285811261012,0.57506040111929
0.39481163417293225,0.135060375855696
0.31065045479574194,0.503486211146722
0.19141278972042924,0.562062902253393
0.14074040322626136,0.0813287463234533
0.03738263064164098,0.145882381122271
0.6356305278610307,0.108378057876138
0.526232804664109,0.136061370273356
0.06600232291877772,0.566646971685659
0.008061201785003127,0.503030463624508
0.24155355394910866,0.151181804657399
0.7629177223510475,0.162172577287933
0.040239587702345314,0.796728239994676
0.387153357172757,0.066950308697941
0.5231451436139025,0.234077136726095
0.4027125043363937,0.503384430265288
0.3011354618427825,0.525181891610899
0.9402456273619735,0.0502669560566877
0.5517158912073367,0.298375199995919
0.5027447267984686,0.243635071889415
0.08355882740902966,0.851722873896837
0.4024724487612612,0.0246024892006006
0.1994469723493129,0.491706058451975
0.5556493137968913,0.112041505354778
0.7118351753232219,0.199282821243941
0.38100913074864534,0.373655027653044
0.35046992934266014,0.261612007280436
0.3302452483566848,0.216504540961332
0.4165059071044001,0.0373758647494992
0.3204835087632457,0.101230868262349
0.3819103151178966,0.420643599480886
0.21040098828566475,0.448668862671533
0.2102271082241119,0.483609181792585
0.514355627088071,0.291027619176219
0.4669671776310904,0.524995780872719
0.32687724715243766,0.253024140915752
0.22632114296320302,0.625690585396659
0.896831349148144,0.0505834543739299
0.11500388677899524,0.431309361655995
0.4535695397842146,0.229527236772321
0.45057675923581186,0.523972692340202
0.23010814992538134,0.64539156592834
0.6281371983423624,0.276654046969223
0.19475178384250416,0.221119326360158
0.2170341858445782,0.416441043070493
0.08143358270120005,0.77368562273433
0.20023688683723076,0.735464035289162
0.20888797922857602,0.180532936818396
0.45832645961796625,0.132874106607686
0.4307906729842089,0.455638318405131
0.457753610868942,0.454860420420384
0.5696363257018219,0.0647546796423375
0.11208648976146134,0.841372125542241
0.3013760801410939,0.108067776254585
0.24010612415132143,0.558695252293679
0.5001609858978815,0.00145906192950346
0.8286432177153259,0.0177120751979702
0.5738561723821993,0.125529118976802
0.3848695686946927,0.1544320095286
0.21617629202068966,0.781167176816943
0.022641749967199455,0.587983589716249
0.04403714421047348,0.39295656716485
0.38874917262517233,0.201110648246685
0.30442987022347073,0.0193913150629911
0.029736157103830645,0.859408164748632
0.44282532734059477,0.394270310174697
0.04883248907701402,0.264004195905515
0.14282415005447457,0.461464891192608
0.39604116011229,0.493599865384749
0.25452886794710655,0.339559163556832
0.2159923334395197,0.390649590712774
0.29011122305259257,0.348261104899713
0.06264033762360097,0.671070011856709
0.6741114385758704,0.22078825090138
0.16465219820799026,0.108130969586092
0.17243353834651898,0.384241833880384
0.6067310198495559,0.0506982651251921
0.3494383308589935,0.494521075209255
0.2520678958092366,0.688378238963012
0.4309579987696311,0.0117803110222371
0.548925511786386,0.266054913844057
0.509035856871413,0.094458371952937
0.2011628716041803,0.190458937661373
0.39186684556230045,0.193543379774753
0.8079429159211797,0.0461412477482787
0.45307597421481083,0.44130610313819
0.06478026661151386,0.559991867574516
0.6532585224551936,0.166631191637254
0.1655402432786447,0.34812705280685
0.3598396991036162,0.254660738947302
0.10848883422757165,0.630804224668557
0.7682813016286909,0.0182911863335096
0.42272860566433595,0.249212571437502
0.22868055906926107,0.38148460839244
0.057892991225129385,0.471412247090567
0.747066583726492,0.131833523265033
0.5393015418258192,0.0460264536271044
0.14193597602303393,0.841105792753168
0.09110150760069696,0.817485018751227
0.28592988534021463,0.380822814792717
0.0882473449862129,0.227532634093421
0.0381291777191006,0.245192523502056
0.06655302887123277,0.206395333597794
0.050348809753404195,0.466335782261001
0.1599775977735356,0.251098992045874
0.28150010548610754,0.431352060484171
0.5459968994532077,0.406860719532709
0.08816394547508385,0.72510123181623
0.6520611458203225,0.228552055732339
0.4789630439756268,0.216150508357405
0.3218512841794704,0.323157228453181
0.29158248437689455,0.447065029635028
0.4456582786611816,0.101885656052463
0.07696764224971335,0.398624842745713
0.2076502478473233,0.601263423449809
0.04551984055331994,0.500841406124002
0.1954653954962123,0.651838589409664
0.495177263184919,0.126838555951818
0.7375326239037866,0.24494186128146
0.39009699871740555,0.0889312439702875
0.5732729648413503,0.26646958739164
0.14690703062909455,0.11605936467151
0.3652283833183885,0.264935122405146
0.012234576043110042,0.0915664146747844
0.31663467338372614,0.179956563069197
0.354576296450149,0.0176429875106725
0.024861848770020248,0.0338516329101447
0.44368886735467084,0.426214144238531
0.45463288462021295,0.0710518188448068
0.17724353735914553,0.304321634559876
0.484239123724428,0.225328050004409
0.12900321093591932,0.158543120482028
0.17792842547614926,0.393273308676792
0.4240411517128344,0.190272923927181
0.013139029447653515,0.14810085668727
0.8186834996126257,0.080097438967798
0.15118924224325522,0.14339614835282
0.010031563477302718,0.830524028866441
0.40791827959550986,0.490984458840355
0.49094955330209505,0.21115031055286
0.5333763693371414,0.0543307756464536
0.5013394354099999,0.0495369375784129
0.027205624842035852,0.0421680909698917
0.2673773061975581,0.214140137836089
0.12657218396292386,0.362373412429906
0.3081104143380973,0.365347471436096
0.2559257215011274,0.404061547709618
0.4801674483577024,0.0895670538212009
0.5676397198563532,0.326249588249662
0.43368964618760897,0.484329168644445
0.27680025904474465,0.200323009422896
0.30344422585833286,0.606894835882772
0.703159791968041,0.00385687296683196
0.2480071447765978,0.634875413748772
0.18147803352095412,0.0263420503218096
0.48484679648483353,0.410693717886793
0.5257582222342861,0.096348451708993
0.192536311903961,0.0343212807014635
0.5337728102665048,0.0661260441563354
0.06913314438390455,0.573950483281559
0.3056334860981332,0.690975494665338
0.22524910828350117,0.313202380636359
0.1085201921277756,0.606837109757743
0.256549562417987,0.502802272018817
0.47836109079662137,0.346442059010978
0.2683134150193413,0.239447480924075
0.2446725454455624,0.400976239705864
0.7372889823707571,0.0356658183094281
0.08442469713797365,0.554107693260206
0.5681075447471486,0.172069051319594
0.39575447841735434,0.268103387028192
0.4915405910130316,0.37844149885314
0.1779532824564081,0.201934976257139
0.3833756785530889,0.480006736158017
0.22188792573796567,0.0703431128190527
0.14722550559740588,0.203776922972372
0.860958321848844,0.0295324301435128
0.09500015600475437,0.314786585722612
0.1260814949743745,0.755006361086628
0.3653944632505854,0.598490287271709
0.7531016401359116,0.149336913769368
0.15895314873388286,0.455738540395964
0.32923692795483994,0.628432246016863
0.22879317641819255,0.355179017180028
0.39143171557140655,0.382380720222303
0.6643619438777718,0.181452724300669
0.42617394335232406,0.0885114834659035
0.24839092042841915,0.480792223790114
0.7499394692891106,0.230798299944697
0.03466461240335861,0.0643592530613
0.12258936333050818,0.25579216498172
0.6216513065636154,0.0188149960980471
0.7692284709135465,0.125597986402186
0.3314250082708996,0.410631975093054
0.5949105674847657,0.228943518845194
0.030878520038261106,0.379954535746382
0.9201237508819854,0.0295943180150241
0.6904510903907003,0.0580024194262532
0.4755464348993842,0.405183859289618
0.6660476017530584,0.0581647085851436
0.034370790301220124,0.416165215603887
0.7155166207820827,0.182016536988561
0.6026262665570021,0.301494382384817
0.12850540383487988,0.419597742503088
0.34672733769093317,0.389412581086693
0.14775004983514667,0.132572784327129
0.017545076110166705,0.809966097301504
0.0030997623871850894,0.851664841333041
0.6623705651371956,0.0369851188775874
0.07215580579294138,0.452655378505351
0.07024004492448108,0.190817001540337
0.6917270285817569,0.243391225793389
0.4057741778733525,0.190473856734079
0.12068400338302897,0.404458772127026
0.18053438889177534,0.0548422524231238
0.13898671156894055,0.597798817141317
0.4853510176115418,0.498313220909864
0.4439402265624139,0.385996206492585
0.5643631037269684,0.0885110507445153
0.13308150056560605,0.855767955607523
0.17713763752823633,0.340444336282056
0.0753762002279375,0.712634459036842
0.19917586522101083,0.127714706039455
0.42927139626306027,0.265989210502009
0.6413354724342316,0.114612464055099
0.20271898447805012,0.648058650488166
0.0036932683185308657,0.980954575532183
0.38350518807076184,0.421134616851154
0.13812211500645438,0.263780032112326
0.25647796355661934,0.538275338820831
0.39600731883213874,0.259245543097561
0.010308372168314713,0.521125925693055
0.17500551118653002,0.403135352004683
0.9124134488904118,0.0850428272721225
0.524768975282966,0.37562132065897
0.1866594244866507,0.174292162224223
0.5437525409349115,0.288774109874935
0.7158238833208668,0.267967922666374
0.7588154420952821,0.202435965699375
0.17961694202166395,0.759461596832404
0.24146685713450505,0.552047211218769
0.7019629938431797,0.0183786134021323
0.28034267225083076,0.409985457572852
0.4804349429482467,0.0739883479863827
0.5220684078614053,0.391669973519234
0.3079789758344719,0.167830247399966
0.30596196298147593,0.0481016715799289
0.44927880827239464,0.342228750432717
0.123893248986416,0.132652105556662
0.14476738210674917,0.212226733264664
0.12392443240112194,0.860456333882431
0.1618019732638816,0.230358352182843
0.165337457043353,0.0649913124060444
0.8313015965336101,0.0798428506350677
0.36362810774491927,0.0214802948814617
0.2686151103756132,0.40970253141556
0.16693652385461477,0.3416150090792
0.5629026223355734,0.324768211190477
0.07903736390187552,0.275749503848468
0.21328277883529173,0.568266600979738
0.2577881200390831,0.146666952473713
0.3169808784760353,0.664256698021337
0.5075900544170026,0.136955135905821
0.24777043081522004,0.0393183646208652
0.37502835829704934,0.0358374670646075
0.274586025291416,0.40730348637735
0.4774256284064276,0.370927428060941
0.3625265186574611,0.476026405803496
0.4112247599261713,0.226410899529377
0.5658636619148159,0.106155757111439
0.029608718348504117,0.53439384346916
0.1680583776764368,0.251508195513012
0.02317895300568936,0.355777845480646
0.2609127359669807,0.713953716349133
0.18233462488645683,0.606317902032348
0.6543169438089803,0.112156852225029
0.6485150018676947,0.171161053238736
0.2898842526986943,0.127868639443992
0.3676635540037923,0.077452179993075
0.2264713568907916,0.243969994789783
0.33862222090842514,0.159927787624123
0.10074581508692886,0.892108793233383
0.13724533887877519,0.404160482298942
0.6010834855800031,0.132901298978633
0.15939386086703294,0.332264066730874
0.02899441310901134,0.190545457216595
0.061550293326582815,0.106786625847091
0.5876816312998435,0.143291294905806
0.027027068759331523,0.489473799240526
0.6388068148056004,0.307428339044465
0.3723363822223011,0.254776258267608
0.11865632982047841,0.783015574332591
0.43518575129016107,0.459679816992948
0.629677900910294,0.136078291496787
0.328770615287771,0.612465823206092
0.8206416477312753,0.0333056520690107
0.8630901725940789,0.123878164573884
0.26125600755900136,0.57061328784231
0.15052753863411014,0.197720192372101
0.12872384077074372,0.850455626706295
0.21357597504634324,0.282439515053179
0.24587205341385393,0.120362675278832
0.5805128564311436,0.230124625730791
0.00028127098674849153,0.362242248338244
0.041610847929182716,0.228865678286907
0.6064404597998654,0.143477547838284
0.5685505592591464,0.0795442719751309
0.34986034649436953,0.478293394662464
0.4213844025168283,0.289380241559543
0.21153966193245916,0.0689015044902403
0.5529395793678483,0.368786587134827
0.07033886393493785,0.646211377687394
0.17523727743408846,0.0203768900996192
0.3248826795578557,0.296304679047501
0.5231834714715894,0.189737401205382
0.38011911493626305,0.523927461859951
0.6585250682429855,0.337974386998485
0.534492693690772,0.462132101623178
0.008323804050027455,0.683509232603099
0.0015026108616844702,0.843799499173
0.7023466938865995,0.041948781259231
0.08280605813211299,0.310052428919984
0.09685763544958616,0.036343771977769
0.008434056052977765,0.161207667258724
0.5062529613259991,0.159663401167111
0.6378906772164584,0.356415931601575
0.21939981361872665,0.313568869802757
0.287854437000368,0.222255654151784
0.257217010172984,0.358346282595316
0.45794689491794927,0.473931484784753
0.02961875537902338,0.622291187282467
0.18484074544480136,0.707126306986717
0.046976934120190036,0.915378678939537
0.09708795421669617,0.565403968346011
0.35282418229190576,0.01419450238415
0.6710349600445747,0.199839163964672
0.47007438636685844,0.224267725413736
0.07618137229483149,0.627472705642091
0.2594766019850592,0.656847174385052
0.05628870586685779,0.335755853078633
0.3044428081178432,0.0677073136464318
0.05274921763791858,0.101442491802376
0.1274701863583315,0.0495911189200503
0.15984341131330426,0.605760378473705
0.3297486173035822,0.303861350309148
0.11943155393428627,0.437215879773532
0.4687049058190528,0.422111786232064
0.019374356131737405,0.224426738759376
0.3716645684425639,0.0250576052511867
0.194926728380307,0.506299770593645
0.311130290540947,0.442619578040158
0.32915170248527303,0.313741989513089
0.26720222449276965,0.173990953277081
0.29652728781425197,0.0846185252199586
0.058950689159753225,0.177029806331985
0.35251616627605337,0.594394381321603
0.6407379733277161,0.0312798178686775
0.15829617172772395,0.12243948193371
0.4358384983744688,0.076406090100854
0.011115991679830269,0.91735443033148
0.34404861291251787,0.290417255355677
0.20677791895194664,0.217123981651389
0.5394314935570961,0.338819105681716
0.051210151612681006,0.5665417246905
0.34490946933341476,0.280316937309394
0.143826370139261,0.782336356628706
0.4964600403199568,0.397544843052555
0.5342417827590218,0.203470786859865
0.20393723358647445,0.47539292407698
0.8462955988072715,0.124797568068943
0.1206441534790644,0.0570245566787382
0.7101384200268309,0.191068168553127
0.0031911760229537435,0.495343066115168
0.4046247064472054,0.108887009368421
0.6260767098697926,0.127488753487178
0.657921046854175,0.23887181592704
0.3686054367464706,0.246508442306973
0.47060643824535436,0.381614837389045
0.1186036277999094,0.419416847059557
0.15745753106962412,0.147888786003391
0.5867431323778507,0.339467071087535
0.08369430502674449,0.890357712463765
0.17605705523817375,0.21963521669442
0.0018191059184768854,0.0453661868831475
0.02925998408457501,0.00766649453180864
0.2811531669594896,0.668970476658806
0.014752814290170967,0.662573768510725
0.8190405594584421,0.0805839279732367
0.10494739143834261,0.583384836601668
0.7813018517278019,0.206987926542975
0.44387412938110327,0.0735512774310396
0.2991904569520039,0.216100376076908
0.6831264551394779,0.0416237181209112
0.2440864363607617,0.0823222374788704
0.3386787877898082,0.198843810274555
0.004502752709897036,0.261595675364598
0.20364854815666966,0.667602012880483
0.3929282169245663,0.410753169136881
0.017790079355917324,0.473571178866555
0.24277796616266523,0.487848763572076
0.1218624405171997,0.185742977698988
0.2368193910154513,0.300414654777548
0.5545498062970949,0.0779102391688537
0.4136237833061824,0.383607435578828
0.006086639433511929,0.496233605109468
0.6291275113629281,0.00749444098960977
0.508814571705975,0.166459374582321
0.21626834824654037,0.758249060520312
0.14947365776397475,0.608234736654354
0.5252205971527258,0.469882622745438
0.5397274127549122,0.400999513007536
0.253626659086864,0.658594466840245
0.2820236474504947,0.678139692509212
0.5327768133590147,0.367308577323067
0.31570911030398274,0.161207674901954
0.5269990396653942,0.224429355269926
0.9556745010665949,0.0139249970358945
0.5992815151338974,0.225161340581953
0.7210146123150264,0.23128340043679
0.1501246490282419,0.683381071008761
0.3820277836410816,0.607894803061109
0.7151136290810228,0.14494403727916
0.5663467172867106,0.430874226844379
0.17854219835385074,0.47534763966498
0.16669635284676956,0.68346505379465
0.39371672573558186,0.354719977590966
0.6122578418521962,0.37250045553217
0.36788980685196027,0.443807843137361
0.8030645899471388,0.0343692142469091
0.34281383396577986,0.105246655596908
0.2689759655600082,0.355937568585708
0.6526211976742695,0.0951856298165233
0.5990383420619741,0.081040723615893
0.25745404931375526,0.111663125038561
0.2903148288283026,0.492216669939447
0.32576180189072823,0.224019660866718
0.19807057892674512,0.471153165321963
0.003940068946141319,0.799731623620204
0.5120284883112701,0.262116058216398
0.4958193271308466,0.420656520167349
0.14738532897262038,0.829223406914671
0.04257028105387355,0.734820704743077
0.05151674667421142,0.909689032430452
0.23194859382411046,0.0512551465749637
0.28290398861889027,0.583032453855897
0.05108782788997698,0.214267016516589
0.313222741687867,0.189150106311936
0.08621614713953428,0.287033190878704
0.5635294329743135,0.296625750036015
0.3469158520250044,0.577040009334692
0.2150570924951415,0.0112921570570534
0.43289049224473164,0.47260306628049
0.254595477404347,0.710892869366996
0.3335565932752211,0.0198113920674839
0.3270689838853337,0.465456748704006
0.25237052479015887,0.349958797771765
0.3525030108661127,0.00308832265913034
0.1999765732438567,0.73745953292845
0.24511220574555279,0.607668559744219
0.24491295221551662,0.00634488882922127
0.044625508421029705,0.125831994991376
0.33560095726162253,0.456731913552752
0.0631781652710002,0.89236401383821
0.16072510708557475,0.49847548052071
0.4343162640754725,0.325555550490289
0.33419430622248675,0.0896982152702749
0.37858837793182837,0.562427662769018
0.19213983841935117,0.126762891633951
0.2894767216745917,0.22046124154574
0.07524568754467124,0.33146777164503
0.5967491155838921,0.275953768344729
0.7324469368296475,0.248080480426817
0.4254860762598966,0.413247900359295
0.7362451546936526,0.203857890126114
0.130225664277109,0.0850234384481642
0.04821678065130534,0.517887952782216
0.5531111658700719,0.285029939474321
0.6133868648346416,0.264635586790331
0.4230986056412999,0.270790238080087
0.0907006450369886,0.50623382718191
0.12149984511283048,0.394684852683285
0.6207937487222087,0.021433862927603
0.04858644601634858,0.101371311597295
0.4553910123841276,0.276174021881332
0.3853548016500231,0.401555921772938
0.6766808313769119,0.172721268271781
0.7771308745245334,0.134229831949208
0.37865771122846553,0.20977810607998
0.07240256781934395,0.776014581314548
0.7915710374746536,0.0302637999641712
0.06936330217725035,0.397988805468535
0.42190385711901723,0.556790051248144
0.44106202799810934,0.162898129139934
0.24766115197672203,0.208402749767146
0.9267649452269366,0.0511106492125906
0.19215963051917742,0.568127487440547
0.3588977826080848,0.0143519802256796
0.36750147204926753,0.0463627043616076
0.12406397259657154,0.598225744242957
0.6453214093925281,0.201005419558238
0.2787764165379045,0.311931387301101
0.43240998239672074,0.353199798298859
0.04754521476401532,0.637991282514711
0.17204183913768764,0.228165317273375
0.12454683104774253,0.668693765351459
0.39152687356793914,0.180520187127448
0.03165759673065025,0.946603645365366
0.14101285276079925,0.409963174035875
0.45213488664156604,0.203055485689232
0.08708449318833811,0.55970881582439
0.10349851393008211,0.0921704142616523
0.6493503933146854,0.301656758626144
0.3654444679825769,0.434396107955425
0.5816544603466228,0.176181699819579
0.5928770267922339,0.385234414029261
0.35547196309910556,0.486825025911041
0.36441477645828846,0.288480692734035
0.4743428422275429,0.07842179347416
0.49753403383941797,0.0301478506726326
0.3065465617093734,0.353676207339866
0.5429431287481297,0.196377854290971
0.030014302694255417,0.285979966460872
0.31359053348993865,0.0641676960283851
0.005747909961766944,0.0541931869817702
0.3438170712443407,0.219965805659031
0.32607439324003484,0.458319546337695
0.735338867871004,0.143772237995199
0.4249672311591413,0.185342411931342
0.04274403674988532,0.847864365730877
0.47974567058788786,0.260692124599262
0.3588196129042509,0.125960385928155
0.9178481703647611,0.00455808212830983
0.11570772943365303,0.467269428874969
0.8034166786452172,0.0749843097944048
0.619929265496107,0.283990725901009
0.37571733222643383,0.304728729173038
0.08944682201722952,0.111493060082629
0.034815716748106774,0.101862781435801
0.7143763677256585,0.181358891248572
0.7291106845613466,0.142228692150479
0.2766978035519239,0.617322709615599
0.0929199890728916,0.329088156487047
0.169082567063159,0.404046370316608
0.25171809523262256,0.520458871843614
0.3339936302942026,0.416693308624538
0.6746564080834578,0.316582426497345
0.2223163564527533,0.772389131409542
0.8462088471559782,0.0247653916901968
0.34149227640159974,0.158621833542794
0.6105852007334372,0.0131572291044199
0.8968507570760398,0.0870088988382905
0.5734420819523729,0.296335270431025
0.08581759776462983,0.340250551318
0.005988192029006628,0.765447284616601
0.3904942161125269,0.131324334011682
0.36777824818648625,0.344673366652454
0.43892604976286687,0.0378142148617212
0.7103175440267954,0.23968448561047
0.36247287224527774,0.393995872377919
0.09667855460565987,0.82290873892374
0.027871235892701535,0.545155641995261
0.6235614605025126,0.297832261820386
0.8287787564732922,0.110331552332029
0.5703345624371056,0.0342273624195666
0.07507737218750787,0.640535513529541
0.29237175844706076,0.21576470977318
0.441690848095356,0.0509679882815768
0.03748621270995945,0.0263325430341436
0.9332689801964298,0.0567905790028489
0.2521619134500289,0.292988438504589
0.25150172588194497,0.560562058502583
0.5706738751364124,0.410657240483347
0.5521822092619548,0.310266247187234
0.4101786363510259,0.123496587060001
0.3897292094118403,0.607022730784333
0.4965578963535113,0.359961728875988
0.1506928640232788,0.306798085994309
0.04568198019954491,0.797311760921614
0.36012432139101885,0.478948243021835
0.12498677620177545,0.435571645451845
0.457959924554437,0.116379406632193
0.5689377667632172,0.121678872387349
0.7860863569825197,0.0368294940057425
0.0976696222274526,0.900367799754386
0.06411133911321713,0.618509256314709
0.5247629637558353,0.273247669582982
0.011141351640992064,0.0399864032302313
0.2743233736752336,0.111179187907379
0.04776851210487053,0.0690819909774676
0.19420786836672177,0.388945249569168
0.6527230058013406,0.200532766404945
0.3785363597154366,0.585671418997965
0.4543825262200954,0.222818148490204
0.053744424836628876,0.291047016908195
0.029632948262160536,0.2019487869935
0.5530168589550567,0.145051090247275
0.06521253109816573,0.117488939419229
0.03492850301082018,0.798654546334849
0.09014823930625931,0.101549050144661
0.6058794189010019,0.0407245258571219
0.5999827821903924,0.150750727767448
0.09974920403256848,0.300397569949986
0.14584197815491742,0.159516487143442
0.28801421387277565,0.598380467169761
0.10749114528139722,0.529078685998347
0.649097573707466,0.340055871533735
0.2531767992651223,0.350708740387089
0.12790620397159594,0.370423384552603
0.29990677426794266,0.600803231290926
0.27379715340531563,0.364865454334329
0.5598516140686635,0.138208963651371
0.12195382742609075,0.768880342397119
0.5964365478378592,0.396621335840278
0.47146868080157933,0.435989622311481
0.3424147256240008,0.565775688732978
0.8690151867415531,0.0363118970431152
0.5143787232056577,0.23582515169337
0.2532584301513401,0.497896531068792
0.011983399056588915,0.310791183897505
0.6903460270706216,0.266737021466143
0.04596738057833868,0.777570861566497
0.015153904470552615,0.441776189860981
0.07896903232066614,0.610685447380786
0.1864318766901893,0.0853873752103013
0.5744539693355915,0.329922933447025
0.7916357811468929,0.0689643658293054
0.6636235204389905,0.117017407620299
0.6374030088381739,0.0556943441178593
0.20865266765795792,0.0272568554638075
0.22593453020705975,0.581758336341312
0.130222930667618,0.102459372953347
0.5807952689127427,0.155053705426583
0.18697383995714953,0.779220931269987
0.6072093242063422,0.205338397165378
0.11855199239222257,0.162784606193617
0.09577493305035054,0.134476922112616
0.5254292755983409,0.18398557541827
0.26644493740072955,0.372579221719663
0.11580582258047378,0.0236663512767541
0.3616853069315466,0.0328162713013155
0.19054128137533877,0.23003455659139
0.4536210860451323,0.0469869695817076
0.4645133861183686,0.199955451187226
0.43733527462990085,0.126650894549462
0.40502534216942754,0.253743456808545
0.3676306052489238,0.305986699612014
0.09854115189957062,0.624267726893997
0.27553116726590676,0.107388702315514
0.3804115506068935,0.489007478605741
0.2856723835499374,0.15690544807253
0.13083479553508973,0.0515806387758138
0.07095152927079605,0.0318806930724808
0.29901650270007263,0.334560090678349
0.13214596986229873,0.783339532793586
0.0761133533013142,0.360817033628627
0.18494190029270008,0.327414025304518
0.6874570181548108,0.132452326794137
0.28443771362780557,0.00666505489964317
0.22508131751830826,0.286476342134642
0.17708862031519018,0.167149482063674
0.06502991400515586,0.567730841077704
0.5017284904058839,0.190758637152855
0.2056054417222892,0.703795583076171
0.3276607771499082,0.412590419462256
0.2455952118373203,0.590698949336268
0.021226259600756307,0.210524836741002
0.5108754196832233,0.244538317209247
0.11797313778516262,0.207810920812038
0.03783722794820778,0.0708855705511333
0.6401825501925975,0.0479710354858308
0.06767624544129108,0.758566895571161
0.19528388183532627,0.219624074573557
0.5765330080113058,0.312599075323329
0.2699050658490583,0.538768418742679
0.6711499926464914,0.102895290941344
0.6574467569442742,0.20751919270004
0.38122032909317743,0.238116292568409
0.2300574934238442,0.587835566531282
0.07099405831450141,0.265169290649446
0.8253768415416122,0.144756021316561
0.434586431408616,0.513079817241347
0.3476245699314645,0.435069402255172
0.668801848242468,0.198143493765057
0.4972784575004632,0.171517978249567
0.46437366998613416,0.411481617219998
0.40089240580774177,0.474791197166975
0.06426865519094666,0.151199378534455
0.19605130370014281,0.522427057748627
0.5883828000507767,0.129606096883855
0.028571845246942295,0.604490357314144
0.28555437919928417,0.219907582904737
0.24708411808767605,0.413771156144571
0.22538500238766768,0.155872301495679
0.01937623091242552,0.322032611790074
0.04319138313297103,0.566681395391207
0.3277773592057468,0.312814922401839
0.22186777045797476,0.775862478216352
0.20302098168578878,0.289688736399433
0.20785443279204535,0.250015273777433
0.6868783293598721,0.119864746891688
0.12879188644126732,0.742620516560435
0.4979237505154802,0.0165635914625024
0.8222879159823815,0.143334934445105
0.46997759859368754,0.43899674881173
0.6015754512584003,0.0943194244282802
0.28479550116528735,0.0905794031458988
0.7184725834892476,0.26729757555273
0.09638093554777459,0.455929753921746
0.486736826705837,0.188294440937086
0.7264880344514947,0.0994616765923075
0.32715641758520864,0.328419721432187
0.12954485035109764,0.769717167546705
0.40100155489819395,0.0243561705145113
0.593230396095378,0.365666304854011
0.34640880661457696,0.389633431387852
0.2593674691677148,0.314557107324207
0.030411218906163027,0.232783022313381
0.5798233294725813,0.417731369791388
0.4232136767799594,0.038336736734175
0.6822381526563903,0.298863775508262
0.5788180458028354,0.416695061695448
0.025758627071912007,0.920715157593809
0.15119331875775835,0.376821841536104
0.6126867543135814,0.16451516439126
0.33823037279639084,0.00648464730760842
0.1185893817776738,0.777690390743605
0.8774338961771804,0.0541300434390685
0.20455784852492845,0.606139920101905
0.21294434818441074,0.349259179442426
0.10821206096742376,0.253086055032387
0.3117434202186591,0.149970588147971
0.8683042221810789,0.0875150342485291
0.18287487351579965,0.460441821062582
0.8056268498236372,0.129433450487471
0.06799804330987146,0.256254693976923
0.39093442847351395,0.310166656115729
0.3440476261798815,0.526754382334609
0.519755855211862,0.315082136840474
0.2534386928225143,0.463219828368067
0.8490783573036055,0.0638185160432437
0.16271333916738906,0.761686138512724
0.5068676168038824,0.461709499576918
0.6087431005580708,0.049125641758635
0.7224083674855426,0.0608238821984897
0.4375381255422491,0.43491808789527
0.2384950034028174,0.593778421529294
0.045406594043856954,0.527601751960352
0.4438184138346918,0.377468249927375
0.5119698392069647,0.166463331993797
0.1796144433327814,0.683978140982663
0.18099312614629992,0.436773239367133
0.525563488295626,0.438525424228755
0.7560005109146873,0.215977407715985
0.14372631984597567,0.23578012733689
0.4901662222654477,0.00298783995748167
0.32779685946436615,0.421227926987451
0.5740820407222255,0.288112622711173
0.16342612005762938,0.307598542685586
0.6126201582180613,0.257291165314255
0.11281673025538252,0.472096192887426
0.41971871254632215,0.506984256748601
0.2895468589694498,0.586297561451491
0.13034745660957336,0.466689280280343
0.5602645034487215,0.320615245107457
0.38140909485242336,0.031162445024892
0.1558358988273959,0.798941437993326
0.28924418853390044,0.58442747897399
0.6923148388429629,0.26070237192643
0.21240815864196919,0.259748298663894
0.07057129021604236,0.606298981275599
0.9404325583753165,0.0449942462799259
0.6603175923422722,0.103738238448222
0.3139801239963368,0.489091147369287
0.009496294219383253,0.925251555617906
0.4738165505535587,0.0539499493391083
0.13608410032203477,0.520600236904766
0.5447106060168253,0.244972670459592
0.36106355075436225,0.415008391799808
0.07208449987772793,0.0982311483244934
0.25743429615797336,0.565602888580187
0.13141560458570062,0.691681696930833
0.3878924733662164,0.310813258927135
0.17473324498190873,0.0684886605245734
0.02828048999642568,0.949070625318209
0.07738763600500478,0.77193013183828
0.13493414746489607,0.244250173968961
0.126590750545996,0.104366043926001
0.18499824045241853,0.0104267519634667
0.3915406359846909,0.0758560556118357
0.4040267011044421,0.231347349173788
0.028851756427918464,0.378211843916646
0.40740213693688443,0.209826836638612
0.7495998979906031,0.0851680868547211
0.4301449230472364,0.273159717454238
0.19663406749421558,0.409867830269559
0.46721659317785125,0.362439319796516
0.24266824332403142,0.422997171510255
0.5124216512554604,0.404006755779178
0.12713029227597983,0.843467332422438
0.8836152989994706,0.0634246081168702
0.6101575103345153,0.335474592564521
0.5722612316398553,0.30798988989158
0.0479154459587053,0.211123317148454
0.676939375307467,0.275781768960002
0.19345330932087376,0.0515818682843355
0.4287060507397854,0.259468552189505
0.3485583966575389,0.101420700714408
0.7107290918127468,0.2644998142622
0.045039938958584075,0.446866950727626
0.28458802266919064,0.711412196602514
0.32135744329663823,0.0944219578572426
0.01769644374049402,0.784790781743731
0.34518598804747747,0.0743702513576966
0.09909237630123972,0.502320469362558
0.3982770883652393,0.164736671594298
0.22861578374866295,0.675430367765668
0.14684852582125357,0.807560672112373
0.053692200354478845,0.0366464738473216
0.26754907905641023,0.616605027751214
0.4966291459919813,0.492003315034086
0.20100947505563713,0.0610160103963859
0.3556136950267279,0.476194298857861
0.3530400870224288,0.0778189263383147
0.05646209435461598,0.284854839790554
0.0697207273329461,0.764428841234144
0.09274098980827178,0.21101373738214
0.039889896572561055,0.746283789112193
0.2760861755443154,0.4507506730183
0.10528750396839429,0.794473299285659
0.029683626908642177,0.792569609635986
0.3214882724737911,0.497475186871165
0.3996701158326144,0.504011628564209
0.5458996777015812,0.326095356128345
0.708566272613371,0.287275687886949
0.002984553583575597,0.260083326939603
0.07666511366442585,0.754467659610437
0.20672385945172286,0.504737768017416
0.6723648937110701,0.258660226215401
0.03770446184693707,0.113709719450948
0.014278459401956448,0.499040765697955
0.38964310523372125,0.116421904180925
0.31521615226607613,0.593836288005697
0.27481238538772446,0.323607168754075
0.18986282828785847,0.718712749636655
0.8770707865505395,0.0368482809732934
0.23637344713536865,0.0408075810285922
0.779511191747067,0.0975139424984462
0.9428549016198662,0.0453524371643615
0.5841587430857258,0.173027571330722
0.008630556853076737,0.622984342300497
0.45723990632716477,0.0727934979828199
0.5428309912509882,0.0874174628937429
0.40362497686471394,0.471513828140958
0.17192291449000058,0.156855051742085
0.14843524216639306,0.0141317006932563
0.055010913039140505,0.165343728561965
0.34938257031976694,0.114829208075873
0.20859504694991385,0.522511477514567
0.5188522563351267,0.313907933102651
0.36124363546402766,0.132118128232306
0.597395050310375,0.104664424227493
0.5048401669678951,0.231189232131166
0.18383636580117196,0.397253138536902
0.41128977542834994,0.0486808130751596
0.8128335358572241,0.0713174695075046
0.17405202913953893,0.232264555513847
0.46622524651360664,0.487124454904414
0.10903654893210539,0.641024974650202
0.030685085775135325,0.0996758074051107
0.25408692253444315,0.349313630342503
0.6787386101621548,0.0404697455804185
0.05537050487085912,0.571442727718949
0.16482873449119403,0.312648962091118
0.08101946399352035,0.584010588146105
0.0609399268349397,0.488523134133544
0.22104727318754086,0.282004720110511
0.5910341453652396,0.249640355573119
0.03188528124987642,0.237728627393918
0.8404460781855884,0.117381108407042
0.5378891675240577,0.180718532293886
0.3638073925653301,0.213122018720493
0.43908550125843593,0.153058194971908
0.12692342684352645,0.36986484315144
0.20428134970856265,0.678242202861257
0.19727430420259998,0.797028785397439
0.25891997540572764,0.56367259871334
0.37771709555639654,0.542934626082182
0.08015423466064853,0.0140089573014779
0.13455345294457144,0.842831349523301
0.20231427992733744,0.184772037567172
0.08632525510268038,0.600389096410873
0.4120326336078555,0.513840227877421
0.10560952992289258,0.350087051266019
0.5150667787177383,0.37155803516208
0.6275258181329448,0.166817242093309
0.0983105934986875,0.0730856189306824
0.52103639701495,0.437463291470806
0.16661629265554126,0.475149442256594
0.24196504328546545,0.637605492671668
0.43743599554207235,0.0644380726261995
0.6230568756554945,0.278581637178589
0.49724778171183137,0.20061623181455
0.7594544417249796,0.176640051224682
0.44642780581887975,0.149726084968529
0.04851524403089485,0.525334115986261
0.5827469259387401,0.251938198980283
0.11118610742107167,0.548452603168644
0.10181890651932252,0.00763808256486046
0.06298052667213058,0.879321228645973
0.2623910214443891,0.190039823667873
0.15373219292650137,0.681203534849752
0.07297760185172421,0.269867870605315
0.29501659367118677,0.107855833637241
0.5793506446210811,0.268252976265555
0.16731617806207852,0.133511729559291
0.10054361575525113,0.25364552249104
0.4940009661701008,0.175679257029682
0.7201626427312954,0.205275040775765
0.3838820225052361,0.165422607627307
0.26554930036653085,0.151260274356522
0.38321993359502066,0.111980457826057
0.19023841022676366,0.751567593000412
0.19397437719705843,0.217099803252839
0.6325883041094034,0.00410896538005566
0.18912055659308674,0.267079703708219
0.372104988574695,0.15126759091114
0.03737437400963117,0.250353979972693
0.8586152714194009,0.133654049955405
0.5111422747002148,0.468544355727595
0.0005481642888659504,0.269607943177877
0.04145409057492623,0.306139383942569
0.4514129436473842,0.182092188040926
0.16207644935747348,0.15897044512314
0.23040047364942456,0.528916563784578
0.116985225712616,0.43253607039417
0.47953812991946526,0.397740507909195
0.13989877416534527,0.440171830373987
0.4577201362054683,0.360268475860688
0.04821295134550872,0.805021489803867
0.3208785773229352,0.621117231249535
0.7247570332716541,0.240344761529645
0.7217759796420121,0.0231583640742981
0.37318749550796687,0.264134191327531
0.015935274612310382,0.800057507198121
0.12206024599700657,0.478427704161278
0.32868398331775944,0.581780045040613
0.37073999979899747,0.183731695468086
0.2729988400099236,0.056269064286249
0.8290597065478,0.167446273614382
0.042819854800262326,0.875211056362241
0.4554728996290737,0.265767090212257
0.493121787380603,0.152567707946738
0.03545523503755166,0.933678637340645
0.5086296016130588,0.382703779310007
0.19468023800888815,0.522849999804659
0.6024603167097367,0.231352842513695
0.1637136406606495,0.76646476145035
0.06972176299311114,0.173722646108212
0.39798616892368205,0.503165370799961
0.05645807404111731,0.572165204874593
0.3993734116706085,0.000826149122412773
0.5931113905090291,0.0972718639132208
0.05828056890299097,0.381981834829624
0.17125926732823543,0.259904986385515
0.40157669512856453,0.0735739017658899
0.16765895798335997,0.808063981695271
0.009865813643356822,0.966067983778945
0.4019981613670099,0.469171464587958
0.3719691839006701,0.135879633473726
0.043137790699342725,0.251041360127328
0.25100375758732746,0.430893821365002
0.6395729290058694,0.201908030480153
0.7919156172190309,0.199772046648805
0.8668015084537735,0.0711435261588073
0.475194005111943,0.48953579612063
0.5308979549236995,0.465550443653504
0.48763327622056746,0.145017367841573
0.31964600987864644,0.0542695536932405
0.6165601025917217,0.204518095639996
0.13488462302891333,0.05311816803784
0.04556393791782055,0.810794096207633
0.15866931248546934,0.605573696507009
0.0020551021176326264,0.182415339300869
0.3297446410138638,0.153185547858677
0.15434419567314372,0.578735713434159
0.05208111660721225,0.579285395321986
0.6432771062476234,0.05448054736966
0.24517592895516735,0.222927180039535
0.5437514126800038,0.24763943477297
0.37577433816554984,0.598637051599605
0.29240742505756356,0.696148835596245
0.49679609113592116,0.10031548297812
0.32704768125877737,0.279293055840866
0.22797975087357497,0.559880679134883
0.38030906410013865,0.464255003769178
0.5199890839987659,0.475405856190734
0.060001019664975695,0.391859817355931
0.017561017400483197,0.444374792682014
0.7157346727278836,0.0675974036817751
0.1520073003354345,0.567632615507943
0.08978385774129459,0.061402312284597
0.735170067286231,0.0274924646070255
0.6422402026215018,0.240583340860951
0.09478915989269389,0.0133003071759578
0.5555181251086615,0.168365916524326
0.33436763591315544,0.342199173795378
0.53845285960172,0.394731212546767
0.17796953165816579,0.318632042627741
0.49802773917862325,0.445676410909789
0.06467568809878169,0.318255602377356
0.14368133968747368,0.450010217064528
0.5353802189405658,0.0077186556885259
0.7124663057886893,0.0645262510238725
0.14366069157915987,0.304739362981449
0.4266758881596477,0.217341301873268
0.13389561406232198,0.139026381403775
0.006072886580297987,0.380730709339457
0.1832431226074755,0.714902252400354
0.07893767985713995,0.391644227286449
0.5833674619095379,0.227071761595051
0.11754601759690687,0.294778921337832
0.5070791675928303,0.0105130612612359
0.3630394205173505,0.262609819681936
0.04388265884132471,0.0579825594997191
0.17727252294223209,0.675521103199578
0.3628903290349112,0.029858854638814
0.5505918894500559,0.326216947231275
0.2486490370865555,0.436207570962361
0.2402904907733457,0.0619771282490999
0.15531162159358353,0.629774398163886
0.4966878196500861,0.147387987008313
0.06497791621716235,0.539792271293985
0.6203840191506282,0.246349587030473
0.249968394134273,0.730524381988601
0.10801078222259061,0.35395030179975
0.5713168290483662,0.169697552012314
0.7957714503813751,0.0477565232405913
0.5289764104562524,0.0470053861946128
0.39106965837061775,0.0464031818661133
0.6135916843238786,0.0516470853506113
0.11936749091434415,0.366831514542034
0.10584831479674077,0.102468895762447
0.5299162621784295,0.17956517879807
0.2794101528188483,0.210226090013958
0.6581422279983224,0.162263973734408
0.12126389398171332,0.285429554229845
0.35608851139449277,0.242515763323076
0.22968970324884544,0.105120660961522
0.05758876408240038,0.849353652329532
0.06583836599397812,0.146309849493069
0.18514718643410227,0.432720767928235
0.20315805891612404,0.257208705451263
0.5631910113705801,0.293929344881979
0.07557873040142499,0.577130426251935
0.5702312231189373,0.422246968875986
0.46079697349036347,0.375117211579295
0.049723439637634696,0.659295916802101
0.6622323436731136,0.137036388132656
0.15641682104605548,0.565479149587239
0.4878178560163332,0.249615562064515
0.284949995331431,0.617780567205789
0.3146065690798017,0.61415974616904
0.04653880627241537,0.392804880847299
0.05195650475529285,0.124584159575446
0.06322119766016786,0.619199305918086
0.1531137986970549,0.0809780971612395
0.31425913702155744,0.229067298725458
0.2366801835730704,0.396701125466251
0.38946205888581104,0.190230050355589
0.4438997054151442,0.326240296125912
0.1884750065273779,0.0969788762381113
0.02746022994931948,0.0607827405593266
0.1259408809078181,0.647005199569869
0.7002968065549674,0.278607485745348
0.4743833803954509,0.492964780775025
0.048945877509861103,0.269508495023813
0.3473224241495293,0.108238452700274
0.02500852453975638,0.569141608806729
0.03833628056324377,0.888812513300567
0.8692954620175227,0.126709681440093
0.5032500219058761,0.460552976329347
0.2126089736157898,0.180455297500631
0.29211120053083217,0.0337979835240755
0.7046424367761364,0.246733100944857
0.8017287739595211,0.0042901724896234
0.3911741896009677,0.519960889515726
0.16933394195433868,0.136120473911421
0.7211813940466227,0.0808286601932117
0.23415205282149915,0.128835109197261
0.7634810346304023,0.0608654960809037
0.37332193186413387,0.0534211307234526
0.09547486800826747,0.608315834286728
0.11041814904497659,0.277709945012714
0.5325683849330359,0.242049520237467
0.8443127697652478,0.153907072383409
0.47882491726432036,0.360158228071711
0.2658829786626666,0.474098732934344
0.01460854834317046,0.283810176977534
0.2631205426380664,0.386642898075346
0.17888596917212768,0.142390581589431
0.20560400936436618,0.299478933601493
0.4495908535956715,0.286014576507358
0.2795532633615164,0.227057402865543
0.18282492752221008,0.468981863095463
0.10202073564578322,0.0707134973819203
0.7844003101619966,0.0759498638581645
0.41552605520047453,0.49425181495964
0.44984285528614715,0.20757512042732
0.6253021597214797,0.331020254893586
0.029422902220419718,0.346954016179149
0.4878961502620054,0.298655033427651
0.841471044007138,0.0855643918373355
0.5774682078852934,0.343385743387497
0.054542854203549096,0.582823905164311
0.22964322126144868,0.358061203053773
0.5240299206567443,0.010470854569799
0.48795470222337634,0.197182671448621
0.076246599282069,0.489587990187219
0.6682846978350752,0.160196766428585
0.11268200681135604,0.178526428494378
0.5644326575926787,0.170511751321562
0.6800947700030948,0.042465529492908
0.6061115343385637,0.164924149673804
0.2980701086803744,0.508445180596436
0.4823866695199757,0.223046992556447
0.23444602890795077,0.0163636392267702
0.06699993575952423,0.387182557451465
0.06409855873859972,0.35935324684732
0.3254797796735105,0.299242817345948
0.43384391105158254,0.288984211024981
0.6430244771996887,0.0297430912742225
0.31643796757980724,0.562603927462821
0.04182440927652106,0.435314795492923
0.2969022287126952,0.420757523218374
0.2824330465653442,0.697709765558025
0.27488066824723023,0.111672059841179
0.2563285902332284,0.0355573390372887
0.3686295189968731,0.13944832576318
0.42053011959337955,0.105933296411879
0.16299908269136731,0.0129806273808815
0.3774822293202804,0.0941590827010082
0.7660947807486166,0.151963121844744
0.2240235138845366,0.513534295461193
0.28932618617333206,0.0215899901834302
0.2863425023099035,0.0181727400760859
0.47679241629014446,0.47252381441486
0.5554421512565323,0.424411981640159
0.19164771449181206,0.365785930894473
0.382487361273227,0.496351021016836
0.26043746755667657,0.316187256216067
0.12388576530111223,0.847793239275607
0.7964090583460568,0.0416073279649588
0.713091816986846,0.152347630767831
0.07150696365598735,0.486002134479299
0.2664171112262031,0.305365706094674
0.01884059031980425,0.727549856957933
0.11509184208858612,0.384435927603771
0.06862969103995109,0.363444267237722
0.2522533199976019,0.41211160202819
0.11486503979248983,0.0955174427230621
0.2835773578557109,0.282949698002955
0.3854613056934318,0.430091562688572
0.5928163003990047,0.23423530857099
0.22282206976485505,0.377101038570965
0.24240186599032337,0.126737844653184
0.8627611443142892,0.0545158227701283
0.6210062693689995,0.356078758772412
0.8273513173931478,0.0700167234260659
0.2936012712417912,0.475086603032861
0.7837557925530102,0.0575689341846053
0.3693969427206801,0.402068666617003
0.18774103827551958,0.639014760855332
0.23716500330167012,0.288788837004315
0.08463526214210952,0.832970478541509
0.26136624057149177,0.602527095389959
0.5722273660256569,0.202211439175572
0.24661263491208427,0.349998501560285
0.6103711641423328,0.118108790639693
0.6326371084816146,0.00255648723155594
0.2136847734213787,0.148024775827911
0.49380217065289966,0.0112987866775412
0.20835721814105052,0.148803217907809
0.15362284594884268,0.805452258656971
0.5195813637861663,0.413662284594694
0.13697516631120138,0.525574384290922
0.4122453577324349,0.146500357484145
0.21649827018836715,0.250773921472135
0.00542312222101479,0.844904510360273
0.6333197751245745,0.00125829390845594
0.6132635514448915,0.0209420168001019
0.840411048629127,0.00637618775630749
0.27294462270679043,0.0736765162325052
0.3307643428584808,0.0256891436698315
0.38115357332019273,0.328385226200116
0.1188127800409166,0.770083275563018
0.17564572980789495,0.713423485841945
0.3522757118428823,0.194866270337522
0.4992017920036666,0.157219316697837
0.020553226464446954,0.612602901298631
0.10785225050568241,0.485708609444519
0.3251267650927568,0.630982979741046
0.2960695955347437,0.230349697006403
0.6208184415243336,0.100884230104423
0.05678334063712001,0.25639071841348
0.34751615204759284,0.276021039994945
0.4865045348552951,0.383634635930123
0.29724550277540973,0.177648961039642
0.09748727474646159,0.190893468046386
0.332148479700817,0.269041704192286
0.10184472785130663,0.508296554118236
0.6512912454021851,0.0555613897855562
0.636732032788496,0.286941517142602
0.3250001340350907,0.379659170142657
0.14464520798357683,0.545456917812863
0.5056883063947732,0.146343386531734
0.29638453661517666,0.210407982025483
0.8660839696229247,0.0361497006385352
0.7033338104753624,0.190784387763901
0.0056900383197857,0.432475011889515
0.7980847904501127,0.123611945759863
0.029100314681353438,0.244753434552632
0.1803783378568421,0.802992078077268
0.15406609258868678,0.831743264291088
0.08671802396154402,0.909686947684196
0.5795852324338068,0.144689903915214
0.7472072589944997,0.157929595897909
0.13357275821782855,0.0026189102702309
0.7412668332016362,0.0141713190902091
0.2777608495538967,0.450466845237842
0.17487796160858976,0.581624416043162
0.39000266107485704,0.598839228233919
0.07713970802120075,0.348566105446949
0.41800253787355723,0.403354116708662
0.6738836862686112,0.0783822454226056
0.523475161994183,0.264211251249119
0.26784779714554907,0.335506220837863
0.006234426079378838,0.870247622430117
0.0555448404441884,0.52380204781267
0.6646034727930428,0.157544547368139
0.8910126258809631,0.0309676618884688
0.4012834317344464,0.182096130730859
0.05206972266930171,0.776584094312546
0.34323966540098594,0.380462958061062
0.338920675323217,0.368860694096755
0.7956017669730219,0.163789959267028
0.39305169240210025,0.563925695649641
0.14141924927728164,0.562984202432474
0.8109694064554615,0.1053586552275
0.5162886081352881,0.0758686120224202
0.4289841296603542,0.149616548582673
0.13497714209838726,0.374221201075082
0.17583535465019176,0.103998108258606
0.13255717261004565,0.391919930570159
0.04809161614042814,0.141852863748117
0.2950100862862893,0.196251080114202
0.6369197312407154,0.214534932307693
0.34997543578922374,0.211113302137849
0.13383989453623743,0.0304329201750949
0.9011286426430282,0.0299457913749488
0.1216263414919076,0.490417365276537
0.17939005735639493,0.7823338417077
0.1507658364923875,0.34690338545825
0.16806314882282042,0.0390584951059584
0.45529310893445263,0.015250155150638
0.260074608095765,0.035494541695421
0.7549594733815818,0.145483678672137
0.030237443085473204,0.183981049077382
0.30322718913873203,0.176836325483045
0.17737627728373762,0.272169032178841
0.652049108111283,0.00143477835252118
0.023442655425483298,0.604327748936432
0.449655638299608,0.476147646351417
0.08417774210937211,0.671054893399946
0.6704617294257637,0.214162248036373
0.0801906213534695,0.822979619087991
0.5624950797554147,0.13695687364736
0.36619899139742684,0.568601747431946
0.24370296594857022,0.268518484522486
0.10614379403811351,0.343505615590333
0.1404871079909391,0.513054169188649
0.6553863138495963,0.273166874547873
0.017611111704832285,0.750530872810164
0.37611430328144335,0.210348262240341
0.005162466079677192,0.172894611531496
0.5494205541861563,0.17711736762344
0.20420175742886318,0.0876825350465422
0.0630963517395334,0.282952960873572
0.13799095968836902,0.493773885557379
0.15762342314630767,0.275508480967092
0.4851372450298033,0.236608755098484
0.24420415729878348,0.738665077586367
0.6485365692882474,0.0589580748808157
0.06544710099262349,0.924103936597274
0.574435837355768,0.32146848589356
0.007067398978491679,0.166029311754587
0.36282161502860527,0.311766187964669
0.3403425948995438,0.324012324388637
0.08675269077087634,0.0163494093996468
0.15166200866889706,0.309929510044394
0.7228657748619846,0.100780621571772
0.42527572196472435,0.266973408188
0.7626936032307161,0.168365648657752
0.8030049208803061,0.0113784469955412
0.7246834467895609,0.249084049577837
0.7490955769432507,0.0409518481520779
0.6212548912817483,0.321484458953165
0.023913209704297014,0.974343025211076
0.6174127290791909,0.368344724444482
0.02439285462800537,0.0468733601700544
0.5875621814036699,0.203003764449538
0.8206450242963478,0.0922651750655042
0.2947331059613577,0.478646890437527
0.16174510398422057,0.817741875281673
0.24403057943943726,0.677753651206991
0.31799045011293803,0.176807659890294
0.5001747550631208,0.0941480407985229
0.13496282989558148,0.691243762011061
0.33255733574014723,0.598238994789142
0.021730512227203208,0.966395084062556
0.039205341170490036,0.240769801912117
0.9317439904917612,0.0666098297099284
0.8335490416320566,0.119638047014039
0.17454291755740836,0.00582524433775085
0.4172938300289521,0.171425244434926
0.5924212793714861,0.126053005898698
0.4942936368417978,0.446438187960774
0.3321077885169758,0.188368194485774
0.6224450480007193,0.102997374044257
0.130920711115179,0.566230288011954
0.3165814607725642,0.055014038837525
0.3198496744043221,0.611854894390211
0.25306557265138707,0.351194056282709
0.24406910923439978,0.481153990441796
0.1039594125867431,0.0985712802812507
0.5294680497130729,0.323720573566007
0.19836287094297655,0.313302825382832
0.44351291651555813,0.138366942094796
0.4696189083292883,0.0611587468791005
0.11695941790815614,0.741582495032371
0.15144776500063956,0.486691625249222
0.39673786093551744,0.269309975287185
0.7082165078928373,0.177138953753967
0.3099667833215568,0.296883524998949
0.47319574850278834,0.239397831318961
0.6762043433045758,0.204683943114918
0.2622350080731449,0.442501010571933
0.07144935177964015,0.536775362283409
0.49272496649460396,0.176137782777566
0.30681101792463905,0.191505583980722
0.08248439233774009,0.1667629152937
0.30793139759924304,0.683669713344068
0.5947260436840534,0.0502969612808259
0.06414928372470777,0.26069343562164
0.4337337731676526,0.454011751841498
0.5439901167693622,0.0593453547082565
0.23220417950057962,0.649001378706918
0.11287454681473763,0.0314223055388276
0.6746740430499735,0.318165320080096
0.12573030150686862,0.318504327927144
0.09295343236060066,0.243462567768535
0.053858605692588324,0.909930196203277
0.4771621170120621,0.126606899677408
0.6554671710151243,0.133511306575646
0.3795401661283426,0.515680542038206
0.3673476562758536,0.617467482066668
0.6981438729738201,0.113044846399931
0.558125763232657,0.155298824207112
0.06560162485867956,0.0225941675390928
0.03603009973377062,0.673012966722066
0.2268578700505164,0.461364008016794
0.3545618768293185,0.212059690097307
0.42454734348028705,0.339043483104795
0.8518748406292737,0.0304155790365801
0.4279466718743548,0.389506482439406
0.5134705993588208,0.426398055391729
0.05762158602637188,0.098723513557799
0.06896481783665423,0.673913328967281
0.18360255040965867,0.268734977219677
0.5299026061849187,0.251819328204732
0.11322923676974361,0.352746636145675
0.2877496968879065,0.142297940892995
0.12694534936349575,0.621730997768945
0.6000173853538198,0.375718604698002
0.2766457808900555,0.2556385165645
0.25949977888406844,0.382539260794478
0.07059256705843946,0.451871906195328
0.04470898252591128,0.437562329742748
0.25176040185415877,0.610131624008253
0.2344680735574762,0.618720488983768
0.521611590960786,0.158902941137884
0.37883880398547237,0.493872750605787
0.399408812289863,0.371229398566128
0.6336978981980183,0.107696822977539
0.39624975832041176,0.356397787463197
0.21241510536807737,0.34071723607224
0.6970500800287289,0.294291468584698
0.39353688616830024,0.506670674029754
0.0038869637428615975,0.375813878397199
0.4671760975057411,0.148335620931175
0.25992241497279056,0.708964945019196
0.6208849506572807,0.00249371101838752
0.9657886834387057,0.0133623806690272
0.05441383469010302,0.318554257259439
0.5204716080308897,0.285708557021411
0.6760913392156447,0.0723636941035087
0.25435658820701773,0.201481919156445
0.06371591186852146,0.926863950430314
0.6194980842812425,0.0818861273331727
0.029415749175608748,0.542232684945458
0.39417835754945935,0.180018803504188
0.3780562824818318,0.19251517063603
0.3034735077959777,0.512666554846294
0.0015090389021411787,0.707303834652672
0.07652842092244548,0.5042677140566
0.2259428490747356,0.639280187154079
0.3213040720853534,0.454359751761984
0.07336601120552448,0.609929053788692
0.4765265491142101,0.119402695695224
0.24310666322600089,0.00478797202831115
0.06639893191323275,0.599241221318191
0.14222182961003466,0.0829651481277423
0.9302723990258597,0.0551266797993976
0.05908565979549254,0.524293653643496
0.04656396901391693,0.891052196628116
0.09521758056135253,0.417726171942875
0.35689401358059863,0.393209063089312
0.7198790599493944,0.122864977767594
0.2321875743979241,0.599581135176025
0.0300224448329607,0.710225684568318
0.06926410219257187,0.825386900902134
0.02638309759310762,0.181505727476992
0.4335380646121531,0.0834447789537299
0.7346400219960655,0.223641613564261
0.1026730792356199,0.671018056645532
0.18219653271214,0.242291779731283
0.8090690743233729,0.0863488128435704
0.38177109249668406,0.0583886164595908
0.49806562414122063,0.194130058527501
0.11928850913232808,0.0810823778918856
0.37861228660224855,0.564491516363638
0.10786353754044828,0.428327390974902
0.513677563143339,0.017844998570346
0.06721656417701215,0.465154092101154
0.38008255164175825,0.514260738500746
0.1861820762117652,0.738963184701959
0.3282018206421922,0.315088295739219
0.12656678185440226,0.25493784790183
0.03659499385055345,0.63935087964564
0.04555987450017479,0.747571058205744
0.498370532348975,0.0620627482823787
0.5927249213488321,0.272333644746566
0.0019132188195062625,0.696247388303181
0.04902948783582468,0.22667928815222
0.2627410694843327,0.0394336625068471
0.32851700767864606,0.571590164612736
0.5276679207138164,0.230190648237732
0.42033744229143133,0.37316355589434
0.7290734258004538,0.108102119920876
0.3042596701149733,0.383548697521313
0.20125555142355583,0.179900881064625
0.13809178720363627,0.382878108367599
0.6057826432430166,0.279723600236599
0.026143732222656035,0.731178558391198
0.28431070789083035,0.59592506331217
0.06997613531129318,0.640252174361174
0.15926182129454158,0.277042376363419
0.23578551556534177,0.754427195240902
0.25478239286038507,0.587041984561222
0.7647257784072382,0.168285633863723
0.09111179568044232,0.254601937093048
0.09831204464516945,0.571742664479303
0.027914186421911628,0.0756425581901515
0.6335217761905698,0.271417499576271
0.597974667292673,0.144857316524222
0.5424356987379005,0.416952505953793
0.36125421900159366,0.308880692663603
0.14635883583756162,0.182944554560336
0.5748636717372945,0.202507835413674
0.6717833608276658,0.208120432523055
0.08684099091489653,0.152335261688636
0.2228498739608637,0.0669124816746136
0.49878548544239704,0.348253150362931
0.01712154941360074,0.595897944876682
0.03900278166598333,0.864668288102166
0.786062354918083,0.0609178518804937
0.30397255518352395,0.605991544560088
0.6088565821390364,0.308169528192816
0.006674445425697531,0.988548819378677
0.22820102433853187,0.195976536429463
0.470399176595216,0.181811394594706
0.31301742335202,0.449194298234127
0.6504378841516141,0.338598594405645
0.5078250600867342,0.397206648717005
0.024545300435358908,0.905568955101931
0.8125884460603472,0.156581767023376
0.14910325471133593,0.111671014127334
0.012703515082969354,0.24660929579468
0.24583361138171592,0.122858670839045
0.39239726907884714,0.194736246196326
0.5784178312713946,0.101164561663259
0.1350232474810152,0.155883667497046
0.07156646236207874,0.640136044680157
0.4803391942971854,0.172962002512108
0.27148821221177505,0.28160190991645
0.22009794711474004,0.343759189432242
0.676966209689559,0.15119240265363
0.5024131893048068,0.0926508115603714
0.5629245017431481,0.0440309510946005
0.7702252313589598,0.19608263275436
0.3111027904820682,0.573451193169784
0.4462858669505707,0.151145667013799
0.40194539985867217,0.448042499632733
0.03925180350492068,0.30809192465663
0.5019496941567652,0.0100466418089183
0.7674756770879904,0.011762924744706
0.5344834746799585,0.28201377851241
0.44293307853585057,0.289901812923236
0.12536722275795453,0.741654060469203
0.1974617764071829,0.0858291336864834
0.09703262165122856,0.555489987092807
0.14059518694467452,0.193973080102282
0.2949768733782645,0.139935857267463
0.13214464234273846,0.144083108344752
0.07512224855733265,0.491390530929882
0.19748489931488658,0.653219490446576
0.09883507550939116,0.476910373051488
0.7858322803221058,0.0360781716506748
0.3965884578641916,0.31346844990351
0.26842647542661463,0.655961771151964
0.11107417149235298,0.561278146116167
0.4906371242056596,0.27028937174773
0.45955003589591165,0.119800553529703
0.44412230963448845,0.0820934124900332
0.27535755348184293,0.595294724363911
0.401597985538413,0.430701967660166
0.020829105450271775,0.260022459374796
0.17523774761943847,0.373641223254312
0.048725969181957526,0.660431490634307
0.08345670122175987,0.509601808694654
0.20488355989945334,0.192509354416763
0.37065821393176096,0.0630411867070343
0.5235744857437897,0.070006702401329
0.23931596012693698,0.207301626194905
0.7173596067208753,0.172017441135756
0.4323820250633401,0.137278474980289
0.2618442415125615,0.698748670533676
0.003845493417434991,0.242006734119223
0.3306699812810422,0.367029512181279
0.08873974658529932,0.501859696398379
0.02988829976442561,0.00748626374883033
0.5725629136434262,0.364075405787708
0.12464477284672,0.676292939417529
0.35516309403710433,0.437084381089642
0.23048586170021326,0.227921388760177
0.15853850154128657,0.158865744011317
0.02912367737986744,0.518204521537901
0.8321178174879222,0.156659150367247
0.3342915606681118,0.0674192144762745
0.09249617053482032,0.476128803193277
0.33504294377259497,0.645524812849069
0.10584249404156103,0.518165670292174
0.6313561460646774,0.123372904581337
0.15278106047505619,0.51416995855872
0.7658117339528349,0.189735043312731
0.625431353017627,0.287366661738843
0.17808715361780805,0.046938093114468
0.03731191120826712,0.687594619463005
0.16703375257867523,0.712619921134935
0.04352929970864411,0.466135859010267
0.6048187807845798,0.350498147058767
0.026292349852426868,0.605657034149894
0.056724048239817006,0.603671712570828
0.1826463952158664,0.769902091955818
0.529871091567759,0.129485067852745
0.46692175362907135,0.116639815042994
0.8363645188559804,0.114840412745595
0.4420464481267559,0.220709009553045
0.5214509279621413,0.219362315750598
0.15250171860862446,0.74359754399451
0.09534227800523669,0.833520998693285
0.2041750077524049,0.551092446276516
0.027909838149711888,0.303991544078646
0.3890540750625235,0.591495526323052
0.372133364953875,0.0632525751894258
0.3250906831356039,0.0671289434088145
0.1555100959858596,0.0192145520951559
0.23822825572882553,0.548715086239586
0.7551299956392356,0.0311719057682587
0.04470724822142519,0.558606198675071
0.4083226506293502,0.27237634083074
0.2030204658247325,0.417934526798785
0.30518306308442433,0.0138485792248134
0.7341006389408897,0.02531632276546
0.253143025479477,0.13355246687697
0.09868733915854692,0.214958868371365
0.280822213941471,0.0390856069125913
0.17240014474023718,0.769518832547038
0.10604168901900074,0.739691988127341
0.3694212845829657,0.566922334670769
0.16755064289326815,0.52282142157024
0.02472382724285291,0.0754143866531124
0.2104086640306529,0.65997804459543
0.4239942101845862,0.47034439784675
0.6432490528239377,0.235817459760132
0.46999414635711667,0.326548713782344
0.3412294558595001,0.458640356938545
0.3694830228112301,0.315911656600264
0.12472581368357531,0.805414609353365
0.23556093317183882,0.570843868138296
0.09998802007776954,0.0430649557530444
0.41865663626967786,0.189924413046048
0.42822088924260004,0.440299388604773
0.519080755663013,0.013514114748904
0.3785863964486864,0.0490195784495287
0.5336204646843477,0.366836533049076
0.18321353913987598,0.2385468585471
0.5042526355103909,0.363756498307899
0.044506857585887426,0.385935040707768
0.1700589091582865,0.721588762471469
0.07286185984637306,0.364978196994393
0.01581710206335904,0.725317601153804
0.15514437930983915,0.703688398137824
0.4589632555253524,0.134570044580029
0.4178151365909703,0.304032768302054
0.1643090603475251,0.119669028537258
0.07093886826710694,0.213446353821739
0.6915908121100751,0.156887151067367
0.4786846902755725,0.519643972148819
0.6744335032240419,0.0729551592217068
0.6430512251172938,0.168504402913477
0.44626195135356,0.43818031831854
0.15304153737021045,0.490855514249449
0.32293413507807706,0.57810228816913
0.671269317439988,0.236037704327555
0.24118030360111534,0.172721742561018
0.08367292886283191,0.359209089987607
0.1683082046573851,0.403885962645699
0.05006668307905487,0.406188853909382
0.5734800055229159,0.387685976661511
0.5720702263853252,0.0132714589773077
0.23280336779219948,0.422092102311766
0.029554851021774273,0.941414528866042
0.44120117205618176,0.0459856774799025
0.3585435555503459,0.152156793541619
0.8520409994266843,0.0350023849445542
0.6957409758465435,0.146500124246747
0.1113546743027005,0.684447401506931
0.13224167682205584,0.119011660595434
0.30092770414330167,0.550823325018577
0.6995364114195587,0.121892551207244
0.02632650380287313,0.346538029583401
0.366231003365668,0.499334990058077
0.04963360960917387,0.656088555798332
0.9085199571237659,0.00868378132837507
0.05118075728656786,0.0758974867074814
0.17793221683695257,0.0540983353487267
0.6333068964049138,0.129231840591283
0.45962989884362304,0.442611203241166
0.7991924756787856,0.0404409091938253
0.10617230559729339,0.716937796067613
0.013098815106748327,0.53876307193569
0.20753839477027386,0.00586539084167033
0.3549310534862861,0.441565872452411
0.12322710093235897,0.314448630921119
0.007430769619749837,0.684123482670076
0.6320802404910553,0.349064625332591
0.15516649018062387,0.350612926076265
0.18138277570069083,0.0269143659307392
0.03560272352230669,0.506825881018608
0.11178011056129886,0.220673048406995
0.11494849172229914,0.748300425330463
0.5967856729725477,0.274901906700228
0.2038799844501109,0.277806047204465
0.07080339605833162,0.761331732875982
0.7076923961383098,0.17610835517756
0.48276549496408133,0.388156164225028
0.4675125346649503,0.484444948694935
0.042067885745040175,0.619713343512175
0.5384323447199114,0.143270879190778
0.06470082671958063,0.225169100754297
0.2214683782742533,0.575940588330979
0.11566346381695214,0.081402152181085
0.43833347265196354,0.421471078456227
0.6653261176238591,0.137917579416197
0.2309426401197082,0.105909281738867
0.7688573758024505,0.218300499378683
0.1591714179485808,0.040953789502709
0.23070075753555463,0.465330847184753
0.4067328829307271,0.347407623777504
0.026817445677993136,0.786616560499966
0.6977955463412985,0.211731098932212
0.21165537212949492,0.457716193500778
0.5430087996012526,0.0977549230570271
0.0678531639393519,0.0239790973371615
0.12535418249254798,0.147965101292939
0.14934387198773466,0.281830564947888
0.12926328049855054,0.460857397739539
0.01913734992856105,0.512290480126141
0.6492974820978602,0.309031451990256
0.43931865052984326,0.396470575471314
0.4940141328182511,0.272678461551494
0.038953980396776916,0.329046337247682
0.1203150719681672,0.740072744714438
0.7274132582147756,0.234650558329146
0.10878069848083198,0.762892645512252
0.2328834960523259,0.40157095593137
0.23263977797310598,0.599736666410758
0.04709397899090548,0.104516340541105
0.17877623984849547,0.516547699229846
0.2864273628724784,0.693332305383299
0.25369014024050895,0.726712460136254
0.010744162351638938,0.674835126387233
0.15716611559335608,0.52341150303844
0.19415752922097135,0.486462740987664
0.216541682758589,0.669928987960439
0.3251481483484561,0.288209771420109
0.23979052362032804,0.695550165706096
0.5267399064016287,0.297466685561584
0.8778279797978196,0.0155335712637548
0.492603971445206,0.172460301324854
0.6372047636346584,0.120037362821427
0.360453733416907,0.323005142951972
0.09015812274664056,0.876741692274563
0.24467287422871567,0.744062044540334
0.7832756952156915,0.177102782661885
0.3257868296388601,0.561423170749434
0.22209464274323146,0.681719265907774
0.6349378000848825,0.236227607083586
0.4420271682168626,0.500469206241168
0.6209060361233788,0.280491762640814
0.24130596745123042,0.130274914026205
0.090599439189272,0.260786629950954
0.3035948604396363,0.033366032141203
0.01707377581331112,0.14956345451822
0.6319417437026728,0.174045373142401
0.24201877407831326,0.116582379355446
0.7458542165911178,0.0583403970144803
0.3555744632822193,0.617169939167965
0.39931924789249895,0.115961437806482
0.6253937730926115,0.287031176385859
0.24517878388422065,0.542967040531661
0.34317211993057267,0.299546401851431
0.43805329848029395,0.135924415310528
0.22594592068376315,0.336842078382166
0.4274714653528589,0.37325049007667
0.5139195808181564,0.268410807805488
0.08334917398863514,0.344403584313695
0.3936924968546393,0.376477533225069
0.6123446674963746,0.36182480829991
0.13912971058528162,0.274868874879041
0.35001845287426425,0.354138742306922
0.264574892841204,0.0321235193081463
0.708779257703591,0.190273140248961
0.26788275609792417,0.687140218533723
0.20016833959735106,0.501501561656043
0.4416459651261668,0.310347220016864
0.03189940488295664,0.621658551866164
0.6965097290805665,0.0573470494525824
0.5482360469964797,0.190909878236374
0.44611265079666934,0.451789028659486
0.49840141557037326,0.387689636092108
0.35334096527070963,0.576897544268911
0.316386159601918,0.0573966068253858
0.32104272583159726,0.0753913864976413
0.0412074469742907,0.403894212671523
0.6470639375458468,0.110236978647434
0.09506635315441181,0.280879718694546
0.10216268844091773,0.64861441749694
0.4506253505678984,0.494232211375666
0.1801853328258065,0.647847071891487
0.5481676732404404,0.257490326527897
0.4851796424656544,0.279338588755313
0.6835004103689383,0.0453094098215916
0.7000545445384683,0.0570499805052352
0.8072495352976651,0.0795188541665604
0.6802717464055188,0.171731019733694
0.5391334656709071,0.326000446483265
0.14837679377807433,0.707804243860062
0.7445863206609962,0.107263322988293
0.40827786233978614,0.520790062448738
0.44548382075918475,0.0326184483151013
0.14845957216392433,0.00538600544706154
0.31612330370848235,0.499756900327591
0.02912814977529625,0.929058663855972
0.9130364966366098,0.0761520766489361
0.3344757448563354,0.270985345547957
0.004484174643176737,0.277393635195665
0.04837977189446715,0.320208456198407
0.2615070663635673,0.140904731691033
0.4614625503630931,0.120353555672386
0.4373044689699799,0.551281761681766
0.17686406166741148,0.471209219113045
0.09949875864059513,0.358972352576384
0.413635676656475,0.491858425250857
0.35159616177197756,0.0133611010599022
0.0700225403794456,0.807323795773353
0.13124475177797132,0.214723016669934
0.16849326013546215,0.701328754871946
0.26168232362291594,0.239696806202354
0.7327961425128069,0.0216909908987089
0.040006388429761966,0.545882899548095
0.018184224702944642,0.672035062586874
0.049024513073342976,0.699517424337906
0.17206526923998222,0.00206456932377871
0.3685723580612008,0.42053903374638
0.12381085290786029,0.827272172420073
0.41330150546236655,0.0257543629646114
0.703847538127999,0.0153146592721496
0.8289356772294063,0.00192464621583281
0.47858319840190505,0.43216180170744
0.04975434573404773,0.796520904942418
0.07922682298295619,0.0866622755118368
0.5676759388441925,0.403800953342818
0.31507634059821754,0.213389942155366
0.021496010531329317,0.547141838430571
0.17041772963906124,0.104147831083061
0.7472428639128602,0.0425908078081827
0.017752825207312233,0.582895517779849
0.061676327880164465,0.05562926711068
0.39854821384410155,0.260199665962816
0.6509482031370267,0.0308559933772175
0.008381263792110126,0.340565771782884
0.5136867335766052,0.277055606145026
0.6035370586487997,0.280414328484943
0.5724155756704432,0.42301988789021
0.47991343745762133,0.0991012234692969
0.5905162338736245,0.358829292373954
0.15353426814960774,0.20414723970934
0.5638462652166342,0.17112088967264
0.12550021387959057,0.429895587137348
0.04023176639785208,0.834658493130946
0.05399481302621152,0.455171500372402
0.15110612842518512,0.359570217841698
0.09877759998823797,0.827674823913634
0.8511178830789448,0.108805096647072
0.8802761999006323,0.103925038296567
0.47830559562827124,0.458184112399173
0.916111800050368,0.0513595467150019
0.6399788994207086,0.028241602552294
0.27459716553801544,0.354125079229923
0.09064992914336031,0.89845931150294
0.2614304572999805,0.224522285711547
0.033734124011848235,0.431697218504456
0.0830429563019365,0.675238656467399
0.31134236661870807,0.285628413517349
0.9327371968690119,0.0127008891986016
0.035357983570309226,0.0854309228225596
0.05240443644700019,0.715176523852597
0.38773768680504395,0.280885093937952
0.13239514429864174,0.816253929091651
0.9457496647539807,0.0395236565728636
0.9279937000611929,0.0459413094201348
0.3208970877150112,0.560189995686965
0.15354321444791996,0.841557221128837
0.07504012954489604,0.0888620646927628
0.08739242641889082,0.671624866706639
0.6515163763237984,0.188507032489457
0.06016948614832632,0.0229401647823197
0.757643044489805,0.176337790435883
0.7709093894739372,0.0373996114493958
0.7798254434174772,0.169845106897679
0.5930908904437563,0.313448880073178
0.6722379230772592,0.0458029933166982
0.8104993262921443,0.13291212886468
0.024739588740417293,0.871196305364693
0.10402759364253042,0.104561719156394
0.07551174014429686,0.239628166900608
0.049212154081513984,0.127951089731493
0.8471739322874562,0.00697585728289601
0.2331300329297666,0.299515940397215
0.3045281763128682,0.493550591318014
0.7333900526418101,0.104783103352506
0.7555721304352032,0.188903975851442
0.32208531747386454,0.537596798885313
0.19027058919985754,0.464773330026776
0.12038494457607196,0.58634864004019
0.23548807911806133,0.703862060199864
0.13458548787594207,0.642821769941104
0.04175028180994985,0.46642188049581
0.39364759412331857,0.0590712439780652
0.6648389436643434,0.0591450852890472
0.34598054081196833,0.404477265850738
0.30445156034999477,0.1555721320187
0.21915400320121578,0.628415828395315
0.3129715255490812,0.335032720550871
0.6678299693017284,0.241910820462932
0.24747949154880164,0.586624820611605
0.06487052432539031,0.702655696895301
0.3068513655659214,0.521171701153681
0.46789173380457977,0.233214655621283
0.7368578107321965,0.165687919742767
0.29818884074217844,0.32218756223994
0.3749799929252117,0.3747791524871
0.34277633754981734,0.242050929211337
0.06625516660020356,0.872075157040067
0.27851002766589905,0.257697138989859
0.7672211976519943,0.00302852866776399
0.09111767300786582,0.455770117933927
0.5738251227414727,0.254992736350879
0.41787368432110655,0.361436423312374
0.3782948732713599,0.103534492183745
0.03469990459974387,0.213701924518854
0.036668680063104725,0.943174497226453
0.05177143688545181,0.87920689515238
0.6848796418730004,0.149564890008043
0.09829345168089831,0.807685228549351
0.019996147379551365,0.912128001010853
0.3705196421962523,0.337835830285421
0.05606312099968268,0.309217228373152
0.24154463585352476,0.344631793975565
0.4796559807706337,0.0232869457504266
0.15436041282446025,0.115561725194362
0.7461999178533766,0.0601293682355872
0.5472272748974936,0.0256413882533591
0.4318704697019857,0.225416512860708
0.5274547613206735,0.389590308556712
0.2160081886975008,0.646864764252373
0.6901587825286231,0.040515319884911
0.13171575751102077,0.0825510197312228
0.24469103564550646,0.0882363203706924
0.2843714589647335,0.643373960219087
0.16435407531763713,0.674503013383256
0.11362624319939786,0.713419060146371
0.5811786299764651,0.0203922972036525
0.5524327045432381,0.106435350146696
0.00086529800879303,0.219615164058809
0.7844432521067222,0.180205900974087
0.1495170802774749,0.0915808829804467
0.7203293583417082,0.140603827595689
0.09856933965292548,0.878726674924614
0.5610316248460111,0.319789331087464
0.5820194127983662,0.214166227889994
0.6573133919800932,0.251674959938621
0.1670712743815246,0.260564326444711
0.2802995801220942,0.185604109497264
0.1710346164876394,0.422941060505345
0.417010633381839,0.202070019315323
0.3382275321832764,0.187619644281699
0.5121911803272636,0.459611125103786
0.05026247878697553,0.769836630508328
0.689694215139171,0.0377805850385586
0.5052309124543648,0.0239381010356798
0.15809807774315907,0.700680854915213
0.4318718365778063,0.332495492487432
0.0006112252361741373,0.155732925067913
0.2786824589210617,0.170997069931594
0.07307416855637558,0.23707515568822
0.10729503637299535,0.723042035850155
0.3372763858038683,0.351719345917828
0.22193744448600766,0.285265764837145
0.22107240912208279,0.468721231016759
0.03179674560947301,0.294913075342224
0.5681298463810008,0.0692763156082226
0.34715835137102197,0.118841431643311
0.026318219434636365,0.489681750191714
0.16852088327727152,0.0941083847635143
0.32126137114722547,0.18340024988613
0.5647759991008874,0.0960296047125321
0.3948073431927633,0.388157591678337
0.19397805772421092,0.707329966741801
0.4532584863136537,0.298387587341078
0.023316679190956053,0.185012791704581
0.23064447483100578,0.15411288154371
0.5927581564981992,0.294660765067822
0.423705458957262,0.11278629994233
0.1719125168114995,0.797836160205778
0.6064382990400736,0.233917672437249
0.08229749085404614,0.215767206271924
0.24620254365040828,0.381391302843503
0.35681245388991184,0.101734490113118
0.09531470182315022,0.551526142997307
0.6253780833555621,0.364864011008923
0.3711966810421746,0.0164192177118398
0.32662667998319606,0.38063980517814
0.7286696074261199,0.0632899099153109
0.03187277603524938,0.533465757682072
0.0946322970936692,0.339366571285601
0.5103916141720352,0.256420996163444
0.721864179858627,0.265794464476988
0.8656323305008438,0.112805247994698
0.2915007745068569,0.316509196372283
0.015460598416252089,0.540476620203698
0.19739138260191846,0.698948593318495
0.7144466407402237,0.191116936296403
0.18320903521019735,0.459526643302986
0.104785270203927,0.150279330871109
0.07099166789277658,0.276984542252073
0.4475877345987742,0.422065961766632
0.3380316290605895,0.51583521994508
0.21625002552918177,0.382895539632857
0.023896223054421975,0.548125546496849
0.21951327308262156,0.740459584861476
0.49109690621360247,0.371431602453428
0.07285021748011714,0.448731369775194
0.05111376967656435,0.348580935279248
0.4729747398126766,0.0423554713276924
0.5873584827998151,0.328708686827824
0.04413229941653706,0.58554923886739
0.12118728236705793,0.534284849171959
0.16989092140532305,0.0451404045887442
0.012401667115942677,0.755932558201073
0.18727989394483135,0.414138129578195
0.264874142079824,0.17123637553387
0.19669345590715115,0.0981780748924503
0.41969472980818373,0.333807634177511
0.5990929564351837,0.298270318805777
0.24293603470731093,0.202189276596419
0.1355277685770297,0.325360134936155
0.03403569830113011,0.642652800335976
0.28393130607650213,0.427250712512893
0.34520565010135806,0.269030296380426
0.800541065381724,0.0266734570573737
0.07281976414874905,0.385832185844339
0.31584855896344927,0.280792873609849
0.1816204153134966,0.243547235387632
0.5035619160193722,0.386807057505364
0.06552913687257059,0.393508046790766
0.5704255595436063,0.332136155744711
0.49161372012595406,0.418281226048604
0.0462714983807558,0.797295014887784
0.45946754586790833,0.224290337264222
0.7813097218619296,0.0174603096750814
0.3042464785213113,0.0203381156767853
0.4668631550947318,0.386874320903822
0.4684015374143368,0.464384030854323
0.605335497641731,0.265153659953505
0.16448066936644942,0.80641921105589
0.6913323419401489,0.0858876308994583
0.5360836875635396,0.288647084968666
0.256427112670388,0.343761680195933
0.43090696104424664,0.214916481175056
0.210086470362265,0.71191914774746
0.5074918297179785,0.424617070044578
0.3569008655546173,0.404218142947097
0.7085695736811647,0.188370205942664
0.7714107197525615,0.211216450563979
0.07111472349250866,0.709859876208644
0.011042795298730557,0.386137772350867
0.05583068350103381,0.253685406224874
0.14244064449575425,0.249081564646014
0.7957572389342595,0.167664087032901
0.24104774949451271,0.587042392151685
0.3607927468283952,0.383057499912717
0.14906948592032335,0.200491962853282
0.31746857908946235,0.595627170952127
0.6106771242745349,0.310284166403933
0.45865271357472787,0.338595003268011
0.009292430196873473,0.0790396208007249
0.9501156721569172,0.0487260109333771
0.1244467451303782,0.461004922420405
0.5131952754065573,0.455830529068247
0.42542884835742717,0.0422446619446299
0.17379786032739242,0.436708522094804
0.3069459602578367,0.352874604816691
0.42849228062356504,0.519088463491354
0.33980056289443933,0.0352082240488731
0.1515301159673289,0.079183502017761
0.39310989195005597,0.327774687501462
0.3412896337669686,0.190718092496421
0.30149695630768697,0.151156569577222
0.43470161773467475,0.17739142311451
0.11598062180053588,0.719419881002643
0.2275009988130328,0.364363178393223
0.1328042463632565,0.676850375616506
0.10881809597207734,0.205392292595514
0.15647063713063086,0.570944070739419
0.5267037462953323,0.176224015090646
0.5363664527853311,0.131416536371254
0.3674869375093856,0.316823849079912
0.31226541293977655,0.663995284892871
0.5369929049964963,0.175187557706868
0.08275067514719799,0.400842016871808
0.44113232238960415,0.105554404085595
0.12925009833128576,0.327604057048705
0.3655143089201148,0.235330102697296
0.0074853920380867425,0.265021291472471
0.2837410151329537,0.281704741321199
0.2409938165013418,0.298648105274566
0.31857454742426866,0.38610505365631
0.621988543918728,0.234654061864179
0.532180161461743,0.274300832910029
0.18764514078345693,0.395229199118541
0.014413012611996364,0.0737828128456467
0.19408759184541777,0.606687585296065
0.08724702821505342,0.653359413670925
0.34395700075712077,0.60881524345654
0.1014939546419567,0.295557850452131
0.013719978650699112,0.428373814855034
0.1380746752691123,0.634283996687771
0.26317698608848283,0.297891728296168
0.4191522749117856,0.103499725132256
0.18432918087097963,0.494558351662821
0.3925501146942286,0.508558470560033
0.41862203677547366,0.218197384909987
0.8107198367616241,0.166688258847913
0.5157443592865688,0.296809840637729
0.2783729681193293,0.00491127913791381
0.07584348289234229,0.684123127820926
0.308103272271086,0.610872226005717
0.3915843034972087,0.50045174323618
0.20486834130764048,0.559638977667197
0.09674754205263286,0.0735094130315916
0.050371192717350126,0.620337734852911
0.744823641806545,0.1879151644832
0.0016391364232969212,0.388963486546078
0.26747812452598113,0.32413559121305
0.21408953871404215,0.449557856774228
0.1362747463828149,0.249430364913797
0.4352905362443936,0.3952035790532
0.4444721693333228,0.44087535610754
0.41151449327255946,0.265670578839236
0.3248190013929338,0.138819132302976
0.7135630004257412,0.0782803482293985
0.4542822455153562,0.448810998437726
0.23365111564162805,0.208444117642511
0.07238815398970783,0.462571481398323
0.5531168721761953,0.212086470913824
0.1972682933420799,0.62555305375066
0.38868290495951746,0.467496231464926
0.3286555079055659,0.656846907539496
0.14811572909188458,0.327013398979009
0.5324287070058625,0.0924145228370114
0.026060078789880606,0.414883998494694
0.3731671628843901,0.563597138922702
0.16630126819098923,0.772974423674243
0.39979184578159316,0.0604042826014131
0.1554517091766181,0.271101203030312
0.41982480283795287,0.10547321375807
0.2920058581926499,0.660758607724722
0.04176823938174277,0.497203459955748
0.15088450581960727,0.364030803632805
0.529144383776184,0.162268125109082
0.1337278465334825,0.610727342060546
0.06008911969905467,0.487866023993416
0.3932143743436763,0.00855672302363383
0.15061800018985017,0.716809863269456
0.3711011458361749,0.251309631270904
0.48437666185763656,0.180574047132586
0.4265328746021124,0.380817211817254
0.10340895744743428,0.771047213819495
0.03709782481657995,0.00872905658591023
0.7895604530591998,0.201182812283091
0.09354020957614315,0.433678074799804
0.22548955779749505,0.25887425984765
0.08140847822071207,0.332736778585246
0.21359846583800074,0.637411579113125
0.4548807386211997,0.4959552307672
0.1526679983645422,0.756118128701409
0.015467762211454262,0.202352883256353
0.47481619721061025,0.169980437581452
0.27342837659105673,0.064553697539431
0.5869832261882768,0.0558389481177932
0.8055928765447937,0.132997559517832
0.6688576993375646,0.28658023241415
0.4940036288683446,0.0875162463089577
0.029587083202791287,0.259419136156686
0.5591743164054275,0.0051138219395373
0.15992324014068324,0.0500765859564433
0.9203583453976806,0.0710269346702726
0.5544658410543595,0.0902231897251755
0.13799984723496586,0.661294654539872
0.6617463144547687,0.280890467634349
0.17352200707432394,0.201990871688097
0.3928326562431875,0.224197899819414
0.0230447560545774,0.687768131152479
0.21767457847350277,0.0420345410705368
0.13956429565438064,0.486739614477816
0.45563244958769206,0.0410474616154995
0.1679311121825011,0.821894932111984
0.6507037824206142,0.267477512198125
0.3180771726691432,0.357908997902002
0.6645782845261576,0.281672794611469
0.14037132314090428,0.272468241243898
0.4555065595008896,0.302636893843208
0.3963254550405292,0.515714216197193
0.3130592248556227,0.53540456798457
0.05397364900184545,0.468131985356455
0.30190901967862255,0.227941350290778
0.4333360799162166,0.150616092365684
0.46091416716557143,0.267604185161782
0.014803148167192927,0.966945408248211
0.21521982407308218,0.244648679590356
0.11050344152269796,0.0202295577718479
0.08585775801072457,0.209222852290694
0.6828617992059768,0.131561695654181
0.2529084445172436,0.0692453965506713
0.2947867284255203,0.292778096941905
0.3156355248472751,0.463173636363024
0.09689588021111571,0.29993855765739
0.2891473141301618,0.584800583686148
0.5796278939623122,0.270510857019323
0.19664579340044888,0.683165660294125
0.40105176945887855,0.100951467772472
0.07296240669427276,0.886456596716355
0.3168747217935187,0.258414577027356
0.4332586171936215,0.243472633885379
0.11914327952455876,0.582122627331005
0.6291206877369989,0.0639122796782611
0.7441202934138984,0.00595162451462404
0.16000739993016136,0.242619623182536
0.5268552345167822,0.407716754474598
0.1268728678210964,0.118525880502583
0.17347869771185506,0.488077534564673
0.09734937440780721,0.657865839287425
0.6677324050664311,0.0834212929678004
0.5894256843437015,0.244078412157395
0.36399568342226357,0.606359146386595
0.028219194842510596,0.373059944381578
0.17868942456128062,0.480390359737408
0.09231228519638035,0.282837441805459
0.3823148063785894,0.256133940294062
0.0780314716670477,0.35654354230466
0.4907814565337784,0.100258598390702
0.08516292470358063,0.746428065767584
0.22710900962119007,0.0297113855045827
0.8251115303225772,0.17107268838962
0.1797698660889365,0.301278090128179
0.3052542713015491,0.422166493451622
0.443868573580095,0.211787791153251
0.4514997987663598,0.506639198448289
0.19962174661050602,0.0201038110308524
0.35532927926574986,0.134870047366686
0.5033933428529154,0.139409528800118
0.8813788018205484,0.0423698983167248
0.3689826650449331,0.228579465151464
0.05543488259499956,0.444759181521153
0.3323746261408688,0.595454716692459
0.046554964431701186,0.28667059617942
0.1781030893702695,0.57965565056928
0.1510803646850734,0.635220370063189
0.16625819186390758,0.641702909144043
0.6493665579769151,0.34229739089308
0.01973490282319124,0.844390047935843
0.10484363644997922,0.026928747912674
0.2121526539059623,0.451184653607677
0.7040621917077847,0.159853328650652
0.35859275124221085,0.03787485289801
0.3927012937878898,0.141760297024516
0.30782015148094444,0.0607036166024217
0.14072471937238595,0.35852289921983
0.09659751350537284,0.475409029858627
0.14615421517432572,0.0370866844010219
0.3291114545886888,0.383101486723799
0.16178833792543376,0.449962801225723
0.44255697131104166,0.305332944812561
0.25439431225434844,0.593146208232825
0.7074969611412624,0.268053421825636
0.15140621470488694,0.107861311928233
0.2649419236151789,0.638661796614609
0.11946641887750936,0.381952808136925
0.06433934231634342,0.109362385765966
0.33745758756136285,0.0577777992020284
0.1799563594910118,0.523971914740074
0.41700821774988717,0.470382903696516
0.10359015515663383,0.725562094748291
0.4588868189961428,0.154098115687608
0.12434342855449543,0.743656720490743
0.0751449920273915,0.511124686049087
0.051673164516879,0.115236597534945
0.5762331671941116,0.119150034519614
0.022281605167413072,0.49718900554094
0.19169700216662128,0.451424609667897
0.5251776088280478,0.241246200331862
0.3044794346779918,0.636393818771999
0.42165960867489216,0.16597202427049
0.10246997561971001,0.714010141437268
0.31741679138116663,0.314732383592082
0.41424657027881834,0.565279805725371
0.250862041222393,0.470988806961334
0.2769828827992474,0.0543954984128642
0.15923880599471527,0.125279831642207
0.13151821967650898,0.417586631759718
0.3124918264035346,0.176367362115392
0.6534992337670084,0.285973096849762
0.5589000663491677,0.393209421597696
0.3928362134278295,0.0406146868863823
0.4338014126539034,0.280873210290538
0.2300067107780407,0.128684321184055
0.6719575705913454,0.0813739108235335
0.5053375104525716,0.366334003230516
0.5997585827909389,0.125220345642167
0.08486441777434955,0.91032505695481
0.23435998115748094,0.239419356435312
0.736616984299865,0.105179555276064
0.23931581606373065,0.185455807352042
0.4710593848938648,0.0293800817282705
0.3812518369603962,0.149377487248162
0.07537808416773718,0.623089893651442
0.32124275140155695,0.434182993001614
0.43292844080283777,0.393010175599684
0.19979295568975558,0.275835261285826
0.15287393286222828,0.286043112225422
0.3641523669582204,0.436580568615103
0.5199649341552093,0.335260525884144
0.22412441439026828,0.0305993150782404
0.6272920119762923,0.215284563424584
0.04192732169769587,0.0939629878418244
0.5851911866705707,0.257096368719792
0.5912069642157671,0.273749473601703
0.06775464812396083,0.516660143213597
0.21069272659589694,0.656945336852297
0.04927172630663007,0.00822505518132585
0.5652371103275965,0.283216895553641
0.12472107633675122,0.247757631800746
0.6986338294115775,0.285120578276994
0.07580588826882471,0.888620197748494
0.16235697383513906,0.61410706269178
0.403859827767018,0.21657371504411
0.040582228268819215,0.510524402355371
0.3742274824935342,0.269314122323816
0.06896881554250357,0.031882179085752
0.5091305370889359,0.337702042050055
0.06346317963667283,0.112224624280064
0.0893280775277898,0.74042799851067
0.10632812438766674,0.736579825713928
0.4408532190842738,0.535289267530512
0.6406217596572529,0.153959542425086
0.2504242884541101,0.249100325182291
0.4734178486152766,0.201920066362798
0.4905909201266712,0.0836587887569216
0.26170516591770443,0.474372798947348
0.3930471552033087,0.381157763201562
0.07040981421053054,0.883174437411534
0.3169536626142494,0.449271719581663
0.2025031948302108,0.293573301624494
0.3269269221857617,0.31644772485075
0.788202731224085,0.190984088878107
0.6016227768520728,0.314718392067055
0.6676520779143214,0.0830499084677996
0.19769449227617128,0.552454267678732
0.3547185724892456,0.0808407015621359
0.45740487885346937,0.108138977518956
0.14941703415820215,0.479143144623386
0.3123423570897492,0.60648349385408
0.6915267583822285,0.286540620325967
0.10423678604901448,0.19643572167464
0.63012694792644,0.0359060528240919
0.6165136959967169,0.190439096365666
0.3337285666627857,0.536209776604361
0.02974784418115633,0.312337404686379
0.09844196412400587,0.0767463808878427
0.2545403868385599,0.224772277466248
0.0007153572332203269,0.99690475874449
0.8800376038385004,0.0698999125100442
0.7000896983362581,0.0419214711307625
0.37177939309228925,0.499054537759155
0.10729722768437248,0.547386183899369
0.6227908655892787,0.181490217649383
0.41776963461830696,0.575672381377122
0.5574762863854595,0.242898041837761
0.6540936831484677,0.15791160751123
0.4500192666877115,0.470042478795883
0.1027321131161696,0.407796854609514
0.0035318057066386745,0.622942518230263
0.424549085118269,0.572730749721007
0.17595704285899402,0.553892252285664
0.436740131522834,0.432197876662004
0.051198234312564116,0.189910284619168
0.4155246963120951,0.568148147414048
0.17706501492036786,0.180398113923243
0.072337293648168,0.148351782124423
0.034932690070925546,0.0839340202529903
0.4316879812515375,0.129991436518848
0.1073919697102848,0.0525311132774234
0.4992671844929636,0.462614493334664
0.38488268847054025,0.122693079271298
0.13564722997542705,0.420257607282809
0.4813744347355177,0.275233183216062
0.08342695144713602,0.693993483011162
0.06584171699296634,0.906945735095118
0.11571504574598517,0.214755096673387
0.5320372448192555,0.280548400439457
0.05184082804392821,0.546876042722343
0.28625713374760975,0.523814180351317
0.14361244222031702,0.72125119055964
0.14180288282795547,0.109301429508523
0.6261422288167888,0.233119488103941
0.47630901788628116,0.402098616300423
0.5517066688283414,0.095392772583534
0.6694140062949254,0.126045898174138
0.8111162593454939,0.157345547092771
0.014755124515653497,0.869043299534797
0.43031874442332274,0.351917832512547
0.3494071588623185,0.186102052052537
0.07549067408734232,0.240610247048898
0.470090162514073,0.283882232346583
0.257494885562573,0.41162094559284
0.3369546789507593,0.377047701805027
0.1810273221650172,0.37477596644444
0.7381353945848463,0.170106417459687
0.10672570718584544,0.130930321360971
0.6935957209178728,0.00875244817369919
0.5470388744164953,0.354512340690034
0.14596888747333328,0.78921662938405
0.43587243498754735,0.559603405854039
0.13176582029704487,0.577798443809525
0.043005964895171896,0.0707449402407968
0.44677463025898834,0.247613225479934
0.13520110434743227,0.637520599036033
0.16404670299567273,0.702353473051286
0.7196178837243563,0.0394523432280052
0.09737605817730186,0.210430215941236
0.6292348465961297,0.245703699613613
0.44897186387472593,0.0961621140343169
0.7141875599701204,0.277325522611616
0.047255508731796556,0.926469654102809
0.549742575646382,0.171801372083472
0.15956271147862033,0.17542558745681
0.03593384974320827,0.445961839370661
0.5319340205408865,0.0036489972598016
0.21254456148261225,0.0329846114978661
0.01944925808261969,0.0767039537436227
0.2224991198720204,0.773738520093051
0.40640715244996517,0.431774081902377
0.409437491974618,0.245028756729843
0.6528183303771994,0.29583785329243
0.21532408935011474,0.666393371411061
0.7240222641976238,0.217113698491481
0.512737560365626,0.0695010357555422
0.6534870469246696,0.0324494351696957
0.36136499441324554,0.0772447015011055
0.27608193344470394,0.131579665181175
0.04197515966672082,0.339264736567078
0.5862131254702351,0.233371322509779
0.892078092401531,0.0614807604991351
0.40347058939309005,0.0974658129328267
0.02455663592532163,0.974271073946913
0.2756351228614275,0.311342355722459
0.35834920544749993,0.50888737246705
0.1222908920709429,0.873137142339613
0.11863385752665008,0.304276416611132
0.8125939023304892,0.0316363521891329
0.6194508338976441,0.0949920976833654
0.22256105953968938,0.702260495421998
0.46738618905231893,0.46403285218878
0.3270937186404763,0.279583283419473
0.6770934802668961,0.0569175769162675
0.45520362795902714,0.0559508309650447
0.4336240047318506,0.0403569972576138
0.4384209267315053,0.218155418238312
0.055201227633620904,0.0400435932884276
0.09778592045844238,0.877520627328716
0.46435022015188454,0.245400114739669
0.14095209678753692,0.243442411360882
0.37692806259290634,0.0385464624014428
0.16110822125973154,0.379421300070947
0.7228410834670572,0.104940602148618
0.3908300069399358,0.0684090300738044
0.2739849547323738,0.146839656330763
0.14585232443087448,0.537397798099932
0.5365304908784194,0.093251778299606
0.15230228753587197,0.0523446340246107
0.09193540945786335,0.298255413265315
0.04633656204336975,0.897353099253304
0.26624171127598373,0.266657672996753
0.7937867038405577,0.00100158971827811
0.8052234880507326,0.0022403760747068
0.9231503489268948,0.0478208312846803
0.2770053064141198,0.364904836959779
0.35755071262537097,0.627890470934207
0.143499921280079,0.125517794374949
0.7462392709415006,0.0381849936891685
0.7226219933610327,0.223456499518221
0.01828009738630872,0.0245314867502579
0.6391148768851564,0.215937364341793
0.34624860782883826,0.542785556279611
0.06724427093683659,0.579933457373064
0.6737981818223097,0.138681017428665
0.8496976322720741,0.10372474195986
0.013358576704872652,0.545446910735192
0.2239809388476307,0.477165606454012
0.14223774765130612,0.822077244750031
0.5384003463849422,0.0524852919117023
0.5419374629861125,0.405115770512048
0.012051656290469254,0.84965350168659
0.1787187404369288,0.081418618138878
0.13264502865626324,0.652558725773172
0.14863032640088011,0.0111646315455255
0.1647884543604444,0.487628515636467
0.7485802011906288,0.215832431169883
0.21583802797329005,0.0680262575115661
0.48277005337048534,0.374867619488442
0.5602107089315682,0.183027642187443
0.07119560315617769,0.324549450091222
0.7459897195250784,0.202939538518022
0.48519261172651035,0.22825750171472
0.5032464758191346,0.41585256479954
0.3883756097626833,0.514589891604532
0.012166561205847592,0.201110237761689
0.7448898693730536,0.248514305155172
0.11485134683751949,0.366484099807084
0.3587776317867541,0.623166625181156
0.16308642462428824,0.247262835309483
0.49899756911956,0.487498340094545
0.20629303896210688,0.0111302898446345
0.36013077226835755,0.556268370074151
0.11917981514955266,0.652910972266443
0.016673970668315972,0.853679423519467
0.041299308841926084,0.120874892082411
0.6188589443102952,0.127214186124549
0.0044035623372624495,0.211947660808527
0.5826921271244838,0.285610162434558
0.022542895583264444,0.790347572804277
0.3482824885898482,0.398104651435062
0.061670333248813214,0.181956179492449
0.0811198773823543,0.6754433152015
0.30182148209187554,0.0515539248115008
0.17659930662762433,0.271071664583201
0.6731480872936139,0.0368694371109526
0.17087740287870845,0.650224568158492
0.19884428114045702,0.328542210095945
0.2681760599553462,0.0993841600484723
0.24293733721903382,0.679668392344662
0.14418288548093205,0.603031205357764
0.16322554916746707,0.295801609329428
0.5206898869067754,0.368420366982897
0.42809311722173643,0.125202583914226
0.10448096044735566,0.0304803197879173
0.6810081749270562,0.306044749850153
0.7003293977960698,0.0484287110508796
0.344553862670077,0.516007145375667
0.5657595121907085,0.112424278156843
0.19215525530759867,0.306335978341516
0.4022781168681885,0.378627863935313
0.2928795723762442,0.176389630413577
0.36301690574850287,0.127217101455388
0.3385970983873569,0.291586642788973
0.35580204601057525,0.0694513338876853
0.05010194146376919,0.488674219206774
0.647699165562468,0.252123045702867
0.11570270946767741,0.457920108310703
0.18468686316583954,0.485781574325248
0.32728287343539575,0.457547418176808
0.6149798793448706,0.161650435978954
0.26141435882906056,0.318578748544975
0.2034709693006332,0.103273701285719
0.10296502580221395,0.397852365076546
0.427187056789218,0.308635456862632
0.21130286364894882,0.509036495876582
0.25768032601773727,0.563555535367162
0.24977602534363155,0.277399278094912
0.2752023426925539,0.126726843582561
0.5705450612384951,0.140967263899372
0.3831589707425255,0.268257439664706
0.29186286594764405,0.419685155571903
0.1424956842519345,0.122352071694458
0.4188924109341547,0.579470550725339
0.1088688784645501,0.223360608633784
0.221161494786972,0.178604684864711
0.14589942721527932,0.731710283329272
0.4004186013345462,0.349389644009553
0.769298868194401,0.0360106738915904
0.5043288053390599,0.285937361115696
0.8474454045110784,0.000518455976273924
0.6674502411459169,0.268320998624363
0.8016523664146318,0.0898636862689609
0.2936882882229941,0.434056376972293
0.5275975376164962,0.174577553561823
0.4281390956778212,0.0771024479663663
0.412470708078588,0.140182662711741
0.03997363569259685,0.845658261262974
0.6743756739436856,0.253768682371965
0.8734496146854779,0.00717617446253388
0.1233200610938901,0.641083155876829
0.531481402571202,0.177956795396877
0.18004922204652554,0.49333931154634
0.6247718568177558,0.218544023528398
0.7925008301841678,0.136904849898983
0.2849128180564838,0.408225385761428
0.41707737322585614,0.519427119165027
0.5965039837424124,0.116748521857922
0.23597553761193743,0.733570894007357
0.8007451311601966,0.153082015058592
0.14099971313198556,0.84587355741138
0.5324995116163768,0.235674203351096
0.24796830982193108,0.0989786425788367
0.7399066561176156,0.0570745130497468
0.08002848248799314,0.427105627100412
0.1076958983711041,0.782959945176198
0.316061408414362,0.32347651959446
0.3034233500103602,0.38961115038358
0.6633795595975925,0.275420991608389
0.23742776338718175,0.0828625622088956
0.18939549697902405,0.45125638486903
0.4113557051146591,0.265784735872694
0.3411587887059875,0.201159764459198
0.11491323527865374,0.733196202697488
0.13246921852193688,0.788500999170839
0.3179738413824983,0.178589029370669
0.23420522968804805,0.523788034269868
0.3939164850643526,0.547247747803241
0.552301124565239,0.067335956968353
0.35229310838346334,0.45602096877598
0.5913757647716996,0.241513604397452
0.07116770867900482,0.109980062787553
0.4417922579501244,0.065520615928663
0.24259573989006614,0.0633400065464557
0.3466690794073313,0.556401939420641
0.004190611319770721,0.980766783955403
0.49977448401732,0.297047254197775
0.4700337722107045,0.361594803806157
0.4570013280636698,0.0159295137855289
0.636090075870537,0.319675403208935
0.9120081312950513,0.031107573395692
0.06678483680432744,0.510217174253476
0.6799944546144604,0.218034159612359
0.2486521963023427,0.499740084953249
0.01929055294428209,0.620054337989869
0.8417406638708234,0.0156234254154869
0.9290868231523007,0.052758237392253
0.5036393735393545,0.127611509621474
0.3304681784262355,0.0254916028743452
0.4997825107743432,0.415297306811039
0.23369568862872303,0.182639370143025
0.40288516920798884,0.532131421686808
0.2784283635708367,0.526653718205786
0.4080354954320493,0.286636080059636
0.7218440066731425,0.111694952499308
0.31341252018447135,0.623334321032505
0.1958224403037702,0.793751960889794
0.26560381585510423,0.235572921055813
0.10881208450496827,0.148359756387285
0.3390948796552846,0.105156983503225
0.12291074257896449,0.703674501504607
0.23759795176037266,0.719450750053977
0.09345150674834238,0.263628892356218
0.3420250262756773,0.32853606741166
0.03392949301375219,0.0151733647069142
0.4739707399358234,0.374876267529818
0.7741520394314529,0.105844477740643
0.4706390452464662,0.0256053958058337
0.6359339731238226,0.238313760754085
0.1388482459617832,0.206674342939423
0.007195337941965142,0.861180201777131
0.5000442953287056,0.422819353095038
0.6112887035765959,0.322854364871147
0.003287359818128448,0.201164353391102
0.8389466952379332,0.00509025383102285
0.768904158890214,0.0919530125087232
0.33800430124309444,0.652413993361681
0.68792639707604,0.160989484700824
0.020607069513048103,0.17442237768751
0.10856417090348534,0.153136417336236
0.09447570160081029,0.0539843307509604
0.4205965818546581,0.557160952945542
0.3285334161286388,0.321101412564004
0.468577701910153,0.359324399461004
0.2878024312635311,0.341910978666845
0.6178080535041663,0.170794521089723
0.5685474902396351,0.380901619469279
0.09267903862696902,0.530853506802311
0.20946749160725592,0.0716640652358986
0.7041186917079064,0.28006540614021
0.4277383867534822,0.443474848389075
0.016247114651102283,0.699497761913526
0.23944120294951898,0.550256011092808
0.2194383430848245,0.535419008104288
0.20062210284403786,0.319637475790701
0.2714499306843043,0.569051401684633
0.08158260968388825,0.279226981256087
0.2796248836290121,0.104756165111464
0.0900611391448894,0.867779743404878
0.27224670511643556,0.0419782240229978
0.4490409885191141,0.467355278547659
0.00839189200068768,0.621576979623278
0.22170521818329733,0.488223853548948
0.4559706637974914,0.263805810081925
0.43437199358483264,0.482360933110536
0.09391295813006756,0.657484732772306
0.250743599380758,0.407565307684008
0.2524603834317289,0.356190510549828
0.09402163428085332,0.583092824139535
0.22830937823381844,0.257444004766757
0.3091459740125123,0.195152387585274
0.2942758461330005,0.57324572778443
0.711922153348884,0.201876322343989
0.7819248593608354,0.169434774843743
0.8139962653144666,0.131528468474554
0.1069925690529089,0.716380927562529
0.6975422316684119,0.233879765989086
0.1687253487714433,0.587179314723448
0.4067579031996367,0.0553536448310447
0.025580394781585143,0.808995728423559
0.12055028711230832,0.854016556671796
0.8845920361742715,0.0308199831857639
0.33687003785532166,0.461345775668647
0.5573816722563467,0.305572324544409
0.018077296414328883,0.209387157898029
0.2767481134742988,0.266644410271746
0.26980872076045304,0.414497574912265
0.570327238019214,0.231178195769653
0.1634688465189719,0.704249504359221
0.3133460522595746,0.652273967026512
0.255804846071813,0.714337304971154
0.6730795414049994,0.201092172915802
0.17030109444705727,0.331947963543994
0.17162790559529065,0.154946327791684
0.08609886616885298,0.219244326435468
0.37756769849487753,0.620069893647993
0.5844867518312897,0.178688074298505
0.16087018723769025,0.751371608206051
0.24846499820698575,0.622236043459581
0.4876154957222629,0.341879047535678
0.3606217725032999,0.246425353348383
0.39705596966221696,0.29200422170669
0.1617950657543656,0.748914532883826
0.05432708988087803,0.307338876318518
0.47997335466526825,0.0832606103526112
0.7973524622775121,0.0417406218973602
0.5219551992569362,0.471603249560089
0.3725903980087506,0.348393290369555
0.06643698740985467,0.780663551581617
0.22018541477602055,0.537568679395598
0.6965237130391753,0.292486907017497
0.36986564947251266,0.474138023142255
0.04108624203874385,0.754248391011095
0.3874988171863205,0.291195726323905
0.6422768839088033,0.179114453268278
0.874876915914015,0.0365132454021816
0.5342366680870009,0.402704524785966
0.6029357492244715,0.14134595927761
0.09192766318195152,0.0506390706767735
0.030895359118408947,0.142766020012151
0.3228832107633053,0.494310077345602
0.1929871740238467,0.374297153541456
0.03262874614506463,0.730713270535799
0.52350757825726,0.143804068639358
0.00018529535575804228,0.118221638728284
0.4690282759677536,0.500544297116343
0.33948679542325977,0.0562739745569268
0.3747179160314745,0.166575152762421
0.08363328098653748,0.567165579519575
0.6824889527778133,0.0360333639090313
0.10493623224501474,0.570813882737173
0.3861609736258681,0.0381518738569245
0.9172359247557144,0.0538497736640211
0.4090629135237433,0.412833198340237
0.12362480559818202,0.826743841137789
0.4227828408593291,0.454166254208784
0.5783249078016756,0.237527896055368
0.36407935303767264,0.41004305914291
0.14466644668257753,0.648774268741989
0.9192435573081753,0.0582896203594934
0.20402193245803427,0.568202086306939
0.5692095476495347,0.372804019582032
0.648909718118833,0.16871249320844
0.6501155586653992,0.215898450507267
0.3708810957990465,0.505501538879427
0.024954548611451077,0.469999872654466
0.8605144523378486,0.00963980328535077
0.22095384837205626,0.38873042256864
0.41765693342559257,0.435365264664082
0.07787615680936284,0.0246909298787301
0.5599017991797608,0.253231856002756
0.21055429687784313,0.334913256526558
0.6054497667331122,0.0389094969418749
0.4294365470848439,0.186093717253926
0.4215950122902757,0.0307428816854153
0.7283269702361308,0.0287137341449203
0.14003610004649197,0.488026611363702
0.12312414300587099,0.0724515574717985
0.1365262518237989,0.490569200421393
0.1171527539822056,0.690278743861265
0.6043208198617702,0.285927570611445
0.20680194485983955,0.0308667504919347
0.04992000375013509,0.849977329805595
0.19500931280330908,0.758666780950619
0.17093163797379055,0.703795623431489
0.8486259152920717,0.00546425449197628
0.12445531625786735,0.65294550553548
0.560980404095792,0.380740617250785
0.34581936454880824,0.391829133416796
0.35112629891413083,0.249325236403499
0.4774886515872986,0.211135581157244
0.5767131754151097,0.0431098899031761
0.6896777556425219,0.14925199921497
0.05508788434333343,0.167681015568154
0.1169157421236403,0.791585762571003
0.18578981708833908,0.255838764240762
0.42191143891095445,0.0778022235804773
0.41574336544158197,0.184011692791935
0.17198724556733822,0.823415052769729
0.2161157800775673,0.39577479098006
0.2879161364370549,0.00358592281529309
0.16442054864065406,0.582556697400865
0.303655045994657,0.635977824975918
0.07026493787910278,0.09045848535144
0.4466506319154126,0.369987908093143
0.33578603835441057,0.0853266014784881
0.19984650256050882,0.179257161094548
0.21466468222343996,0.397351898807908
0.7598159274212728,0.0457387286520301
0.406540910670108,0.408436846661861
0.37394601824415696,0.44817817153161
0.007071978883751295,0.713983362567101
0.7255061882881134,0.273848888434616
0.35492348169212945,0.384218525513999
0.1953739605764485,0.361850474211752
0.5354964933196524,0.287697999301446
0.0928466248264546,0.00980533085202497
0.4904268809841616,0.334456654624827
0.0404752778980473,0.46942155911624
0.3995118969195121,0.329453518000099
0.27914823563957025,0.161148744940006
0.13450631065101662,0.440379981742291
0.27174333907029924,0.393603053587238
0.8400071184757937,0.136042492321411
0.8556882430828657,0.0745316711905246
0.11668737248068499,0.221607375553336
0.6170264254847327,0.0793379012056147
0.1735011073928431,0.363434074064136
0.7037215201136375,0.071060033694562
0.018175358156569305,0.669747667452645
0.1562248907710314,0.797264169913679
0.2688051745339878,0.327351532579049
0.3409226118004058,0.299147530343167
0.3134505856026554,0.249651295204811
0.12657147321867396,0.419357921034599
0.2393796945493997,0.213373915907992
0.501666733982465,0.169452174597061
0.21316587493212924,0.375353654348945
0.1801009321830417,0.156397932719212
0.30873026041805296,0.205026538664135
0.5410892711359888,0.417461188515171
0.3345035958943758,0.357516640695509
0.17783725101660133,0.622293999927702
0.6088140662399307,0.0657985255360458
0.8589792505327707,0.066871457820804
0.3406377495239783,0.571834931703557
0.18068840696908645,0.637121875002038
0.7027931304932235,0.199412902532576
0.1630867621384363,0.405848514654404
0.36441128160940023,0.297517834141325
0.3246461882669202,0.243261999852998
0.12091647884456867,0.841142938528186
0.12564924498862284,0.806943589922427
0.02749377153377855,0.469459807548545
0.23706427057829543,0.400446416189192
0.8847626216188478,0.0516039614623814
0.5158547105608368,0.436429918797929
0.18567496854032844,0.813090392836164
0.40503259945451847,0.365948082683995
0.4113909486953637,0.46262686106042
0.584559626603263,0.158427952090198
0.16881985389597548,0.513140179088208
0.4390704022632313,0.24566518180284
0.19135268389760032,0.305898886363694
0.35238675365758865,0.354379397142836
0.7627498112379315,0.201580498859379
0.8249705045441542,0.0033518719131132
0.26626040792552286,0.399840481311145
0.9182536937112733,0.0276403213643925
0.3656974630327625,0.462715879149222
0.17266115717934166,0.253913944495108
0.27735328004256954,0.441530367881174
0.5815122169779143,0.206619771148797
0.11116475266386824,0.236782075845013
0.8667463292210497,0.0498595043425943
0.2918772349877559,0.235342627360679
0.4249311907968839,0.343385372228647
0.3014420864103638,0.689627601412023
0.582733127001803,0.260972995401084
0.20452389365139242,0.399269370014586
0.32792744203333873,0.0488154151067973
0.12729129076178483,0.055018397017309
0.01301823048085461,0.273462546810314
0.0860447893830226,0.583607584669559
0.28028830177942804,0.34270979668478
0.9112926843394473,0.0537120540111121
0.38569945057745647,0.0880035821460706
0.24225532295350574,0.0918690431648488
0.1393449120561316,0.151294263796304
0.5332093487450011,0.408260282556617
0.024252513790888056,0.703196538671967
0.808349590599141,0.0183717829497315
0.11943542611758588,0.846695299485493
0.14985690187472886,0.296182762792214
0.3589873333888161,0.607608445303266
0.18289838522740287,0.568182061585138
0.7210729809011729,0.16817024148595
0.7667794183650968,0.0963834115002145
0.009690932494575616,0.802060129857783
0.4289618916742109,0.143933844490418
0.02214703575989993,0.836566191088982
0.25323683019011795,0.312587154295824
0.25041691516976144,0.445593744522296
0.05902217540991391,0.326955582666949
0.04738705675560091,0.0807385094282765
0.2597722085612764,0.597632230531449
0.42765862414574046,0.209575447788022
0.28318357658298404,0.541759786684403
0.14282212392375407,0.475568289891306
0.5493213202026154,0.290099940178536
0.0683337086053668,0.13521298059038
0.13421704093176376,0.839930323741859
0.0867428057910585,0.0652564103868641
0.584361024345561,0.378370931965312
0.17133180015945387,0.320599218237058
0.8947388839902781,0.0516404776104697
0.10022351772536832,0.374396632404533
0.08915640071755378,0.452028672814599
0.08542906693071073,0.792759661442908
0.05519556651355637,0.798941201352871
0.1002276951546228,0.444553857972982
0.5029788991060608,0.294549478007085
0.38485787416366823,0.248685817024695
0.18084696776962686,0.673337551665121
0.5910969500988155,0.251550723621501
0.4627396241822338,0.388302629956575
0.22263376991975614,0.481507698325311
0.6124976617872717,0.216613159166531
0.16044522969433136,0.600836316123602
0.11424465658437859,0.00370290328204022
0.897091303362846,0.087608226975571
0.5923349434769665,0.352819954686036
0.42662334252878725,0.349738807196476
0.08304248835218553,0.234995088642042
0.23109243350341613,0.766568836804283
0.07518259210526174,0.515732766298157
0.5449830558166066,0.162532734189715
0.30834950470643235,0.561084742139778
0.2668852750121058,0.596599681847085
0.10868364342913847,0.0839942923562682
0.8000266672263859,0.0852101472110489
0.14843949823312963,0.150812017007871
0.0734286678949251,0.118464172336127
0.22114617413383061,0.0660576090284266
0.8031423108254466,0.143776055723887
0.08456491097361542,0.239146079449482
0.5227184229264229,0.303227788943535
0.2542797813595327,0.635412452535901
0.4254340248031707,0.0814697354337403
0.2471195852564187,0.0912641852230381
0.10237538663415255,0.10866166502803
0.0791969198208428,0.0654335968596892
0.1614989285242261,0.335019464803278
0.6353597379325557,0.312772269419843
0.6051418715760439,0.290205923521954
0.1382112052550277,0.373188392711595
0.23244857820452736,0.42734725772575
0.0492477729724694,0.521322124123061
0.13780532425685169,0.766216323126969
0.6303280684311491,0.0999886095391512
0.1794676347399125,0.0895939408155992
0.13179204881031872,0.232246427942033
0.27884853331048504,0.414868161710333
0.21885871323238823,0.580273746406111
0.42129996153637544,0.539252355837249
0.1193563661917144,0.269612782322079
0.2098228264466927,0.219514815774435
0.3482781597518736,0.508053059963178
0.2036698302937936,0.293781882381725
0.278895569445668,0.67812585462614
0.2947564131657444,0.284677028821344
0.3065313918604908,0.490060582347446
0.23540852113357166,0.564694745566987
0.5996541846282527,0.38808610321921
0.09359131869176818,0.176452702787115
0.2883163991852496,0.107894529222638
0.521124057056928,0.118304991930059
0.015554111930210246,0.0520989969628544
0.1982312107261224,0.749167571037966
0.39458226964118076,0.0428987422540183
0.2045211707811815,0.249784033452722
0.10229256457113774,0.390988012231659
0.30795946745352276,0.162793302892097
0.07813691627087839,0.737183188132357
0.5159388186964294,0.114943983795304
0.5652489897053553,0.0854234902885353
0.3266380154349205,0.144617279703933
0.1556964905952943,0.647080378048531
0.46974535866077055,0.055641556390474
0.357545947393251,0.380137908953123
0.23642506804210134,0.0578308686652487
0.30730410025650484,0.307171292028426
0.028936216493219823,0.456533162990694
0.9641131224504179,0.0108609853345628
0.18734078675652385,0.191541171406022
0.34826685141331404,0.014813703861974
0.12946266012658447,0.754743452922063
0.6155189389561646,0.0373681560634537
0.07281880103300528,0.508000283024346
0.4658643050291739,0.0718071526348303
0.6147311209556282,0.328671385919046
0.05414191290366955,0.787936939664848
0.143868443974272,0.638299521807632
0.2726496561324027,0.456030516098055
0.353221651272119,0.109837533492796
0.10230949641069065,0.797425944232179
0.1913862458108947,0.785249891191105
0.27685396265864093,0.70988912715568
0.0806235411052239,0.0531311065895585
0.13677068852417937,0.024988756443621
0.024743469860749375,0.600678044233508
0.1198038095386343,0.301232217666773
0.40779936533605005,0.500674506726361
0.1255621176433152,0.605369537112551
0.6046730097799208,0.0749196709960766
0.08096601454085439,0.309771918467906
0.6492385206750727,0.0241958770584944
0.12932520395522326,0.0634768867126144
0.6626075206159134,0.0794622298336796
0.602340519132756,0.337518507320708
0.38043249501140136,0.253458972889093
0.14362828968769398,0.0846523670332635
0.31404717594415227,0.102725700240697
0.3354830600786196,0.305680696298684
0.38450130827974516,0.207433102423579
0.2880129175342701,0.241272202377801
0.4455478655678489,0.155176873896737
0.053373181858674956,0.931160353848806
0.4197951870084511,0.246388508397118
0.2799533594935684,0.196514152628402
0.05848734234984069,0.473257883025653
0.2171564506956019,0.603410184219267
0.02617395515581575,0.262609877208876
0.09335449578006559,0.353743159288697
0.9088235020570353,0.0127010284916818
0.12818410796513047,0.490861046300802
0.33306000988433027,0.529054337673844
0.04499154867798777,0.431155032166223
0.07815066939290773,0.663290184577755
0.17626754895347263,0.116503872668005
0.14065893730849388,0.421867271336725
0.19004476194854295,0.141819963970277
0.003151019308934397,0.268147326808181
0.6711593964363138,0.198947035408503
0.38719306541219956,0.0952489763872243
0.2849872976192996,0.319000773562975
0.14418653048320226,0.457071448524009
0.35967583519805285,0.0277159190357629
0.08510980428819388,0.785002461238167
0.09630414855690927,0.475126866574657
0.43830328688696824,0.544988049876128
0.012490262263564542,0.27238397434952
0.09071910826042716,0.615238186082429
0.6996517596094023,0.126344334847977
0.1452867097971157,0.744870539352733
0.5129807940583687,0.0490765502442058
0.567416001566641,0.386583604456533
0.5458034343250695,0.0874770749737491
0.9430255810068237,0.0422685404813353
0.05893219177940805,0.449062157216301
0.3270174831733986,0.570738712725071
0.5906876979664126,0.0546562143288863
0.31303525818243555,0.353049665826301
0.753159767079774,0.091800514786615
0.19863456222663373,0.441574037575668
0.38479991802921104,0.424307036385988
0.05357335802733964,0.384668824723978
0.26599815532041643,0.0352684197799127
0.11059458697725938,0.0594851823068533
0.06860450503646073,0.253154299238182
0.1899381417917392,0.110851278295349
0.1648644649526305,0.509729526516215
0.6425591770408932,0.123685768662449
0.11655087705138963,0.0585282971244847
0.2803907607664881,0.683915240176828
0.5647909619259955,0.0667238032873465
0.2634130486866132,0.642072904477121
0.7110561605042085,0.221719051043836
0.8255327612785331,0.154464128059568
0.1596511792508405,0.343815700189239
0.17284313042663335,0.456247998254679
0.32193452023142155,0.0599756174033655
0.11945193502780202,0.826357641422902
0.07366802646406038,0.207817583703315
0.430319701875629,0.28976323078725
0.11791692582639692,0.674493026419729
0.12194391872995304,0.708384100540351
0.22854001381273328,0.475197541399322
0.3635045243186796,0.1198386554706
0.030029905153145974,0.860200714707494
0.6263371106828205,0.280044414020576
0.10319928847013884,0.886952085168316
0.6099795506942995,0.211176713728191
0.009451332655436132,0.785995991343435
0.49437861199132005,0.279327786322578
0.24392371792686102,0.515419833499247
0.17718906956882838,0.0541397786294541
0.07882566311169814,0.0381819399172934
0.4803041457038884,0.50301140776719
0.10929771337616057,0.381054137474191
0.42703837476471235,0.483884403415333
0.5162714343771851,0.260247479170244
0.21776312485951826,0.382445902495008
0.3946606471578987,0.421281130839328
0.1756237532678473,0.0452414074151528
0.015737460334711337,0.120428760944605
0.2823733904104706,0.348362789472686
0.48499986227039854,0.373924814460017
0.028855412642757868,0.858749402807799
0.06472759695522295,0.895324856204906
0.4317279057637348,0.422626514951199
0.27452599121678195,0.178783776267457
0.3410288860549148,0.195646166648169
0.47815300985618114,0.110344509568162
0.8933978592947815,0.0669409572785234
0.7671061993399985,0.0929365488595484
0.5256691284153182,0.188839438404654
0.05586602054281468,0.571631166880467
0.4510552439133737,0.528754256242617
0.11529937948465814,0.661022558818851
0.03254368062905345,0.367694413114494
0.001609879800445734,0.695559914371816
0.31403922505682264,0.598775217464808
0.4512828778188881,0.203636038739084
0.18545523168164826,0.793305945884349
0.13295398775780862,0.571890005152733
0.3952804640861252,0.411291361770793
0.8537810580019022,0.0992152216071593
0.003778309374636633,0.105150229900137
0.3499431464254846,0.596831932824448
0.07357993533259731,0.182360592746128
0.9851192530035013,0.00358416162229058
0.2215683353251584,0.75784736830009
0.6913499206993394,0.109272639880006
0.4096939043570813,0.189383691492104
0.4731291270791336,0.30648309361679
0.1727736855291998,0.646619942274103
0.4861609800164234,0.187509209888622
0.07003175147469273,0.910220485538153
0.029743043504394426,0.261919902324519
0.013766190226849832,0.257623201946734
0.4382084564248268,0.13465562113511
0.5374996306337027,0.394410120614153
0.6490681569911482,0.263228677540554
0.3011607277819113,0.111792803272281
0.5160310086308788,0.409226836740134
0.5093828938533552,0.214303892554282
0.1859749117786468,0.0574064598218407
0.047716278295276825,0.407475500543
0.5573385526626329,0.434619526571779
0.12210000309347037,0.598441078326252
0.9403622584475481,0.0533367945131849
0.19340363486157872,0.181508143619851
0.06083467714155833,0.839003179132102
0.40567720468085944,0.0758673112548962
0.6649546005222302,0.180249046316636
0.4689306876398873,0.266128685992112
0.1530269998343677,0.508540071587319
0.028921946972895893,0.443658269309098
0.43490054757482555,0.0814158751970761
0.1557847491024384,0.0207755042548944
0.20170209756845792,0.364754457594953
0.14568779665265963,0.56684674203609
0.6626743042076227,0.187939050061329
0.48583943142973124,0.25941626126017
0.9269527103186532,0.0692563053921019
0.43266505400224353,0.298732449867437
0.1981271608690023,0.209267204238254
0.29045090311683885,0.391088986047452
0.536768139261372,0.0299128068023619
0.0696070939394586,0.11293269074441
0.8405842061987375,0.103715404165228
0.041834720337114474,0.419862601713806
0.6923874368675098,0.301049221181888
0.3351363201689573,0.659453303335866
0.5603014877860484,0.211041557818215
0.24656505650616256,0.259037200622951
0.9348047916665134,0.051364513817816
0.3290033864619232,0.465367156314296
0.6829097124177167,0.0791334971838806
0.04323206495684045,0.915695345718725
0.08396777465579869,0.226677299971073
0.3053804402045839,0.241034062246064
0.3897730761392144,0.104022863078248
0.7311908743577694,0.145034592288031
0.6936366815255872,0.0847620366393568
0.608181477936823,0.348476173873065
0.8181082856510514,0.0843577429152945
0.10148747041535759,0.0834612318823537
0.2441291195925764,0.533906263865421
0.3042247182795486,0.262186227798351
0.7377072469135295,0.130353472772052
0.23539009413238213,0.659446354285862
0.5708960398496309,0.000629953934156047
0.6991509642108646,0.148950673290369
0.5261851291136997,0.0164231769924336
0.8703433553865451,0.0922298583080324
0.6392093510129246,0.320591427128979
0.5036675180133035,0.389397144557272
0.1705155136832455,0.171600357980536
0.030406519536126154,0.827685639896947
0.2311423445090163,0.0363540335773656
0.5878824795367896,0.346530145639118
0.05727950484522201,0.736495242236209
0.318425356609484,0.567688134123735
0.002996846960413668,0.071551042952492
0.03822929641876168,0.111765970224445
0.6252124092287835,0.164262170943201
0.3453039512703396,0.638448827599888
0.07588550298698316,0.0616887487425036
0.12475435562929248,0.802433550739785
0.13046773042118565,0.115537994579328
0.06921633557966238,0.706952550297869
0.3274184694591205,0.085665426925588
0.025183272555706595,0.395391044731787
0.013649056130051669,0.593092707923915
0.504794390769571,0.0767538175769745
0.018911771093434625,0.246866680929727
0.2536924766756076,0.270256736040111
0.16030178280632956,0.689244957209288
0.6235060087905083,0.279103930253396
0.21815461802952252,0.663260976619819
0.22966116850709803,0.404373976316753
0.290604659254343,0.0250537021606768
0.5864339261102406,0.184094687664867
0.19577481043003112,0.583288194761673
0.17971854051315342,0.790577330643898
0.20730275097579567,0.0521399996954761
0.627455900305252,0.0388268433107353
0.3763137803444447,0.151933926408215
0.29655976242993176,0.099822446146915
0.2017682373976066,0.556318045940666
0.5669711471156895,0.418629740016267
0.29186322925235086,0.651042063813697
0.7824026865777038,0.0898016975856969
0.6347809059874685,0.350351866689554
0.42565664132947667,0.435418720047366
0.4681586129379011,0.510395822511974
0.6588751079011733,0.161840019987524
0.36413323790912366,0.321447729014459
0.05839226749949791,0.465235433597586
0.09300513684455838,0.640493128474022
0.5389828401258581,0.129124135441866
0.047801398991776586,0.785385242125146
0.6858185401121906,0.0812065317653258
0.5282666614756855,0.387486436720532
0.3968028958786237,0.0621031827881184
0.7645923047569358,0.198916597322295
0.10812671235625634,0.817806265849739
0.7230429571548612,0.196584753006715
0.706006656538169,0.150547685819591
0.059774688079423224,0.155650841975598
0.9772936223115956,0.00554538614631833
0.5052372247102096,0.0909486066505246
0.23444657994639018,0.000936339092910914
0.8038563368163705,0.0311359389960484
0.4165883381330096,0.114612454451622
0.7611098931493323,0.175937747624939
0.3061677779782267,0.317885662936842
0.13907297543049926,0.377760214426321
0.27474659473866087,0.305622964847054
0.2040569727492822,0.765234934753307
0.0026778274792840094,0.827893181832665
0.5192385104960138,0.0586582200346225
0.14182416451773247,0.741548323423932
0.4846173276345174,0.201056910182213
0.46322107322607653,0.225838195459738
0.39187815994102704,0.313798518399647
0.6745876942458326,0.242743077300051
0.15328979347150823,0.499687224780587
0.7095817918502351,0.190949418221331
0.20875139050811872,0.472925852608244
0.7707891168354241,0.0301009325904504
0.02467547738833672,0.509619288572897
0.0796905776648714,0.696941380639964
0.32296334270175014,0.368555983867009
0.15693416018745684,0.216651818117586
0.3886112448667902,0.608873461135711
0.5592615455550249,0.0952053892202637
0.1576351340569996,0.738365521409052
0.2661014943907471,0.356953180997119
0.03533258652677861,0.21362204946761
0.05181903902504421,0.766649466577665
0.6794305061553122,0.242506309868882
0.13682646489244804,0.319791852777311
0.7115206035902457,0.282071829544206
0.2915223449333563,0.236405899835142
0.21707956349238622,0.398822031858153
0.059912945710729984,0.283340558785201
0.16035506343486164,0.488127751178775
0.7316881724111829,0.00478964732029992
0.3027325731876554,0.210266120959285
0.23202275017222404,0.0545239200703109
0.7362811834247817,0.0139737311964171
0.3355602364756089,0.440801519030272
0.4369870718539007,0.324369857449779
0.18899028332439516,0.720455681813929
0.830586411171498,0.107781558603555
0.15348950878282627,0.245280586843743
0.38071533363191123,0.311629154580281
0.18918098696226296,0.0425748900178394
0.12775822862278746,0.80722846856079
0.8121645213381811,0.185554614570448
0.19738419750995692,0.400737862705647
0.0949243719308465,0.556626538213186
0.6262595834339223,0.182834804088762
0.7931515652195735,0.0380967414056027
0.7727360070898311,0.100359748035887
0.7804535162133867,0.157462720554297
0.14824367207218508,0.133284594312221
0.10467340805488477,0.302440385769756
0.032210026222302825,0.587104016376919
0.48310558032185746,0.132848798355866
0.3545016854597675,0.576197019372277
0.2741886668613973,0.591460073113692
0.01489013552976842,0.801026771741983
0.12810631972848308,0.150269343268115
0.21141182434453318,0.051383348084196
0.8201018992535297,0.0096428586002017
0.06017978856529686,0.543486494701705
0.014118752777646673,0.45706859604297
0.4025269889008696,0.205775199229327
0.10192674369284799,0.235419448332644
0.0841459862233992,0.834191863901321
0.16727294878723412,0.0725953968960318
0.46224019376555436,0.352671616355653
0.9280117282296876,0.0472261064490967
0.9432129909128775,0.0562498203700589
0.8161645698829034,0.0206138929502853
0.22206382129470123,0.239536169813739
0.18409116148973775,0.0263585012768779
0.161271076562461,0.777416905688252
0.5607446949306774,0.348698036687244
0.6299229717192749,0.300172227456192
0.20691603330245215,0.784459535115018
0.2215098525825465,0.298032044375634
0.3537054515843209,0.0599016516612939
0.3756799957545383,0.144748161843966
0.7556061141665976,0.154707529530458
0.16830431480140906,0.00758905141417439
0.06980173225043647,0.218131484992317
0.20502355196016472,0.130394909837578
0.3986658691118426,0.582195863830833
0.3033790561941836,0.0853396225333073
0.77707358391503,0.0612478704586865
0.416448298766314,0.5818952852858
0.45137786572577127,0.0552467560632751
0.47134442161183504,0.091527014367427
0.4212859169601891,0.13514492976743
0.6481781617829561,0.28815904215034
0.16291146769426718,0.168191555809783
0.14947695941985556,0.788504900192831
0.18577956218937516,0.144932095129076
0.30060734488061863,0.0110612490810598
0.2160801072949727,0.0589446937231324
0.16259855779828195,0.791596487497894
0.2414899288907519,0.499051734104403
0.46957487726471814,0.050840098367465
0.5138954790547277,0.0143025074437827
0.301142516162338,0.0795812246311824
0.6225039835009953,0.111538474415488
0.6055611900967433,0.299502020103747
0.40646493795285926,0.583206288434189
0.033788117218271276,0.751975108521863
0.1666777493734856,0.0838585554415448
0.0021593791526656847,0.384968010288834
0.5305944095345602,0.281480358409954
0.16087034650534857,0.570480973137687
0.15508072234657846,0.532238555127032
0.6539124194444691,0.233110897234556
0.2567428049686113,0.302621990433822
0.08402603731050738,0.110289944450837
0.691075937893416,0.220907003683787
0.004691556102138065,0.857044132720299
0.34871594805403994,0.339217292973155
0.3188250323342246,0.283329095487742
0.3013130257883299,0.393807708236096
0.13215648564143181,0.697336645033801
0.436009730007344,0.307787096129999
0.26817762828494734,0.18492461458903
0.10637333637466806,0.49560700751147
0.2945473084653083,0.402070775713047
0.6569950754650778,0.297778121409689
0.5656055092722672,0.257723278506054
0.6223197455624704,0.147750768790546
0.46828394082242353,0.324212171455351
0.09010275639314336,0.904363431788985
0.32415436177519985,0.0822592002619823
0.00676850033032456,0.458181507417102
0.16122508187917128,0.0344833285889454
0.17152379093206838,0.0927932621371086
0.20660977082904491,0.65084248501907
0.5877856392016093,0.361702955883432
0.3088906869309742,0.480253225771577
0.35875297205043993,0.509162374651908
0.2212064749187541,0.41587234549434
0.3707500454149973,0.590338901923846
0.3573645520102143,0.0069892675573413
0.5655142296879241,0.133182181531932
0.1516198651732101,0.270030363903627
0.38607996572926123,0.611000785555721
0.7289926900290068,0.0536514843428015
0.7817798460217853,0.125059094750828
0.2847571073181655,0.0265319169394056
0.02998794370061498,0.506209658400343
0.0360806475484382,0.0307461559153382
0.2399182106458592,0.756225143994006
0.8586387460446995,0.0407838561595296
0.3690068634196922,0.156971487796288
0.5715968177831453,0.23469525846145
0.8195577606372396,0.103800068909323
0.1841778236777346,0.567641600953732
0.4172889717704965,0.47534880076997
0.07106752872158016,0.154628902835496
0.007267802108130142,0.485257395114549
0.6177728739039356,0.110078586589039
0.0026600789164713937,0.604240566454663
0.17376534168439822,0.044786891315855
0.3190067554916444,0.0248949958119827
0.14696675783590835,0.55370591185664
0.15839643064901163,0.721830056638644
0.31020760233431016,0.308507942090397
0.14912508998912521,0.517517417405724
0.3003956651850141,0.532351764219562
0.11464666289821025,0.493460268620505
0.29947923575947827,0.384710089149847
0.28335000077000566,0.536702944133939
0.21745723727418306,0.131949145512552
0.08222815017878701,0.854383075065635
0.08810712857648545,0.777142854218163
0.4160133786128302,0.428489387788285
0.19962895364732222,0.00461268205609287
0.5480265531766303,0.10605343218134
0.6150582866357946,0.263398889092237
0.7860452150130666,0.0938993010478466
0.5605177786612027,0.108865124307759
0.27841725839875225,0.474809837267769
0.03977589852693498,0.736581198186008
0.051928314723083846,0.589529154552026
0.43026247085049546,0.47141191005359
0.3516542365109992,0.193393636195635
0.8062614543325954,0.0960142811370349
0.15941300719444781,0.376464395092215
0.049713652367837834,0.541847342212699
0.8331798369733151,0.0266092005585189
0.29202351585345654,0.237078079406136
0.0569305337071651,0.121191924693907
0.42789860913795885,0.113900447286053
0.1807659856218909,0.147546409346807
0.6254210413148731,0.0155558944963262
0.05584674369111227,0.302939763746663
0.25419615494115444,0.236391353693848
0.18911756548405959,0.300082620401576
0.40649728591557077,0.163060312535403
0.09891158716533752,0.0281894694857131
0.8488137521712783,0.0649924854820585
0.27512796424687425,0.275519359171659
0.06507827396886572,0.141862244415949
0.15766390198702557,0.62078007642115
0.29007126083220786,0.307359319717672
0.8962796183340834,0.0219443300985852
0.24588660763891632,0.189896910025565
0.422872054868891,0.357323957131747
0.3300107146525027,0.377085587961591
0.08679889916117366,0.745304620642008
0.5331424925938556,0.279401877842315
0.4832264432456158,0.433013372253475
0.028363011660960405,0.388610562072721
0.013404780176825396,0.959957405930048
0.47798528395603623,0.470024569049363
0.12235731681698814,0.129228825424179
0.14652487709681397,0.706066562102843
0.014276027052725931,0.600079506230751
0.03676169810725692,0.237243040452125
0.24968247068126906,0.0679069450802963
0.02747617102968713,0.638005422815107
0.002019421934624904,0.458554012690639
0.23833699626005053,0.683739620552042
0.04421504809252675,0.948799789104101
0.5192292103432701,0.453138957751618
0.3479640304842133,0.297386436298257
0.0916858052042661,0.584974733319065
0.31484268301270607,0.00132000627293946
0.4725545010285134,0.177335499741332
0.5002842984233137,0.0655570481259356
0.020090653984213107,0.806802174183275
0.15778479472147094,0.587723294254655
0.32118090268199984,0.639207666771892
0.20542493904786382,0.28570712297909
0.2083664858673016,0.516812487089812
0.281071693572112,0.296538697598022
0.13792145312758156,0.175815283011894
0.5169066398884797,0.0157333159753646
0.11245635225209599,0.705257038497681
0.19559452120574397,0.580478169914391
0.0530405187745892,0.280442924202713
0.7762741846048495,0.122169004413548
0.20366854048554225,0.455649586969971
0.6822109375685156,0.271953326969284
0.31446657834654335,0.632570573845134
0.07447682476978046,0.562926032421341
0.5872038808111719,0.109774570371211
0.23495729256222583,0.11890011284852
0.21639616686293633,0.296499304305722
0.04282991030088179,0.738279811538662
0.17366357546840308,0.19412821894485
0.2070146373453637,0.451358183959689
0.14149023864412583,0.181330873470126
0.2596875982016256,0.223410221330411
0.09868738923338863,0.387724135792711
0.11941107576014273,0.746974690577538
0.47028619920736436,0.468421805713079
0.7375426029090312,0.0127883156935287
0.1613011592108193,0.439034025287956
0.36699663664526766,0.381041014867423
0.48703230838132133,0.353225599235516
0.0028208191250310034,0.690749671160147
0.1879438433739153,0.0407198340659191
0.44229339084783087,0.0919056198389368
0.5159181244510623,0.142822755492601
0.5529857023810474,0.372835999763096
0.5206058687365035,0.0757312519802722
0.24139879936357547,0.729563357800624
0.18515033538434167,0.503740361828312
0.5883072843822084,0.220719726496358
0.6633407967098804,0.143390917244361
0.07323757615875112,0.487825090262451
0.6621594808074951,0.0794085478194903
0.7025743068832762,0.205462064431239
0.12332099740574211,0.206841236727504
0.028992511653883626,0.603355216797686
0.3199641649477379,0.471994303542903
0.08666356172949341,0.843137795676082
0.17980809262365263,0.323011445474138
0.6245177230665688,0.0135619592668511
0.2955275856427994,0.657444492877473
0.18739624385428386,0.366323532388764
0.049963621834025286,0.770831230550838
0.21511759097425295,0.22358925661564
0.0041946256407702585,0.277819409638547
0.16097299948051427,0.676355589791081
0.6853916065706146,0.264986542711398
0.3821398163537835,0.392137672940887
0.251321530404772,0.714076568827548
0.564597786753336,0.0221432170980057
0.14145597695189568,0.71747082135817
0.8291225785981973,0.0685541554210589
0.11827853545798801,0.362337662689799
0.16758666174779696,0.198335400454845
0.18280010215456768,0.619301929258278
0.131608687002368,0.249809430533329
0.3266037169608219,0.328061997641089
0.15672387365998122,0.374660520466403
0.1799671350810844,0.507381322064334
0.3890697664940998,0.23810199237547
0.47504777048171737,0.456538074771587
0.005532757373725558,0.538359791282287
0.07057200507792276,0.876998584556013
0.22057319445522805,0.535935732869778
0.1764724690124832,0.536171914806204
0.25619875880655446,0.25338282959693
0.3341838146289795,0.377097078978792
0.1769874222404403,0.806634105876835
0.0972172843844377,0.17006321226025
0.6394984592455529,0.114076936904572
0.5047754670155272,0.00614751263896701
0.08722994168673003,0.504613003502707
0.14740295057934782,0.388154188143531
0.5279074402636273,0.15575777539909
0.5926182707149891,0.215040532429181
0.2520921982794196,0.529157566394101
0.2333034847039744,0.632443633386285
0.14289543981348646,0.000456555647311577
0.025769284578966607,0.325673531768455
0.1702814076346763,0.0968739151083753
0.20799884194867554,0.604409295272996
0.21463904657421917,0.77261842038571
0.05740631172444563,0.928285178285477
0.630982271435712,0.0353123163360423
0.3074935893921379,0.491543889362855
0.1701207215720446,0.496050999130346
0.11355529768704005,0.759934187094386
0.19397503355290163,0.197078160440507
0.24318540304776998,0.262120779468494
0.21490963167718963,0.674553699390877
0.23645033676209404,0.482655401968431
0.5019241813747373,0.305397090038941
0.04808114558223801,0.393692971420308
0.5212243828528543,0.0803972871096638
0.3743645237244882,0.364111853910619
0.151531400551418,0.834923854141166
0.016055132205650188,0.883151969083464
0.5779948385691818,0.380096587792357
0.18182088684358444,0.225544961302331
0.8731613179010921,0.0385263569088541
0.5534060739344044,0.0223480225873
0.6229159640939671,0.181819544318444
0.6665449022707804,0.149017526863575
0.5147527354426044,0.104054849596847
0.5844391489953911,0.342583176277078
0.7040801730170871,0.191814928551779
0.4439781706469407,0.282894522229136
0.6316031987259836,0.310630812294881
0.0046835175827001085,0.932273109928442
0.18145091242656383,0.172436754776221
0.18075521372087036,0.754438427092499
0.04691217610045012,0.00596909545085738
0.10559256537461935,0.513339070317221
0.5442315717307776,0.251819287298588
0.6498812015116332,0.312160162587694
0.8016879224610621,0.0784869990417846
0.0529099237482543,0.636821300986846
0.32075323871078165,0.0836212281555696
0.1627024448635113,0.203354548528896
0.37812204127118587,0.0609852575249904
0.6332806063930919,0.175508303595958
0.22708096170919975,0.613443088304465
0.5783161059136971,0.179766289788758
0.4398638845525761,0.355745909457245
0.6282124615043633,0.12987683344394
0.5639916931038638,0.104406133547439
0.39786760991041914,0.563098299195341
0.5420891374151701,0.262309256801403
0.3586473914150728,0.0363903815843938
0.5144382815958549,0.45391028520735
0.578245888415414,0.420361869494233
0.3911020017306434,0.519211974552308
0.573032459431547,0.213885955959186
0.6423855973475403,0.249915197018346
0.0007642819833982436,0.519156202660699
0.36965849957029995,0.623941941141755
0.34936287566719376,0.483935135571069
0.3182642155461631,0.559092613017258
0.28212315233795454,0.156716656131667
