t1,t2
0.16093064658054837,0.315812810933879
0.4095533290490648,0.134838513910064
0.25193491131007634,0.0696480500329687
0.0885047221566353,0.666145796041797
0.7619298025564137,0.147449225845801
0.8428470259838434,0.149012728599375
0.0035235790264758014,0.274083652077581
0.5310456520931472,0.446628699178134
0.5230776750480385,0.300737724554141
0.1596232307159503,0.0111783407251507
0.03788734710457995,0.636657034151982
0.11819029830932372,0.852513095795353
0.12805634983825256,0.150545097889886
0.03560698371957632,0.0417791198544731
0.40351505735895543,0.507220272927609
0.24210416743245103,0.00525536913611406
0.02005790232729266,0.0317388548655683
0.6586485243739212,0.137400184258641
0.08772554127823726,0.0838574410297109
0.47683006681334006,0.445335825935823
0.39991272902359165,0.386634864698556
0.12376058060355233,0.231653086739951
0.5864741769540931,0.267748060225889
0.3920026892747165,0.388534871332626
0.28978596694147996,0.0168540735411711
0.19882635391001605,0.573784469627564
0.10276702385149973,0.785754724865811
0.21021024694676954,0.762621216852137
0.011407920132630847,0.16239689343364
0.7538081505651255,0.0256744012072764
0.15646918602961699,0.700845411379255
0.5899307293061539,0.378556274838427
0.6150150035488383,0.344877240301926
0.42378545934313794,0.32244868068123
0.042185683254057305,0.152563143471083
0.23198807539652067,0.751804994305123
0.0910727006190235,0.0121858921711631
0.059109753946048005,0.0221825906191247
0.015963286670424816,0.665263624277084
0.3338368099807861,0.438560144054544
0.3097847858882668,0.582666638906608
0.06339368640896695,0.0199549117171998
0.5556394216372899,0.428431868731145
0.07087585734353533,0.904776808149098
0.09913961739337704,0.0862009849693211
0.385043786639925,0.51891662284957
0.47613308854802827,0.434888899525219
0.07818249856527308,0.890378667947219
0.07251315253346113,0.682697717659165
0.48840634108503117,0.313151518067493
0.004992216252967309,0.00565694307126256
0.03663418682094769,0.0126028445915393
0.002056262016095759,0.174459589976708
0.47978233633130324,0.334223911361367
0.931793141733441,0.00143232574137481
0.004998484843447875,0.0724973210366625
0.3390491104796465,0.63649390144177
0.525917194175338,0.240435963462499
0.23974148498251227,0.6684789955233
0.7567562386312462,0.14114233595534
0.35875240139589554,0.629827294446452
0.049461024235416554,0.00799306106994704
0.18847095564808483,0.114165561150167
0.08071780760048211,0.0852565454944271
0.0225917210834772,0.0512509711560083
0.46259504184775185,0.287152140190687
0.6562175659613109,0.289170934028038
0.5005870007476795,0.457313670869441
0.046984143478508184,0.0916648926317941
0.3940030648758295,0.0140280839642459
0.09145682804134629,0.0284379543945235
0.10288261513840927,0.552027927913829
0.6106123225947598,0.194844519146035
0.2903324806636939,0.0332557452420627
0.03783213945549748,0.133847220544553
0.2540313949272288,0.0898292178566652
0.5532634668215075,0.407088387041342
0.006426128321287683,0.984100254066793
0.11905814538456305,0.164199897612052
0.6697238398384756,0.259891224879627
0.16749487262604215,0.813780214009363
0.0330929954378243,0.0280709552919988
0.11609064588067279,0.106489751254618
0.6602867891082485,0.221089564315363
0.4767661158972124,0.279961636104198
0.1820521679148567,0.654639472387004
0.01052765658200824,0.0686402157953693
0.6965020501703061,0.0467664120328808
0.37157997340324933,0.623877528774583
0.01382183647704464,0.088049875597027
0.203644568788826,0.743418784785171
0.032187556994985,0.0805148468432268
0.3081135685417524,0.503289153029783
0.1774313967745322,0.661313285172976
0.18348551088580523,0.127447782464826
0.01826589297584545,0.00431836021486572
0.3062165605670199,0.261245853700606
0.16609196247576447,0.778489657699141
0.6303820206286518,0.326243487728703
0.6612251681824167,0.299951856277958
0.18624236050557105,0.0488823670798885
0.15258423278438873,0.809895609531393
0.10502284778169471,0.580541485002405
0.27445209852317154,0.703542022786013
0.3502331168803465,0.00621037171690245
0.19468528779734606,0.733717788380267
0.08773621403290377,0.00533779579736225
0.7509719083941296,0.190749674706184
0.032972947447960685,0.859670721045485
0.7003848537642522,0.271775353236919
0.05166322024704681,0.0370724792475828
0.1251113855558566,0.54919405153122
0.09872510751549346,0.834315675909537
0.009327246901315353,0.738836153829297
0.42935755360952954,0.138875350700538
0.30249499260596596,0.217908135907983
0.015350506429984935,0.0759610706020283
0.7405757184638763,0.159334055905853
0.7525125343891773,0.238032117510365
0.0470424112487469,0.638809823382093
0.008797886501514246,0.00596765007951882
0.02549379763069725,0.967753872892898
0.47936270075016096,0.25794406754754
0.7191117690823166,0.200406336275617
0.7495274076075327,0.211933394058558
0.14502068997743067,0.0581017671812116
0.7154162332241326,0.112620636045542
0.2038885029812573,0.0812290577338429
0.30040112909740646,0.686365780848025
0.3591368169818036,0.106585686505984
0.8414573210175583,0.0363829159288943
0.10994995714013577,0.827830670110902
0.7705167227356557,0.179876020038603
0.4831138239830859,0.324247024617005
0.11445359188145808,0.815741140954088
0.1943667442932114,0.434307058352582
0.008135835848672874,0.0679795548890797
0.6400601494674767,0.211994888121946
0.4612026477313841,0.47253824174623
0.06847527216040308,0.794420498710412
0.2107270737016992,0.753058886060405
0.11598042063599157,0.0180246691435102
0.4015057539194882,0.307331687679571
0.025405421707886046,0.57205712615023
0.6370524265259153,0.329919978890844
0.4708343944918867,0.0719509794458177
0.017638226329741047,0.217032510121779
0.8442670927868783,0.148320703349307
0.7261537577816567,0.14608151757447
0.025693188194616554,0.0669787953471595
0.08155789635704146,0.0183952915696248
0.39292964831211735,0.407452711532646
0.6584117197529789,0.287435163577218
0.7305718969214008,0.136589573728541
0.21215818286617552,0.715551286585396
0.25810325363061076,0.383545800258759
0.005388661850873845,0.145692495480012
0.1053174168119514,0.775873516230053
0.07300207693754357,0.90533891566363
0.3822230886909427,0.199081398911029
0.6124555210011051,0.0956269061980371
0.1451969097877012,0.823882747439256
0.6843392946100418,0.127954685907062
0.3061965036359065,0.601229920241819
0.015567821321062377,0.0535341111909088
0.275935448349467,0.716815203691811
0.05972063037438805,0.0586856613759568
0.004792198075302254,0.0422031903687763
0.06229204837473691,0.61096945907227
0.22678692384221769,0.619464483328819
0.22386716695093878,0.770439720941393
0.7874559732915258,0.120538488998286
0.891640665416554,0.0463388723728201
0.0554763280901621,0.890341408241632
0.020222482861429796,0.931131097633919
0.003931617707670668,0.00736428042321994
0.35108739448852383,0.513728614473041
0.6815839599654253,0.208634209149885
0.9781794329478642,0.0167902927549242
0.0861177711241421,0.100495649913277
0.09052000702206535,0.870988197210419
0.11727337922289259,0.0667214185160436
0.7267779613459242,0.264235293440134
0.4473278552139747,0.154345911655807
0.7597461929358819,0.208596594446473
0.13755798339828013,0.0251715797100448
0.029775763757176898,0.966857979334489
0.27198636041355845,0.684683544516163
0.3618820529811098,0.0989997360160706
0.10765216223654629,0.828473006184499
0.33347156513697557,0.655718495165069
0.1649368400195832,0.299503439445624
0.6241126607600738,0.369492520382938
0.34896986109968303,0.647825072364044
0.9135149456449752,0.0822616962447949
0.19902320409489613,0.583897051669588
0.06719716947298524,0.0429259805957887
0.056122190334453606,0.933922574849707
0.111609062800396,0.264017731430051
0.42620624540993457,0.543126669218644
0.013057214965960118,0.0649388978988639
0.11627295521234664,0.458897681455687
0.10088618466705548,0.123252162215114
0.12779436206751132,0.0940717595436164
0.05938718274118217,0.0280797361558214
0.205758558021628,0.129320758702047
0.4794716309177891,0.386454644102413
0.7626260522303597,0.136883935132089
0.023714563558768324,0.877972584582392
0.15569491407663522,0.795785578542331
0.39737767595124895,0.518097800416433
0.9084671771293541,0.0553842911049494
0.3878968575730737,0.0236927461096716
0.1296478283074234,0.234938408697756
0.9054578672998769,0.0769260518856972
0.9249092773053224,0.00116975597053115
0.3244159464366181,0.0117840972380587
0.0027885848886519717,0.175810390507948
0.1173471925868141,0.862129390511461
0.4979809515468218,0.100062252490068
0.27484136509661566,0.577818228351325
0.02544315843425782,0.00204812157922031
0.7171504498190496,0.143897643546083
0.798338068862108,0.152954978268751
0.15836707738749442,0.694552891416038
0.8492907219673975,0.113879904065157
0.2528137436011516,0.330965666721564
0.007307222442272815,0.0251721761437904
0.01621031794355102,0.857164112715576
0.3655771550874946,0.544162835020859
0.803546634306946,0.125338277396606
0.01735689184591291,0.0180937570270533
0.7756848223976094,0.0172303496673541
0.9219149157749892,0.0628193964133207
0.9609796338777354,0.0113429265698411
0.4004113805427545,0.101054734153168
0.10104047445360877,0.766659755014633
0.3384666107155134,0.5697821915327
0.41431794673764377,0.482781326588783
0.15252031186099996,0.520618883004288
0.26081459071967616,0.0143730155381853
0.039577912470007325,0.0227789389279441
0.37681906432997336,0.54433980222056
0.8565039169853503,0.0705283998337481
0.01953519738191582,0.90818491951485
0.1270784973670265,0.718346667470651
0.5818435652706023,0.255136991596997
0.8467790042457072,0.0611904709383468
0.42631262434950795,0.479211041564038
0.2201864483815353,0.705965331212652
0.1664285129698124,0.607582546128368
0.004864900962957272,0.0597890522956575
0.07964148587048193,0.151566483444712
0.7029191289033597,0.234792062735037
0.1423886338376362,0.000170043785772331
0.43958431672545,0.547725970841361
0.6445292809820601,0.214714601991793
0.4908234418171789,0.018239220148461
0.2928981639675673,0.666420567427866
0.09755450310924574,0.900823970135336
0.3462977607050932,0.509762538912551
0.49614839810452194,0.413485500866794
0.5379766555877978,0.44226782365824
0.22231879690413034,0.246784905323897
0.8845219734107482,0.0961298146661117
0.5783222033862114,0.274880935395847
0.6096567278573429,0.372360254498717
0.8747196482307964,0.0479765791215459
0.037278701016859615,0.18139938685279
0.008549708956799237,0.243028577705046
0.6978641847748535,0.165445005235181
0.06616502436125962,0.0297892518837781
0.17312240750795205,0.0537406659648239
0.0016950559934193774,0.243478122246234
0.821562085917397,0.0932163436916463
0.10573561256052302,0.838797377846291
0.25254994958822313,0.182407807576291
0.09725322120975612,0.1416264865311
0.18099006544384133,0.0676022639382402
0.4777577113826361,0.502494882323611
0.31695783315864823,0.554335166868001
0.6321508316204868,0.286172432501389
0.010750897234340223,0.04297737525022
0.17795908010969932,0.550333646205375
0.5134001830794803,0.471816206084792
0.10624864485305945,0.0714698851091347
0.12649708056897382,0.0579791339379521
0.0026972089629681098,0.0863723037672169
0.12890209528924357,0.61347601728351
0.07219709603219215,0.25390559335043
0.12436297482604533,0.432587961236004
0.011906313823029788,0.0647786670368722
0.20777657497115887,0.00979181897295377
0.44751152645201,0.306426841895571
0.6958291340338187,0.258510413717389
0.4362776174732502,0.558265988314304
0.8291446583809179,0.135186946413933
0.6335953411918614,0.12843723639347
0.15022492938954682,0.0335143627263722
0.49987986043479077,0.36796166440913
0.04008976948912161,0.0168758229384356
0.0001511054245772112,0.172460347858622
0.10580265812728676,0.0166579637437204
0.11191949270362496,0.761357240618501
0.09219602619284785,0.403963059341528
0.36738444562081707,0.495570327664686
0.12831990508920668,0.859257813442093
0.41391008926821116,0.581030552652285
0.2981269061996501,0.60031972425847
0.27438695176974853,0.0447372714415648
0.04731546952424889,0.588192415983927
0.8292531800234303,0.0363171327992056
0.24374220875779742,0.744708835511824
0.08293464475166515,0.885671027179198
0.19131161433056382,0.20572215819944
0.46615319110291775,0.362035792637492
0.0954323160656095,0.31289844821365
0.5108141269539263,0.484809413546929
0.676451555175275,0.0955980485739193
0.2246645259077908,0.00238957359712206
0.0006492959596121176,0.148730283928431
0.06048313784480264,0.911314099363569
0.5028023019139901,0.310992708600359
0.06354292574692288,0.823625526069235
0.029447008035591703,0.0963156893264367
0.07495707820609913,0.181962929794356
0.6964731659660645,0.262544565694119
0.16677223649156683,0.100005209881102
0.009424759996934358,0.971592196074378
0.008023073680056267,0.520516683162064
0.57761171273466,0.395474969302569
0.009818209323925757,0.00371710195378831
0.0724222048913388,0.831976682775754
0.22878494722132098,0.257011126683888
0.0191877271691793,0.429057695847571
0.26309739679836014,0.457939065545316
0.12583756659294246,0.721773616524039
0.01330493263212006,0.0135514812987945
0.0008171074621234332,0.0129577591817714
0.5225989344665269,0.475926026611511
0.0504309002897866,0.942433104831385
0.8868944985278084,0.0686996048809553
0.490830291328105,0.237354862777197
0.26176759941589883,0.332476399723915
0.2807844088569965,0.681230536237266
0.08167780385192766,0.811923941147385
0.2375209221160388,0.0275438215156623
0.32024922394186944,0.655701708685167
0.753085728945496,0.205880612066083
0.04113889286166332,0.186577637427407
0.1277275838043833,0.105970131755276
0.48014770873835916,0.0238914337908351
0.4740749530982128,0.199131665056695
0.4834813158642666,0.457338756063994
0.09122364128184828,0.753599065505696
0.21707058512694333,0.0144276180736098
0.2931669258981526,0.0723796866910062
0.8527817983409127,0.131296921278425
0.7244267990120735,0.251344585677176
0.6730437340184422,0.305436093485895
0.1617958455801658,0.828838404048286
0.13045878616669918,0.272761743532437
0.8243660610196528,0.0719807813067895
0.5057483403084906,0.0878911559834368
0.04700814473677703,0.771932413501026
0.8550346237458092,0.135140741836892
0.5276182104409595,0.247139505258437
0.22618164511800654,0.731633561828161
0.397711789129712,0.41959776819507
0.17816679537127272,0.705040648125738
0.5967258201603738,0.395374819906116
0.37867535880681463,0.424193679676512
0.6356738189331703,0.150022810381726
0.5999828590636859,0.295492583124778
0.5906857537704459,0.268181620007312
0.13125913503278078,0.117186212866072
0.2474103791853087,0.639905076732017
0.24909673368998606,0.675071394527896
0.7475087833386279,0.00742292000558203
0.4678861076636742,0.50905588369206
0.8348331638073588,0.0401459815963707
0.03550874601236096,0.894752175464517
0.6208983437100045,0.282885520040942
0.16778925906821493,0.198529620902896
0.46586168061236816,0.175518620229789
0.24527524277064566,0.488980972595001
0.25356031707625815,0.660942579401792
0.32220071685123675,0.202861248426414
0.007207037433665402,0.981260089499821
0.1725922276814825,0.0230588773596892
0.4491668060683371,0.288004558627756
0.6359690897507269,0.34739362068372
0.5861944776005877,0.228440534152434
0.08310158410428486,0.0404976703283305
0.947268757921333,0.014300149215419
0.9224015971504858,0.0690773494564085
0.628338946360166,0.184310879296152
0.9474405760277962,0.0169505752616874
0.034688774267254606,0.0506818563402892
0.3879224660832984,0.555555325892736
0.17002487790624515,0.132667334013797
0.803588130471483,0.0527019333346679
0.6579711939580091,0.302795651380646
0.18913791893195064,0.558842930331607
0.46857442866576243,0.494557775020618
0.13754426991601765,0.373726722347608
0.1901464553085833,0.147503981789647
0.056007648872913075,0.0644188425761118
0.8338988805689731,0.149653639263029
0.874650576466653,0.100723550285918
0.004459721726003253,0.184771565129121
0.04636864708513004,0.142048819447845
0.018009531975224393,0.0270834207259942
0.6902316281076372,0.0540441768663495
0.7683110372707859,0.209638992903955
0.26214505256271975,0.700265293509896
0.32306180995280037,0.664731140215267
0.39399659639009077,0.53709653859178
0.16956932430850824,0.801873323306458
0.5625350496180859,0.423298918552703
0.7974409854216284,0.164530884267758
0.15012921823952863,0.820398931031902
0.17236082390242533,0.212590165954189
0.07280638462370397,0.0286959278138092
0.8951926945453179,0.0843017633783982
0.004711353444309091,0.0674058586912409
0.5573171817120246,0.299298342620276
0.14817246804347012,0.672280403792682
0.6136952510592198,0.353458120191344
0.26260138446891296,0.670452949950399
0.00898673476209855,0.137008292670589
0.3542371670556059,0.50689872354224
0.039722184965946095,0.727120241578243
0.6118341742207445,0.37874614548137
0.7492220703531528,0.0901369230190804
0.3285693084728149,0.638805490156924
0.2333629381143907,0.137295495581356
0.4047098369084512,0.354667933450262
0.4778375028867886,0.484562446332431
0.07990788974164673,0.0222537889120429
0.34026838938478526,0.087694184058404
0.2552351141447922,0.0742626772385633
0.34716350474129865,0.0521305553167796
0.590414612870735,0.0769490994812606
0.24606775002744072,0.120311682161144
0.030399141153512943,0.358934830084653
0.5808391801797588,0.32013122224169
0.3153729686307213,0.588849181946476
0.090367516423664,0.184978650870007
0.08237240612966368,0.219499997229265
0.24887093969801358,0.745576114675386
0.6536786730923895,0.296497287786046
0.005743684902277105,0.0290857080846433
0.33682052196901574,0.612181769544293
0.24117109728013278,0.751562339254609
0.01598583934054009,0.576700472795553
0.7256423889373922,0.224685803877257
0.1945328252210895,0.0265443792293161
0.7546265919615177,0.226717560225912
0.5983212934528249,0.00440430762344324
0.48800097716895746,0.492263712707381
0.32779417554090734,0.272160022816087
0.24233357700290248,0.755137269127534
0.25654285288642753,0.187032278709653
0.3518330232357699,0.643480083778308
0.6062985334632727,0.165847345490014
0.5508970325624046,0.422650028921342
0.22792381957818625,0.712942058423212
0.017119220687047375,0.223367379804256
0.49061179521981135,0.271871967959052
0.6999745901980192,0.226074267116159
0.7102885735251292,0.232132727766617
0.5060647558577219,0.239337786763275
0.7322362099345148,0.0704778017541206
0.5024208134219103,0.487425814670103
0.6247636794259898,0.161429711873883
0.024947843746505913,0.026423524213844
0.231857609563961,0.687908763122189
0.4099634032028636,0.476040076476343
0.7298583030936269,0.153873003348477
0.0655079486714401,0.279010809253439
0.04365772890447468,0.127280737069382
0.09137949746785547,0.296599317896555
0.5337729910253325,0.283991774623568
0.00027670534545964567,0.0045002917543504
0.43407397081930943,0.277028425731637
0.07255157808192443,0.0175223002186597
0.14059237961169796,0.00304535490702663
0.19274271492007355,0.509194709874779
0.010686406157213292,0.037915774913758
0.5843721120230739,0.00671016261939888
0.5905033013958442,0.271932670448474
0.004897832741378678,0.943247794346874
0.02161960543016033,0.076115392596755
0.00853292897247687,0.173986233649865
0.6092298794010407,0.215898565079248
0.8889524323537566,0.0473773590929118
0.02406514092996573,0.0192004117114453
0.02412583138659778,0.0895359945604021
0.12008417772530627,0.356187850787393
0.10540556818534301,0.0278963956151863
0.387571241378676,0.401066590719475
0.06187477360578996,0.792752359494643
0.02182738590131997,0.11379606826628
0.5179161276315635,0.316553297066021
0.08960686009963009,0.765971589112536
0.03110348227491592,0.0485048979772988
0.323292176641615,0.653296695535447
0.46752770106110814,0.32146059308349
0.6047200826634821,0.35754809741488
0.3875821477973867,0.144873225627856
0.06836418025953427,0.75413723025855
0.6912770086159334,0.274020006830017
0.8520302357832381,0.0528716627755084
0.27047549873149224,0.589573612940133
0.019721915282857102,0.0427254870993138
0.09936742060470075,0.277397868653623
0.17275010822863943,0.0308066963027017
0.08291462453296823,0.0940221065450485
0.5530628742105027,0.227105278785038
0.08597530914182898,0.876145198243772
0.08877985802463256,0.764077069714497
0.03265817691687022,0.128758534046916
0.08642398348868387,0.876717353236127
0.04619841270499312,0.159013834246851
0.002572317253276125,0.0460250938902226
0.9597332308471331,0.026256706789811
0.8874735468798575,0.110779344008378
0.08141614386377936,0.677253911366374
0.5849488855717,0.248207585966618
0.5897999503229453,0.121718095992989
0.10919370812098513,0.708501359994712
0.4081808533767734,0.314689469291289
0.867033487246966,0.127183315522662
0.8970140698717689,0.085628135979984
0.2760323652464472,0.294289288227393
0.35515912918504156,0.430590940210173
0.45558232878749266,0.250989555740028
0.10072319643331551,0.898020826136529
0.2591313409427774,0.0493915834996991
0.40942671177934364,0.468016117236693
0.2639054217056144,0.330131119661887
0.6146548225287146,0.270076154282777
0.7994520315923861,0.164175525072173
0.02360671663115571,0.670573629068433
0.6538448827344313,0.34197855900081
0.03592318381855417,0.0136603933183347
0.0382653184263229,0.581165877425573
0.5882656762448842,0.325000738042919
0.6576011588533812,0.245207226589781
0.18402039519083452,0.0988702572094106
0.48716887361840044,0.337128684512981
0.06988381519108343,0.038894617467835
0.5138922965191361,0.0847090594238578
0.08753275468702824,0.867792920966668
0.5505148349870729,0.399198002972385
0.18201294120420117,0.800862804405148
0.5831753443363716,0.255213369136419
0.06597342477843232,0.00663847178556144
0.3472146319684133,0.640989733379849
0.16962917674344022,0.67836906375694
0.10917520787467244,0.14173387862564
0.44266281784678274,0.556743106181824
0.27010938688064706,0.679727460009643
0.6918594684468038,0.291130040664427
0.08106008692905625,0.0841081414808856
0.01960292211336549,0.0196204789583454
0.48121803867905144,0.429718170375723
0.6101699212692797,0.238191975428649
0.3723044064669775,0.512818062212814
0.2921168896545867,0.643647573426973
0.4198318670654306,0.538517522824651
0.053239172027284655,0.231088726896696
0.12578627095716163,0.0237133257623118
0.1871739337975984,0.516613015599626
0.10539152635015923,0.0161482698634126
0.33642387411675106,0.649936634256045
0.8051516632603232,0.147912001341283
0.11028819355352888,0.850210115785718
0.03916197950620744,0.0457190438084248
0.5138401944005847,0.414718628484532
0.5709447911638151,0.340846001553098
0.8004126806267117,0.104404006034468
0.024678793383006596,0.542114853435128
0.1520760818928124,0.358045934087236
0.4201267495380833,0.500926901184904
0.30020335131506776,0.557159161649647
0.1616421237822326,0.0452386816649619
0.6115532207625686,0.0298423200772464
0.01326970356517903,0.844728747433318
0.06974902983912484,0.576770974400207
0.10321083950380587,0.864701969723344
0.07898476133494241,0.0414580933191573
0.054128760768350596,0.0629124581494685
0.07243767805815476,0.838741041908729
0.20744030382503995,0.674166999854438
0.8322581983411379,0.01418067747886
0.43866792181563874,0.485182157459157
0.0814827596319781,0.693729716149491
0.17783735805800632,0.735857270910139
0.011291449830940752,0.00528562229288607
0.20722410994944315,0.613764888618937
0.008523014736725603,0.00222029878087753
0.15192606184288537,0.797765559290817
0.05311264536567182,0.0110239781307168
0.7126368512656961,0.239004945983818
0.3916951638273108,0.539179396729184
0.5362317621613046,0.429782144914378
0.20227618831201039,0.647613910828798
0.220520503413671,0.312067560293133
0.4724982636706981,0.396464293386684
0.07614516802940473,0.0618711729538471
0.3097093044047039,0.622645158756363
0.3412185885799023,0.517639967305232
0.5894260360408183,0.22406961352294
0.17751773673050128,0.000255286235787569
0.048087190329327484,0.0405702295868335
0.70630684627093,0.0454529725324695
0.8834859602007343,0.0516562603331972
0.045408530938962244,0.0849270629400998
0.048297698373762035,0.0377474555594048
0.12306356818397289,0.846792491653591
0.7411280213174682,0.161094589593157
0.6437646855630519,0.328389757686058
0.13447891633264789,0.43124528615421
0.5224205388871974,0.411397484445659
0.5865136778177218,0.322999770578368
0.02876920189592184,0.513877644522611
0.22880371853787865,0.725502677046608
0.7182342453229378,0.131512972851174
0.33732884086778564,0.505988384675469
0.7485493811951076,0.0949001162959524
0.8574419090769981,0.0357032336121744
0.4128825863279963,0.236053614734973
0.06239617253631521,0.0413464906571363
0.8556209838862815,0.141279415628824
0.26474554467763267,0.202753401338249
0.08383316725346925,0.0967633236309876
0.5778184577144588,0.259935568159236
0.07865874922239816,0.893911225187465
0.46948562840386787,0.522652419225767
0.12529434656086091,0.291171326843915
0.3299278789195682,0.0620653133311535
0.18577584068967506,0.0180786619166052
0.597917104315377,0.1136423721432
0.017680372821910324,0.808252383030736
0.4156702641583943,0.494228702119898
0.7584387528038861,0.119319378764009
0.409641196182356,0.508088951330832
0.30301231279371665,0.614717759008608
0.8588119343794343,0.124661763882088
0.011703639507201073,0.0318796364695185
0.3196799555828138,0.62204960111893
0.04890758572670132,0.0797355777908876
0.6028478051531454,0.331044706075021
0.004468546283496616,0.952641983981629
0.023855134131180778,0.575726304112029
0.5431908422684871,0.239041378111055
0.05645486958505163,0.0133442907325174
0.2351194021751617,0.583359457798602
0.4213835428088614,0.0209462041502943
0.3301890433850769,0.660475432765617
0.5301577618335753,0.327740815751266
0.6382191865503697,0.285674150388009
0.24041502556357505,0.142683631991311
0.7429278522998974,0.0924073586133077
0.01425715088982019,0.910927908060562
0.39928956436221225,0.475027322062092
0.5303708023755009,0.424794220033615
0.10691577285292568,0.115744398497215
0.2718056125541548,0.511392956323088
0.2830393109602691,0.453708711539751
0.03320169557975592,0.0103583653280293
0.16692332791449577,0.827829688847277
0.10906676894340525,0.868525061181908
0.01901076792126539,0.0537734184715355
0.16807677319212916,0.420192160645686
0.3876602120712595,0.222410577089328
0.1246202334511127,0.310134967436604
0.30670514682840905,0.625697332227184
0.01063498858353122,0.252790394340906
0.03763781478226422,0.535483262823482
0.3769178734519449,0.327842554229323
0.3404445085413982,0.637125590576636
0.17774215859576425,0.0115048565066047
0.050446010828792534,0.281960363013932
0.8862968432056667,0.0352128969414864
0.08998832208653508,0.0145576389323312
0.310445504921985,0.363288179662037
0.06141458333878067,0.17120807421916
0.004041139660403584,0.0081368099291838
0.07979750037191413,0.0367885089547073
0.2383030431957693,0.155940106392208
0.3423023285925177,0.148634957273996
0.36960162945508285,0.514799159105222
0.49707149501110476,0.447133761476918
0.5775146999544368,0.216675179576187
0.006072305284865671,0.0686228655394609
0.061185913843149385,0.847371723241308
0.6207302184896973,0.348867463610113
0.071850034838861,0.463686239926187
0.323171666970141,0.336238413832868
0.5229467332656101,0.460915276271874
0.5310495909430076,0.456486078323828
0.28990958276880774,0.484566854764679
0.057434246557188644,0.0539047278987409
0.7179128015141957,0.110301292483386
0.2951383228041387,0.551613591794267
0.09673857875398022,0.0297297272193382
0.11176001297281633,0.441998818445622
0.6969837537377135,0.233389547771823
0.4858294945447406,0.0439371202889576
0.4647729880362792,0.534245721604289
0.16072019334006868,0.407207996006403
0.47898641827675537,0.487071576681793
0.15982204401825437,0.0922836817875141
0.006602754052464026,0.141868101944318
0.37088280142552865,0.585320716298528
0.2724704399954308,0.128384393210768
0.6835119523526885,0.231117451484389
0.10209217459235109,0.154369669902275
0.5801177674647213,0.14080086088411
0.27376684084527075,0.55388805730609
0.25267328639068165,0.686688891523894
0.8043171396734564,0.136995909889171
0.05703881681940302,0.0925410884612605
0.05004377299252806,0.0129610931883652
0.4082607519117821,0.23619132521028
0.3224969823523142,0.643636957150963
0.006280194671261886,0.17046994856501
0.7647434604249234,0.175588345572775
0.9147162843835107,0.0369252517303839
0.3287095439443424,0.570458151594725
0.7570630448819361,0.1381892409978
0.013785314799889476,0.371701889433995
0.8671705295767514,0.00642982132151343
0.2298786719604754,0.342179238120328
0.6841518165967635,0.204198413707226
0.7617612861721501,0.217478845024593
0.04058570068154292,0.917910611917835
0.8995162797057138,0.0384511066671588
0.003200324428480625,0.967212896455526
0.5939933137565139,0.349357218713181
0.23265235183407385,0.691052961798365
0.5319345350085334,0.126967151792278
0.2550090545834397,0.479866257432649
0.8609801091167567,0.0299329571193629
0.28234843040677277,0.429027439320565
0.6952202413485619,0.280426800421418
0.04962245026418349,0.147247141831415
0.4099665875619285,0.304069589947837
0.4539410672605657,0.513265227255357
0.7168334636080165,0.227859858774888
0.07730513702255855,0.0189755350723858
0.049269526228862597,0.947849405152302
0.7054744129743379,0.159365991364135
0.7957723405153779,0.0728039484944439
0.051283037930327686,0.338401207607481
0.14618629913610612,0.41338321711528
0.029585439106742713,0.169424025341571
0.025986092931852108,0.928354775379993
0.13382347781427154,0.64740137292607
0.0619524750117448,0.124140838335678
0.6922672658767767,0.277095994574405
0.0962425171377762,0.201985887472337
0.37357094027333754,0.535705157314529
0.2697055351327347,0.711768381659247
0.8644217874758181,0.0964608177561467
0.8634658145443334,0.131080773433824
0.06834702721561961,0.920544688677122
0.4032920069758667,0.464121941881458
0.16661473337319568,0.534974403561273
0.0998995470692896,0.719077092940538
0.12295527808973405,0.627384830414888
0.18725834870744987,0.759414391194681
0.09975808955064147,0.0670007519841874
0.3664511424095109,0.439143025351176
0.18362853119259756,0.761716702541001
0.049014358420945696,0.0335002986571151
0.8530048912023978,0.145660941145754
0.469720397730277,0.469527479321387
0.0699625836971208,0.137118381623944
0.018858534134908865,0.669246532908878
0.7645483880332672,0.169880997154826
0.26087842950866075,0.677869364795874
0.0941567248514527,0.413358490801053
0.1527987334252033,0.192294492949231
0.20301388294429512,0.717616882569501
0.34272163331873345,0.640831109856963
0.603960579464483,0.380317413069729
0.10298966485650304,0.808932147657876
0.7916033254871259,0.18272752991209
0.5094040619060494,0.465928053913039
0.618240194757673,0.37230966019556
0.3275914301834202,0.634934859012754
0.30041004833824875,0.582427889474445
0.614034521636498,0.26401829573358
0.2166710001589507,0.746332544066285
0.4464885031755621,0.479732720319743
0.4258952403628042,0.551530267462321
0.5680567871200217,0.265761918374025
0.15788587088746286,0.780862577584632
0.14224757399583038,0.245630240329434
0.6230281484486426,0.353466680220313
0.07145672456205453,0.0845369648998308
0.1708320392459088,0.818280237456247
0.7416473079212204,0.18337185679639
0.2991240403677381,0.0766685595230795
0.02969130129320149,0.0510011080820916
0.014985651881470082,0.193999362684175
0.46971033047421784,0.258688722404562
0.2424303547509499,0.671338618656611
0.24777174051688575,0.264287939799251
0.6327302451481494,0.119295752761552
0.39029018863223475,0.155457087602432
0.38995775400429966,0.142405357494747
0.7197749399988456,0.00834076451617938
0.06928402850408678,0.00815271374411562
0.33435859607701934,0.634151083593409
0.11213433864592548,0.824169643762727
0.23601925286703634,0.33787113149177
0.8794584510812913,0.10509746994274
0.7033680511286663,0.237667858450138
0.8587330345091966,0.139898549433302
0.4867282997110564,0.399806082488315
0.2937140438139092,0.476509935135796
0.7269181581407979,0.109482497564115
0.4589235707194688,0.538296442424214
0.002175016055175977,0.0571510847270295
0.523673560825581,0.476254222271987
0.6605649237697704,0.040340876344387
0.6768126960136128,0.267852403147222
0.003110044698437084,0.0415894254432863
0.4371046827181515,0.557849862101776
0.7480600790458211,0.180512232240618
0.11483233343554436,0.087180740798284
0.05302328945834964,0.883810275816535
0.00597079671085575,0.142923535592923
0.027107707210280354,0.900553862102274
0.34890612846188657,0.608490045961574
0.3058574013735086,0.484395279299132
0.2720574110761927,0.488466907657146
0.046185948830803465,0.0874682060145927
0.08676441514370353,0.633627848480229
0.6773655003007969,0.311057163443232
0.10974676961572043,0.845750488405214
0.09945691848534953,0.0407510471168834
0.2408252992148085,0.699697942137401
0.03221222329209648,0.868541841543278
0.010145580370785787,0.963749123596945
0.8825187431837235,0.0493441610640322
0.06928927953867978,0.070188139115102
0.04050290936811888,0.0518194989497291
0.015721748827092468,0.0356259252767282
0.01894402263427943,0.928218300033091
0.572385664155182,0.366398215929431
0.033830411805061654,0.113107583106517
0.054000240488474106,0.00452038502468815
0.7169846948518072,0.199711865844471
0.6870081190536822,0.201698836637784
0.567691159992193,0.386280796071811
0.11354862530829377,0.0182652592708465
0.5490862862101019,0.385956259564321
0.5015686954189891,0.469808459612878
0.32950051845048284,0.652819429445136
0.7871720834762387,0.196151436139154
0.1884207272492171,0.0411287733295571
0.36172664514943786,0.393123026285897
0.7994352679129487,0.136416549241993
0.8624411317812629,0.119025800428677
0.049896663432341774,0.0383338274992765
0.7637342117312664,0.168566078000664
0.4697175903262701,0.474084416917592
0.4669120932374381,0.452932722779466
0.0018123825252290718,0.0116373400539061
0.5280322412008737,0.306071321552332
0.17779786635911085,0.753103503857979
0.1782268219443349,0.820719787174608
0.3556729118616971,0.567326771197225
0.057062800449497256,0.635906782752467
0.953436463336823,0.032372614909965
0.7799840736201598,0.145642087780345
0.8453090052793173,0.133661558390406
0.06563036020597866,0.684983653357745
0.20803823192718124,0.661074279149231
0.5888219896803543,0.287910847394477
0.5299912048039751,0.169750446965033
0.6857492812212352,0.166855470405603
0.30655170468379095,0.57832034030158
0.460378950967249,0.47302375451402
0.49339664688474827,0.444395225830021
0.0027486831661177307,0.0537300076491094
0.5414706345067164,0.323866811203769
0.05122080565894491,0.0160304745472612
0.22835504300941525,0.387539222917507
0.26902970833925743,0.190819728996778
0.2493782344988471,0.705182193325065
0.49093481500598274,0.211236974668117
0.9185733638912047,0.0297060219627643
0.06902995240678059,0.0404809061936993
0.8617909214318004,0.120456695208099
0.011850830486427108,0.814137323863876
0.27655419488043403,0.714383852938293
0.7140735409298447,0.21713486569778
0.3934384774562947,0.174211884616156
0.02970273538951483,0.030459981443423
0.08020989523259953,0.161092237909923
0.1207228371939296,0.791959847592166
0.133370691318587,0.40487072152246
0.032276048040324704,0.0230634667058248
0.3660490098481982,0.461921599400576
0.6040430464203498,0.103743671020653
0.1722434456557717,0.373732390667258
0.26518614350833386,0.667075557040181
0.016355405617804342,0.139925877783191
0.6177033156428398,0.245967584820956
0.09947540137271238,0.760471032426366
0.08248342987425976,0.0815719229236468
0.2751972305287747,0.0829295035342148
0.4305186273481011,0.497246914299246
0.29937645092142173,0.547403168011947
0.3554800608600761,0.35735813737854
0.024477387620554465,0.485721817410068
0.6272266628935973,0.261080813453344
0.6069205988337836,0.331341761621835
0.16499786580958298,0.0314130880329195
0.20455718119730376,0.557103395795526
0.7052957304180595,0.268640762946935
0.2938854763651934,0.678363005800131
0.08897226261971974,0.537087146518071
0.4618459107817583,0.391954768119701
0.614267397920322,0.368936068671323
0.43735423295578973,0.535000418320848
0.014401367022990668,0.212782221968657
0.13422768499814233,0.170216199742393
0.2038034146835257,0.706612044399806
0.1265929274406326,0.160356995350107
0.5916828197503599,0.361905324009953
0.1872726606726128,0.653554328804583
0.6742796074049192,0.2202825993348
0.16850338505396692,0.769076776747259
0.017790200503240743,0.0121778507891976
0.13481344197192055,0.723489143316139
0.05602202608866653,0.658347251042291
0.110939609113907,0.885269961459745
0.6768613371318323,0.147969713019568
0.2758401427160057,0.453713480431248
0.6076137578500342,0.369756160352851
0.13578910177032258,0.0489460181761119
0.3675169694641527,0.269831231504593
0.5122669651268537,0.0466401697704257
0.16023391421825314,0.315592899664822
0.18955317490971701,0.789348871063454
0.23555676338125964,0.00478525449906218
0.1071616841847665,0.787316869245428
0.039045040883193494,0.857534269652576
0.1626511523755559,0.559829203196759
0.07180259693402201,0.863999325434286
0.11430814954436799,0.130832803813254
0.794728635483126,0.203763549712406
0.8790389633284684,0.0523308882158821
0.05143230173112182,0.0292741974565323
0.27540083873314475,0.718281626536165
0.1272161936292469,0.0837916978169825
0.02997527273626143,0.314719048303519
0.10325045621972098,0.852325091736487
0.13726855681856787,0.811337482837141
0.17624259184411217,0.616309340070239
0.02318130774770733,0.0420178663634819
0.40558084224643254,0.509365973311414
0.00045742781588765133,0.779467307168095
0.10993185617799345,0.117124061943193
0.34909836666676436,0.560512497220901
0.058100068825230354,0.219919392815767
0.021835014510612556,0.064399809527883
0.0930806173405421,0.906141488530861
0.12472629310419686,0.160861041599832
0.7011290801389801,0.210205413598619
0.11739037893685143,0.0624954013997103
0.45557718975448436,0.408085391694504
0.4391428298245697,0.487177234824843
0.63133774504022,0.060605650730791
0.07096012314043058,0.754428315121201
0.0027534225902912674,0.0420890627281889
0.09111837783413347,0.0872816000833239
0.583802404765218,0.388375001118307
0.24136173928795146,0.726383746006351
0.3328621887236076,0.537535324929206
0.15296496710037757,0.000394565872547608
0.08238456970785418,0.343894821373973
0.520141947554521,0.458115640002381
0.6044113663279006,0.13898060860249
0.2214468470813816,0.77269521118197
0.3693905254187244,0.443751917349637
0.00818012419752216,0.581335559486643
0.6693130870929984,0.216038126115114
0.20706789462912414,0.126818471285526
0.6705746973888874,0.0434847815431991
0.02993655170069342,0.03840640241234
0.38965968065950407,0.590074983473826
0.6188923769730619,0.31660075526707
0.9196253449785896,0.0536606744021857
0.7020538010425632,0.101396781147129
0.1871280576175526,0.592582886296552
0.8562199084738245,0.127265154214951
0.6707670480309393,0.301906074862382
0.2439570471458503,0.671407596864256
0.6399814993134209,0.326388424128825
0.08619572737353136,0.232673583747641
0.5917132558362237,0.369967595017659
0.27844042435456684,0.085699688322879
0.5283939639434648,0.223653272885415
0.5741834298685196,0.328236282810292
0.832048452128676,0.104544126551821
0.16384156050077958,0.825792186881761
0.35648160373262555,0.443825646758354
0.06931593364095893,0.745425172584844
0.022065659883815047,0.118605582391631
0.221953041867913,0.0407928470181793
0.05371539736461225,0.798145873356266
0.06864174137134968,0.842102728728794
0.11713430080369781,0.0179479101045278
0.5070230229616266,0.244868633367903
0.5427613155563767,0.397602213562254
0.14023143610512145,0.673682425341921
0.38698687317925884,0.446241573560861
0.4479327614631,0.458749095663276
0.4314215411211686,0.549170501230635
0.35024379429254676,0.440155808042571
0.3892590179736084,0.456489246214634
0.13641870161529465,0.654259575987032
0.055130996799227325,0.944328877843602
0.7260171383669987,0.23120162785792
0.20852073077833483,0.565538363526639
0.6145880037881475,0.198236058593129
0.5969974842562429,0.0048918023955372
0.8196161478120761,0.171871604183364
0.7528506844102429,0.0249286973535748
0.02954186495641187,0.0156873366553338
0.10479382681941121,0.791116555346329
0.2893749729072141,0.682543185094578
0.07015789564127482,0.166872297911998
0.9591137068321736,0.0389262443213042
0.6743201134234643,0.25649774180949
0.15132774959422393,0.791546201467706
0.717002040751875,0.215057498620181
0.27356965977257897,0.178385084049977
0.4483263469209493,0.503077750669851
0.33645420305656,0.597167071754207
0.18454690136109023,0.756170827994995
0.2125914605530584,0.769794358975368
0.1340739523702077,0.560702076384505
0.5530978901910031,0.252627618910014
0.07025947072866445,0.228370319243647
0.30208204029457525,0.66643539255278
0.026805121093979395,0.856160032400716
0.7781252973274531,0.214400629028901
0.6026853181167204,0.348283626207385
0.1315785659188578,0.804231408215043
0.3960522637742568,0.0624581520289732
0.0284832601727133,0.0784534532653473
0.16667234576307954,0.0975953642330099
0.8044645303916016,0.0897195158418614
0.42380731365142205,0.458883864413337
0.024066515426045158,0.0875952332598192
0.5225050517437151,0.36683011058439
0.03648362227118837,0.854702518155124
0.009608448369640163,0.00270521194925482
0.4425889814847149,0.460522624479745
0.046630958553153745,0.718930973265398
0.16495255774294737,0.529631165318049
0.8597775115520445,0.134837939061848
0.41888076124345225,0.578386101572096
0.11398532244547009,0.847872042697909
0.16733074277002194,0.234629121236036
0.08456943931217217,0.741656788177426
0.03660534101409421,0.100975389634162
0.5655055693592858,0.341749647752564
0.6987916110432332,0.25141936091813
0.5990304314975208,0.0777034622383649
0.015627805645165166,0.0508895410053014
0.7856195149293078,0.0376537941769792
0.013372952354410892,0.0229056914831059
0.3427609333128433,0.518621701565865
0.985490310239382,0.0129292306512743
0.06952232319720693,0.776963640417207
0.7171516511639586,0.24949768037463
0.2061326107688533,0.482388023062833
0.8924275493880228,0.10485477203125
0.08429043281705877,0.0601932428463894
0.027037244705563426,0.1071685301264
0.21953303430897356,0.776357597338935
0.10313028226221067,0.493726219785663
0.7407521670457357,0.257438447014031
0.5365329560947547,0.457966385393627
0.020547408879364397,0.454956545861777
0.2798284415041538,0.587309442273386
0.0838396968625176,0.0306610647870268
0.3795958020245591,0.0458359050487763
0.7479367896585635,0.0365489158952163
0.020118925025345125,0.0780932399850927
0.05919683801084364,0.0561756963818136
0.07043532092947218,0.0211379205425049
0.629556213735027,0.298848019946488
0.07536980995549515,0.0151698136548191
0.8512516996256763,0.121250443851455
0.24247047702146662,0.688572288062746
0.03535869700294974,0.0168777498847984
0.9097641944530278,0.0881741499380659
0.7184404563126263,0.190095080696096
0.18509953292494538,0.780326350725192
0.0649167495632984,0.721494247445664
0.4073254956318235,0.587330319630942
0.3398810300914937,0.151343991409884
0.06575926111295095,0.781195740765718
0.3476684592805343,0.648302282859646
0.0565563695350057,0.930570917226334
0.08386357300523202,0.0343399085399739
0.9473982976800963,0.0309739869077305
0.06888245861616368,0.562163666301284
0.1912218901165333,0.803153276500758
0.7159391205571826,0.271378433406608
0.483601385153473,0.0634052780937115
0.2487814873752302,0.440090596243533
0.2573175043257066,0.130698199359203
0.5245903138130062,0.405563158720573
0.049721620196046055,0.031502587444938
0.03558071561956623,0.103543163485535
0.6736954902672302,0.0876959562944103
0.7464224355977378,0.248628583752237
0.5491890123207948,0.176164159088563
0.0905241575226403,0.642762518894337
0.21966249754991143,0.51605070881518
0.0017234510461777359,0.931837013227959
0.6512993221992894,0.284481282597043
0.26617235011249024,0.52304843724646
0.9037956802036488,0.0941196377915015
0.8517603227853503,0.0135487177464761
0.2011958226868729,0.634179236145723
0.49561481600185187,0.485204783493101
0.020914255745360464,0.354008680617112
0.6143199483285411,0.226766817938561
0.01128607490136027,0.0194482468947289
0.26580342149139174,0.717463218869724
0.034529743061204786,0.0523915758088627
0.020469958174660473,0.758472556568901
0.2027390249456212,0.0165978742199377
0.07706776244056274,0.891512330668515
0.5318086153997367,0.0800080971989899
0.36178809603822243,0.607825636117123
0.6229544212511087,0.244449073882847
0.04799978500273473,0.146474323339235
0.020199429671936543,0.13734404076328
0.3487762882597534,0.0277973915437425
0.14198988667239598,0.733930250273736
0.41358656224389,0.487560127846663
0.3341349607114552,0.18161725984459
0.05597683889360886,0.110817017785185
0.23172397663747607,0.717089362932877
0.136258858228451,0.856982455124635
0.010973395011590097,0.0682603082343775
0.03137715911884984,0.245999114166732
0.13905919723952073,0.612962996033979
0.5422608849131269,0.257665476915241
0.6599484763895036,0.33426322569126
0.9123639690475583,0.0323284943296482
0.6804072672496105,0.238455122833195
0.33792514934753365,0.376455243122003
0.6919919437053877,0.302490391451469
0.7197391602755904,0.203268737142635
0.11771707629355818,0.145141689607625
0.2012226788344683,0.244255811885792
0.5279181623944602,0.406885561243786
0.9024980604905639,0.0884551689952572
0.27975486911766845,0.145299517745971
0.0864700045019587,0.822302369328885
0.7908986861793474,0.180053759409918
0.9014416099523153,0.0412701154162433
0.5696441747116892,0.308154500752533
0.21034371082819847,0.0499193498747721
0.12269138685427286,0.00645826238187479
0.6379477606499074,0.0872377266968353
0.38243201697221735,0.542841830983597
0.8179611829316172,0.003274876312991
0.6993422260513191,0.183880901931654
0.10612553305466851,0.72050734682938
0.3171844119862511,0.667963646490554
0.179366286737367,0.807421192824573
0.188411647988987,0.0718605790941688
0.9411183895388485,0.0190637855747255
0.42154374154065677,0.523664004196707
0.27592800585847216,0.520639265405867
0.639850332379981,0.282506252451211
0.07249890243492094,0.013297625495301
0.05486027849578855,0.852719478442705
0.5824458758055436,0.384459419022962
0.3000981526262125,0.193945840799551
0.1998404402738865,0.497458141063023
0.32581324844083004,0.384736431226834
0.4468728441068732,0.402562573636604
0.2775207190764073,0.660532576277829
0.42840798168069527,0.0121669930339818
0.5990390255390718,0.0695475107313401
0.03314941438558066,0.290749368920918
0.3054803988843266,0.656215441657581
0.20795322316130144,0.765506479795426
0.31874270499806545,0.587037753627803
0.026664091542194436,0.865182291782313
0.8548814783222919,0.101964920468157
0.3615307453562881,0.606992171076794
0.022344151202005478,0.0237325349486816
0.46503140249867325,0.522807703203367
0.16274394145980076,0.724442844767452
0.08012482008044604,0.549895771836054
0.5945482753371322,0.0551573250206506
0.4563239279904733,0.516344834734835
0.576855099600508,0.0480545716245219
0.7375972820712593,0.247369167248832
0.06719517064879296,0.42964001098134
0.015956923956733104,0.203098571947589
0.450035912587331,0.533413955188354
0.14918411783679697,0.0308536263383976
0.39433783305741216,0.545964960038981
0.13373181460834205,0.651813939430463
0.8571284328237568,0.0226611120387013
0.5872646850454974,0.00594311452534413
0.00022577267639033286,0.210818678715055
0.023751498541659147,0.037421487856916
0.3100933743891543,0.613335872454629
0.04422373353405867,0.305078640405771
0.09141702923404516,0.791980209162385
0.6509991083993655,0.310014600650009
0.6554073686503342,0.222285987133679
0.2428258081849824,0.748489723802462
0.933802955325678,0.0356343295915797
0.08431976164578604,0.0585368132551067
0.46098027699904703,0.420416976518053
0.07828186842897968,0.0199909343860808
0.17302445819933157,0.0362433914432565
0.012330067484456692,0.260156277428825
0.09134687833819752,0.104347784335393
0.9048754755676122,0.0867309272677125
0.2764112732379044,0.666787548461186
0.5501411151349702,0.160862493254759
0.805522310268503,0.124149943237891
0.2328038108359883,0.0331667505574588
0.004006028441894136,0.117073290074757
0.8772644907461038,0.0510775111089273
0.09549177238061689,0.549958920768461
0.45721055651311837,0.117421785295798
0.13304854189965654,0.57800124312092
0.2319074173992624,0.694438586013188
0.692336579065143,0.27880737764614
0.23016186160759236,0.478284797435423
0.5282970510020455,0.273746442953052
0.06595920774149236,0.00866789934140358
0.07894322245481096,0.0162537052473829
0.037055669073756486,0.471528624296406
0.6807075248010154,0.217509446843571
0.38230079372535186,0.268977444595851
0.44631623366593004,0.513671770560055
0.833526462120581,0.0679428120669819
0.02074768864769192,0.00590261938714689
0.05861139708428833,0.255079862738017
0.2311433173122333,0.478979561501741
0.5400182267369515,0.170502582270554
0.5795724141852222,0.39751536898461
0.12531441151007436,0.407214499920745
0.06583116962090566,0.857691828619489
0.10998572844036382,0.854347634750594
0.1671826144218331,0.76917292061218
0.08967939193129791,0.00530656566696244
0.021250576707688387,0.128367509321837
0.38283723577849066,0.481199057810476
0.07042804076243887,0.742464603195255
0.620167208018698,0.305608982058527
0.887375619195306,0.100642494688492
0.422100043920537,0.552976575070008
0.5780456108371496,0.293959433995487
0.04755871114223815,0.196950201218775
0.24689614732379295,0.455146095384488
0.11264312407955625,0.102963106597335
0.018698260490992,0.826224178558739
0.01872722726314934,0.723115569293651
0.002215133169961042,0.161619763631624
0.205057857842425,0.524910312666047
0.21180928750233913,0.690034711437343
0.6558408716065178,0.305499638329599
0.142492283084573,0.664626082163177
0.042160339418168165,0.250862966020695
0.26167368589079015,0.678511202610993
0.15220827532024828,0.21316075744114
0.6834203062193841,0.214808810268743
0.48130866031140856,0.461029728302408
0.08717037558306424,0.414208411097452
0.08534566294540778,0.0176032141917224
0.05083924443547593,0.0712389727741944
0.42133954712675065,0.411072158299524
0.055728840204979244,0.837382231626672
0.04532967519105848,0.210777336617962
0.3211668186190561,0.0662185892288678
0.24735570418607591,0.387364224440129
0.10810853497649926,0.0450064248150558
0.30961590795415933,0.672126686602402
0.01611375660836431,0.15115485765235
0.16404239869257448,0.718355330789785
0.06617511024440344,0.709213346952042
0.4544940811234812,0.127671693309625
0.012406786640143514,0.0036037391963426
0.09452709374656935,0.79522492205806
0.0035052507387780736,0.749799723009299
0.4974022092447424,0.0920527749809902
0.657550468852547,0.0676140244266363
0.08538746457633996,0.910767019030224
0.02387265018384582,0.130101318013491
0.07333342548553157,0.0631420164286507
0.03029912992893598,0.528529832165526
0.18144242960514856,0.0916441411882455
0.9694634649039976,0.0300452983463205
0.8252690995026918,0.11896690483432
0.06783939625041463,0.83394743831364
0.39628539434284665,0.28077664124804
0.3575002839099592,0.587670650017482
0.7020539225627458,0.176936158326656
0.6478733226545188,0.323991308771217
0.23186335284721152,0.00622967569434619
0.051936855943024864,0.0688956447284556
0.5685961971316047,0.234276281445876
0.03970641067583006,0.173849435611249
0.7127772018002246,0.281861847039706
0.0754091377007944,0.738554789208056
0.8814294565484332,0.0800317991675654
0.025183561074784838,0.224316774163667
0.21011609767242084,0.678660783137641
0.0075695651288864825,0.0246207977322235
0.03200244405155209,0.0114763509554147
0.42407449456342994,0.57026261993665
0.20785439980847698,0.715233498586339
0.9578334294625237,0.0361271413028091
0.9124601960197272,0.0689265821365552
0.05173800865528339,0.556127911848422
0.08908924590933315,0.277370164973429
0.27060976808250786,0.565517121407301
0.9264410869890058,0.0346775041600685
0.0909448377771855,0.0776576580633369
0.23250177949486153,0.680317939222054
0.47564148466160594,0.452943190479513
0.3323046867815583,0.463407011724799
0.6616871587550092,0.335114388065286
0.03793377495983821,0.0648267686701645
0.2708614883911546,0.624733580663403
0.16132938747915918,0.582176191425915
0.31664866020396737,0.447697340068046
0.09766553192029204,0.874449722924161
0.23911905323901134,0.28911629554123
0.7884052013393169,0.160083240734757
0.024924374833181044,0.0710635414319124
0.3358065342042955,0.559988699713841
0.07568299566074499,0.0201868429852306
0.5905732858170207,0.300124480295699
0.5662690573519882,0.386915726518655
0.014351369235048348,0.146768020472714
0.6797087149061799,0.219481317216918
0.6228423836522957,0.0500564061807892
0.28654849089395823,0.226795525684423
0.7325804323094207,0.0917939264298064
0.3260790077694442,0.57067330582909
0.04521648365541552,0.093397665145375
0.07850949484080211,0.621252859687008
0.8012201727771991,0.0598264011845538
0.75632215553822,0.138313489385532
0.3448907180748994,0.0764658925247649
0.11452638996333828,0.769650941793446
0.37211569111032067,0.576391821560344
0.31108305954979215,0.631338347956871
0.15889453478159316,0.678144840224315
0.07282871024944328,0.0975307664189336
0.19890903923511097,0.782519822823389
0.5758712080989815,0.356574084259301
0.4177805604989024,0.478480162194262
0.4507587226023982,0.189875622066941
0.10982579385811678,0.0598801410331332
0.057051886982110035,0.233809345547444
0.3846399643858462,0.44889035640335
0.20428163381517195,0.758486007935475
0.8714428961108687,0.0203049124866697
0.4196016644513422,0.567716719704909
0.5917925997639871,0.308513733261454
0.6889260698683075,0.169957945888214
0.4905040623668607,0.451849846212364
0.5257040818754772,0.380077440936309
0.20901916475879984,0.743931264809567
0.13912469841867595,0.736486965210785
0.3396070314294988,0.00735770310281022
0.10549685836754241,0.612011767738594
0.42857186739217934,0.437888869649714
0.006591195978553309,0.0348930440512995
0.8120385646954282,0.00670094347177969
0.11296329329522511,0.131607654070623
0.048200580997816496,0.91596281864374
0.5670433059645948,0.42717895111733
0.0002467439061910361,0.532979715811327
0.7630540434392235,0.170927227970611
0.4403697169233508,0.46264593092223
0.8003257595331911,0.194181574481361
0.6701051811937405,0.270865520060265
0.010469772349783272,0.0586170010883438
0.12440692633982949,0.0399214373886022
0.03286496372457689,0.0148861189377817
0.4220937231112705,0.534589657461048
0.5970005090861943,0.370741338002675
0.07667038419202601,0.529188605010472
0.056423959345784105,0.16707757857228
0.6367841637116317,0.190221030289072
0.13474781657159604,0.853119828911892
0.057882364213112165,0.17776479873811
0.27942556797110696,0.629160868427629
0.6780448163829964,0.0598301010497005
0.02379112565934123,0.424524657088245
0.044994722820829794,0.0615674829796302
0.6081153519027764,0.311208659115511
0.35223578992779647,0.609788215836641
0.3018449792138419,0.023677800702818
0.7241938060969022,0.0949327848143806
0.1624028855431153,0.0869074930094314
0.7091989820084019,0.226284349257107
0.7093607429761231,0.276257672745204
0.5292644106765505,0.466871365260795
0.2969678397086026,0.387552677238929
0.1009347148864631,0.0901989531045674
0.11333607297710431,0.88529629850699
0.7721505816522237,0.190123927276425
0.16288554849918904,0.0144715055712218
0.6663995844169348,0.313708819898126
0.8009800028302361,0.152401326291289
0.1878985131246095,0.595759676318787
0.4536153645146605,0.0484394141019349
0.842997285000349,0.0834664357345736
0.12962693098947192,0.0893990853417111
0.011690012320693692,0.689964314724115
0.519102242503344,0.314118836630297
0.055117745278029956,0.0333480497226032
0.016581841633663646,0.00921836134700048
0.4329109731423918,0.470384237386343
0.22829300855247406,0.443174574811502
0.7573489107934874,0.153133568103236
0.21410818076005955,0.758320176848279
0.215300963707391,0.00297272703296527
0.6640735090695702,0.327310463951774
0.36386866158617936,0.56624164400182
0.5206033089462695,0.413482852981648
0.025596958506398537,0.914819095568269
0.6901925349125932,0.296683544644338
0.6698794644518553,0.317337861528677
0.24461484401332617,0.253291027815537
0.08178858047746222,0.698278499756518
0.43351252525977124,0.496297874765418
0.6686592998162976,0.256725232409779
0.07433186253214948,0.480599551300937
0.8887919575634442,0.0585393086460451
0.8668321866101467,0.0132768405023277
0.04856674590916551,0.881167462075894
0.008228238668775752,0.14194892120614
0.16344820718268496,0.785052348249426
0.34597002177653213,0.622594656536003
0.01000919436615885,0.169242413276922
0.8818296620402567,0.0694849186541824
0.20924069744565696,0.0533752702161285
0.052742910167571364,0.0679764783167739
0.1475493178494443,0.750868443509849
0.03963553674081202,0.145504539857781
0.17367437460912552,0.807071900042582
0.2288448033792077,0.424143956475042
0.8258274206470094,0.0574024738933295
0.6549706492694202,0.237402796903446
0.23207215293421066,0.233508286754375
0.1863426699276922,0.764530143491295
0.7156817278818035,0.154000044379417
0.37714615917911953,0.365192007630986
0.4301695959437936,0.554272456560862
0.4878831952480007,0.494441321625123
0.4620634492723935,0.0742402564551005
0.05207323058832541,0.0192896361511704
0.06575288677878575,0.921224343229527
0.1251646855311732,0.786128546334687
0.0015658221715507325,0.562096462970869
0.4593837352852357,0.293265344266142
0.00309706588008516,0.062644572797083
0.006249575752127455,0.922639123083463
0.5454463916079746,0.151870289534592
0.24696798063122483,0.588086968741944
0.8171981577291345,0.134222607574251
0.02972276697406054,0.15851310703409
0.10353957730870977,0.0237435393849435
0.1473079030059699,0.0568935632784728
0.8487119645808952,0.116996537767754
0.7893553847694254,0.0360402239459122
0.2574601079835437,0.719412451305006
0.08844440387641882,0.818258179876715
0.7472722527932032,0.244078205483417
0.10008363050669872,0.219521664019893
0.4994195443042649,0.498974419628677
0.529449758180423,0.348656785610302
0.32954872544107205,0.618934657155337
0.5921087518904131,0.39466061283144
0.09959291818715232,0.053092317592327
0.10292032085809476,0.0455930642169626
0.08080982664767494,0.0263558862159257
0.2734233207832589,0.678837227352098
0.008048308186184197,0.308121595474038
0.05048504606166993,0.887922160690794
0.13621054764109108,0.286505566253851
0.5947384247698584,0.314080839950459
0.8416535320089605,0.152156045887492
0.1713035142141538,0.652521200519263
0.7344737807288005,0.264265871205192
0.0005736158637474815,0.0337837809659853
0.2353493265297166,0.222819928374931
0.26803935330962037,0.719456505049467
0.2596004868110787,0.540569823340423
0.6603160163597673,0.00489404103235159
0.024931946313434677,0.0425118213918905
0.6695541716269771,0.131281691232947
0.629052080238977,0.327872469970051
0.8845967005258426,0.0894269049464765
0.14809529888523676,0.257589306667693
0.8320868159003938,0.132931473663908
0.754574667271635,0.217352049079004
0.15498412493975644,0.812939726993604
0.04967999859468605,0.0305290259799652
0.10244086254030664,0.0536511258034293
0.6196600580344122,0.0756875398011179
0.40119347982585574,0.364854992490067
0.12772378706885,0.624879095112421
0.026158028371879555,0.938182109532832
0.5723993441610571,0.403796801333419
0.6913178646020981,0.19372038482728
0.07155895280211365,0.296027084265085
0.18584054650678808,0.722837346584348
0.2621002581753222,0.71380456198516
0.15379056842064656,0.170968734738802
0.465686819860485,0.364174936110954
0.6745380120880756,0.282250264385144
0.44452147437282796,0.494768522780866
0.186235582247015,0.735555025471934
0.17478253371866675,0.0182964042120163
0.0786544837875491,0.721614201948851
0.19654683778281892,0.622434866766393
0.5290519745256915,0.290064568315597
0.8910821681628109,0.049364532805869
0.009877280444937197,0.0598209862606839
0.322423945971984,0.166980360648399
0.47846382332605747,0.496384477628785
0.8414829200300747,0.113979617456378
0.027870934591084057,0.782607660018358
0.160259595529195,0.00135294986080288
0.020438702821750924,0.0119011548113717
0.01851912120558124,0.171425953704303
0.09320706593325256,0.0494251603519262
0.027186231613753838,0.256956755897705
0.03227920576643297,0.892200001306518
0.7270477873265243,0.25696589685632
0.12697813903576177,0.0716989097075817
0.1477264038948884,0.136059505430129
0.039007926542164006,0.79312690577251
0.5474003790305717,0.0252070746872517
0.9000837315704782,0.000640185914358382
0.04469936305586942,0.0542623349156659
0.10155745692750752,0.640259675245366
0.1275081927656255,0.0243290037121649
0.48548729812807,0.27769445077308
0.15259079532512485,0.112766255073878
0.30987238440790527,0.621527399559215
0.03014847943444476,0.0874872777807798
0.847416931130489,0.0137983506932416
0.45044381497401403,0.0989782635690995
0.9093637088742208,0.0575318305492655
0.32529190182808904,0.0316040731569334
0.33196422639635587,0.611649997845813
0.009258165904280295,0.158876400282626
0.12023366971719698,0.837425416976689
0.5516330056842688,0.41783241744571
0.3223736968428298,0.667831643575986
0.3311413916317547,0.14616890681177
0.1466813015957244,0.35495058612875
0.2678529924051165,0.255687725730529
0.3489726542299442,0.572026338631945
0.8768112825528805,0.102791857892917
0.5564204458749935,0.440560792524442
0.07017455822777463,0.243370985491042
0.3053920355466026,0.592204971265536
0.435470355646668,0.464796132154751
0.6989925214196305,0.248392430905346
0.08865211589738327,0.255780901322319
0.41721677773936344,0.107076907108867
0.267568845741552,0.705216258514447
0.10098469860468684,0.338878761371881
0.3511133620079474,0.438708749734768
0.734882599900231,0.157940947438053
0.21827057277241704,0.705790161392612
0.6546163050437137,0.331189832167025
0.18604770466451195,0.636757384742015
0.038997798024631256,0.075207454418651
0.3545032463174535,0.640236505630058
0.9510575598187994,0.0300790010477869
0.11077361184031256,0.0727426589020084
0.09544316118709471,0.858090533308488
0.47873663606475153,0.370205310269525
0.07873587408456116,0.764898767459957
0.07254121095627299,0.0443938273438209
0.0980845724631366,0.0399110961055029
0.06353522673810096,0.0907744966362402
0.6020518455395637,0.31584035082663
0.11438723213088785,0.470813962264259
0.7109383812372688,0.213975793533172
0.7497156079777825,0.155027749998069
0.26895893827121714,0.655169623066788
0.18244384709368153,0.0538348740361662
0.07908366333421259,0.896679964532604
0.35789188297859087,0.593492738378057
0.2994035722372393,0.155852676995035
0.1571329175906497,0.763350130419219
0.6141741712586025,0.219464034369345
0.12443668844007985,0.0121997193581686
0.7803517681167963,0.0476655111844338
0.130854527094706,0.762417073915355
0.7152116304080344,0.162027273844979
0.27692153225880173,0.675094851748469
0.07943344618730257,0.127477792461561
0.7870902399469888,0.177342274172991
0.05809894140333594,0.0446447205367978
0.3575056343333844,0.523723067014633
0.04024691377469574,0.0350001554494252
0.3057553773415714,0.10114373440862
0.603561072382587,0.0939593648531955
0.32801112291178386,0.367885652734945
0.38487842983801135,0.612382455987645
0.26805473846876277,0.59039286255255
0.6354507013660305,0.35296170157235
0.6222947320819764,0.351728662030053
0.7589818732253935,0.187463347750166
0.07961132693167366,0.0128537138364128
0.00968148352289731,0.114778555500836
0.34485663270375927,0.381801210107235
0.5760480672988906,0.390875174607038
0.04849309765284945,0.00228340257597252
0.016692150964923956,0.0551097348685725
0.038126166951493574,0.0184915067661727
0.15825483257958242,0.830410985888271
0.7478113565502004,0.133148554690955
0.40680078022990546,0.17115217290064
0.2901891551915009,0.380773338641412
0.6280185785728474,0.031548376066896
0.6876242993867326,0.000661673665537518
0.9131545347321605,0.0673589133838697
0.42333854444605246,0.574774058070734
0.3874529503212377,0.559068916885789
0.4492005333463746,0.248298363498857
0.30877684244067666,0.102046807080392
0.7186245489549338,0.230913714866272
0.1658655621556276,0.470306409749806
0.3461308088373738,0.304000874293077
0.24966047499663196,0.0468615586214902
0.638807229667775,0.348821305811947
0.4605750317421317,0.487463999718328
0.010726639909004567,0.0765802031034608
0.3369440430578056,0.258202846879588
0.7329790963980066,0.254655614512195
0.17007709138401003,0.756473514035506
0.15810365321349473,0.447394116776664
0.048660713098466556,0.751607016749634
0.780227067643972,0.18948484686719
0.7600666499167601,0.0916315099777069
0.38990597637085456,0.522883602830437
0.6952618911836563,0.212950287068734
0.4227999797254402,0.452353082312827
0.5961047212569722,0.347028832959961
0.023243289041307735,0.0534066787326167
0.07854679620735258,0.11607524982159
0.5262632656884252,0.470447817185923
0.4860722878982534,0.444215731684383
0.7051051160123585,0.0560124152996476
0.032415944923769834,0.270558447243638
0.3785752504098638,0.483626056645701
0.36836973518198346,0.618865958746523
0.22076778272532874,0.77168225368212
0.08828784713780816,0.0947542915755217
0.14069880459979742,0.771137609104599
0.005500445704903061,0.26582842177101
0.1618292067453654,0.00650745883130045
0.28603277618387735,0.61296627260416
0.3944569601402395,0.477470927653839
0.6927790521217462,0.271653621705837
0.018261799440093773,0.262251254997743
0.07878497225988088,0.648349219102853
0.17625508811940213,0.00546912814691736
0.4525356892936901,0.46526188639278
0.02268690244346124,0.00882191021088822
0.493928472435939,0.448125205988355
0.027060565479824186,0.0322747922189549
0.9302142317077984,0.0493631905618214
0.23855555122596292,0.663428350552255
0.42317195175050926,0.465673735662311
0.08556765310643222,0.724899871001854
0.30309880760610586,0.575356082432816
0.04232135648697907,0.459499270793157
0.46587805441306246,0.248859594728105
0.31106626083958905,0.140382562592642
0.5302076329627048,0.311766493039512
0.05081565690870031,0.661416068610073
0.037607139604788946,0.0734160377824166
0.04914858478680306,0.738993240708175
0.0027674018494845145,0.0169339318398006
0.16319706069923984,0.0337185941253813
0.09490386731647397,0.895758301394648
0.010725338497792426,0.129191620787197
0.32724687116489665,0.536649896873059
0.0020099201720446985,0.38516912971706
0.7191089224942772,0.0790171014618986
0.0166717514636759,0.0425292855734122
0.07706066450453862,0.0221217907580833
0.7208624934516299,0.248449595696932
0.11842043833814936,0.757998120790111
0.5606599315204432,0.327694031650138
0.7001533856794372,0.079316653436057
0.3189578981175328,0.657163370532424
0.3027443595302716,0.654866540064565
0.13363697577335457,0.0472416462158134
0.09756847741445095,0.00360061029466643
0.3486057625341099,0.199074033981697
0.57515118162802,0.355983632400235
0.0031477807471675355,0.00754443526290898
0.197000724329704,0.718134443053481
0.09774454884753554,0.113391472752168
0.10420618643435686,0.729794516181926
0.0038853741628648306,0.229715326337555
0.033022918938371136,0.220495552140134
0.40635203262242964,0.549070118634313
0.49987801643562774,0.465020688777984
0.009131320432709363,0.830337253709831
0.7507743916870936,0.149355135874141
0.4413548863729223,0.321429952678156
0.585984602793901,0.114345350555917
0.6399789147293181,0.0355878733510951
0.30320968084023286,0.668969522636501
0.003667159945391973,0.0845634577193469
0.2458437206533176,0.579674769892366
0.4595555839174907,0.0938235040733939
0.2538523811983585,0.579313607147434
0.09475267849244874,0.707977359164908
0.3385848676635965,0.644038481415094
0.16963529344100742,0.630913752197567
0.6522864389621373,0.195110507226236
0.4481415496516916,0.508527143840299
0.7289335824453465,0.264658325923641
0.11271595333209432,0.0339580392893677
0.13575603192078123,0.308829785419341
0.6667100779799426,0.247168127653068
0.05365509042107947,0.125045386768336
0.5305429656403325,0.0192553952570769
0.972655185675389,0.00975953870838137
0.24797654940706568,0.748562741737971
0.19822901982351296,0.369585214875462
0.7456309718842843,0.217476620835654
0.8110715433905844,0.182927722668108
0.8318823137949896,0.090760119351062
0.004006684070198716,0.0141164508291562
0.20124221312072607,0.663347469995189
0.5566676754510066,0.353678645003824
0.007411233071540727,0.915645135574658
0.07724565042910839,0.900723388645343
0.714077934723164,0.138319937131752
0.09967136049662528,0.52149651054481
0.45651428080616274,0.175407985106131
0.022053908287569594,0.0365419964886092
0.017741474517623188,0.764509126858858
0.7586584927228027,0.207088015850854
0.037586535765454836,0.939384178691907
0.026480558459332115,0.843801107685063
0.01339375313354001,0.363977928077969
0.19528086240087514,0.0930268274119466
0.5631899475035356,0.312358760607097
0.45694480469931564,0.411534055233141
0.09406997514453178,0.144943762437957
0.09483174485372475,0.8491635018133
0.032910681785705005,0.0639693928069486
0.7180154051552271,0.115790340761633
0.39817372664135775,0.0094709999410842
0.5560475664232731,0.383349311112216
0.17279946094502419,0.498848099204549
0.0655396998917951,0.0639311459854865
0.7337257425655223,0.24984641918434
0.3284128657149836,0.147184611947061
0.8447563267949555,0.123920271203014
0.10578539047298992,0.324017927460901
0.06059581857790229,0.39302405031265
0.1438039083411728,0.744231098993392
0.5441544175499767,0.42079279913836
0.6876338173950648,0.174483554211171
0.6056448656633311,0.324358213881137
0.04207666805227388,0.0980823141184364
0.5926213125930915,0.121680981790578
0.3164897253373841,0.534827266134672
0.3357852223262203,0.63358751218693
0.1106510523615391,0.753454348860257
0.19143130585752452,0.699140372825406
0.702630230622363,0.258584280442578
0.12103892044650846,0.82568200719987
0.20592957315401725,0.409382874835658
0.6764574221789834,0.299399453878673
0.21082365828581753,0.755388086531326
0.3361977191736587,0.297139874016714
0.9623638686058482,0.000179867953381596
0.016418493999612833,0.118245704886032
0.10417673763918717,0.149136782856991
0.12041472661648579,0.848081804046261
0.16697363196266798,0.591038496010569
0.8058962378404572,0.0589759368311901
0.21400072582004884,0.77788483789237
0.07728571552662922,0.844703885299856
0.32945818407163063,0.282329717867337
0.1589043870389659,0.840184725537955
0.07438401531186514,0.190685077140631
0.020306628693234664,0.225995764500305
0.8516510823896049,0.0608294078988518
0.40709935895244703,0.448789791882468
0.3044399084248733,0.61666963591249
0.09713070169124167,0.613037228836943
0.7292072628997726,0.0425661862464359
0.0712653150138041,0.615023612278625
0.04613443513710226,0.100917374523178
0.6097785190189609,0.0982653659603243
0.1766163782252784,0.56994497011359
0.37525942066076845,0.608329103954101
0.024534867248848343,0.836781718052276
0.040085561716289415,0.930794079221496
0.22521050276006793,0.692036894402571
0.12588198626359634,0.214960655263075
0.32526634608754296,0.221680766678401
0.19239252796143058,0.773093703665475
0.23310331274969706,0.736336768079412
0.6651650067913382,0.327382633131954
0.2852789186315386,0.641189532329101
0.014345703445678362,0.0347412038913012
0.41660900696789505,0.507691688289464
0.8765622510240932,0.109844801224786
0.7646140114366905,0.201492864606013
0.20356048673513116,0.6290469954102
0.7693819920272826,0.21039467234602
0.31075851642364627,0.623802321562842
0.30313568728324297,0.495124567982833
0.6515202610354023,0.136014999442487
0.01610927921558167,0.0260846027039128
0.6665869941310445,0.322734620606286
0.4219941888238075,0.567354703457784
0.2783159248832673,0.468936730687065
0.7201993781270325,0.223403775911493
0.2792720924721298,0.114546726762144
0.6947887826403374,0.228446807718618
0.45157265940647395,0.425612749192256
0.04431421062206897,0.840481788634245
0.013295337564919636,0.0722703860614011
0.17808702229932163,0.643609209567221
0.09462050437135916,0.0451433797735991
0.015802072544565084,0.150378115610889
0.8239558066296941,0.138608123458156
0.11011017196949516,0.746275772675337
0.012115805838200887,0.000569597970071492
0.005103392111888196,0.635683804074697
0.43704320210037945,0.557285107958952
0.1243028223101886,0.823362541957428
0.05388102982951035,0.0500699608833542
0.8286473742358393,0.0108855661567493
0.06176285097060036,0.706193610154368
0.20664374253361645,0.0376882603001709
0.19573422624720402,0.600007444573056
0.11709627407184837,0.0403266854888297
0.6054012380805538,0.149924054965779
0.2204663277657774,0.113959129304253
0.31241659900798563,0.662398425186454
0.08284506396436539,0.668580691873238
0.012154279706834808,0.114930539774591
0.14748961863892143,0.709235537450793
0.27135698411129827,0.673068252567141
0.1614841303316899,0.408626265112094
0.33605955438467666,0.4721294431155
0.2519009427920746,0.583529291392407
0.5365284215108794,0.22036046301547
0.11327305112929326,0.0192082145319506
0.15921498232609171,0.740846806152262
0.5006549721069481,0.480822136518044
0.03971292185724734,0.953459801756453
0.026177930366868246,0.0507161106911031
0.05128516532092992,0.900438274902124
0.4585211662429341,0.281435851965226
0.45569755384314414,0.473561892350637
0.18591526235631928,0.627816059048748
0.46925476895276824,0.116108844641666
0.24560662749931378,0.741143179521739
0.08129743992034279,0.0233950594042165
0.15132050866040175,0.00348774413765592
0.2855932400826965,0.493259645864412
0.8693296098997348,0.122264817163586
0.8093969498676481,0.0980324076175524
0.6777976740046681,0.318816507962964
0.43738442755905954,0.0698247589468279
0.5427875656259278,0.384405091745996
0.49256215858509467,0.45508827997923
0.049634662264695574,0.0243070637792304
0.018353313849060058,0.0363784723360844
0.024551517740307133,0.192041027562203
0.0324105211523047,0.207295188471843
0.0007756075623771377,0.0712748160844735
0.15163142135864907,0.26999045705004
0.423663763070854,0.409050115605157
0.4379717668783924,0.499863342369743
0.49961541693770506,0.498476855238261
0.29314143743937726,0.531403317438266
0.7092388964579537,0.102434038300895
0.2895587168513748,0.696311969254891
0.3665980562194454,0.609502005275049
0.6322192840729067,0.357762568023051
0.5358280245433593,0.0870081092207134
0.1919366666089483,0.747917235852255
0.32845565717219416,0.497413543813087
0.7407021555916579,0.0131817352060969
0.10969898271547628,0.369384828067992
0.6349665406793015,0.354884671582805
0.2558491827984162,0.722440248580988
0.4204771860535398,0.528723512531373
0.21650541515919666,0.754565911934504
0.36236508947935187,0.607660372773392
0.2547542337531713,0.0835056536723064
0.5016758093287014,0.427452803835236
0.16299125926068234,0.827314278089856
0.2578005713976353,0.55458096283933
0.0525232722702215,0.699314892420763
0.33026983335191995,0.546358890475672
0.3049179221665563,0.604547729733913
0.20265076660069828,0.519183725486433
0.19196153361947527,0.780594855412003
0.739434605314259,0.101406885172881
0.5679284237943591,0.401159272876842
0.05879855526279417,0.271062909169945
0.023127536540136343,0.0465817620135252
0.015017203558063635,0.493401218631724
0.0038815696683612453,0.11737045160063
0.27525057473260894,0.0695801468805852
0.22381311471131551,0.0500481866412127
0.035701247694806246,0.0454697229683737
0.7264848368777855,0.152637573339376
0.0818616272308767,0.0109128245692533
0.7182009319912526,0.26944780928427
0.09844826240149443,0.0630221073948655
0.4782140939097335,0.486453148648251
0.324463518940401,0.628012735949375
0.016115162090544786,0.798369529618236
0.07434429641293865,0.852902482535798
0.6745993371675524,0.253875311454893
0.6273986063146282,0.0694518079488809
0.6077457486509309,0.38802095821499
0.3949650000878154,0.42068102442559
0.47039264612731535,0.0512587027580417
0.6448579208362482,0.192450558456865
0.5813452266662876,0.192981929470926
0.11369642362262396,0.810828738474328
0.7591747371786229,0.129507859132003
0.3400440224674003,0.55555297333712
0.007508156080901161,0.000148845893073726
0.003981241283222729,0.00509686677330163
0.29217841579181536,0.662390591438882
0.7933823260095056,0.0426383151348567
0.542385563819058,0.452637276776651
0.7432711232333522,0.20587655931789
0.5540034014558479,0.428211386366698
0.05680136382030493,0.048286063553476
0.5666835359277002,0.376135201473843
0.18019634078528218,0.751482266897016
0.043220600775626485,0.215794692364951
0.025337684389602797,0.963111340962836
0.7959182639091547,0.00942689361992882
0.24516798081048397,0.609233992727136
0.3017844745992448,0.628794845087308
0.06866782737895193,0.0953933541667494
0.12699035207095094,0.857691156286214
0.2577872847459402,0.738745480545854
0.17847778922428226,0.569760814760388
0.26502488645599015,0.677301027514638
0.42397543769821916,0.234067011798935
0.28730083788353816,0.148335720637156
0.05269735860092105,0.155397859202404
0.0018206093628630785,0.0101397058516943
0.05855467062893452,0.774757965795623
0.29865652983384133,0.0545922590297216
0.5975279234604742,0.352495455111987
0.12343206865920017,0.19375884406375
0.2570369179576378,0.0718945932495462
0.19280399846701043,0.756658467328214
0.7701148385764967,0.170268828670289
0.10374564014726735,0.156557170469733
0.10472337441803907,0.748348395693541
0.8417107322156333,0.0289366351585165
0.7425272124420358,0.257135317663129
0.036006485886813135,0.0206984403315846
0.49312338868556466,0.41432084707564
0.10749295003761113,0.835376296870194
0.011302036144328923,0.0329067155969307
0.6707615197410799,0.050828083669824
0.16141845377871364,0.0455319867920821
0.011755980555485317,0.0645978835542684
0.13487530938250714,0.593786983284932
0.034481648199967865,0.0409857432761224
0.39781327108889875,0.564690985448711
0.45155260111500384,0.484986075642956
0.03082875633369069,0.0550732540670249
0.358281205913174,0.0190076201198719
0.3170918626566894,0.559940655408731
0.06619411365484283,0.353201704397488
0.16334914505926706,0.530617921815662
0.4968149379218202,0.500609626883346
0.0982861205741425,0.0277333198276651
0.3375244763168585,0.520324516380492
0.21043462694138634,0.672934947897779
0.32534188831604993,0.482046756080101
0.12777996330945834,0.738974953570129
0.010486874178112147,0.922073121567035
0.833331374143202,0.1546242341877
0.725621860876013,0.210931166644608
0.02726548372829254,0.0190412178001992
0.5351107847929113,0.229326082502746
0.7430095130183931,0.188774170529849
0.06022007111832681,0.869159065995517
0.02246660137109861,0.0256246508198314
0.2566281531567933,0.682654839966803
0.9834205147319561,0.00853240745106681
0.6455001150913636,0.256268906188703
0.5975394656331884,0.341977029073122
0.07361755007052663,0.0978731870744091
0.5116503600070041,0.16495443346868
0.0033846035294649137,0.319642102058552
0.11528931076389892,0.0400555585521428
0.7080033895452874,0.102890152111502
0.3518244315441755,0.45345521937373
0.8735811222020312,0.100181527173182
0.23858611985750575,0.393699251164664
0.013117193853526906,0.0123174427655955
0.006680076853573042,0.171544124801959
0.012294044493845987,0.00779869726223469
0.3136682740622571,0.587727034572016
0.21634915917391187,0.771349384877522
0.7966712337115196,0.122603652999789
0.11450049197365042,0.512084502040178
0.060663460519299765,0.05249707718165
0.25913219825832684,0.157545235542743
0.8010500331117331,0.0792858357254736
0.04625634051354935,0.846805810178464
0.3070456660954834,0.215801263861953
0.020399063515498334,0.00987515016922833
0.5514493350305206,0.105445479310763
0.16759294359842464,0.0899293461926712
0.046714693850983875,0.113668516365865
0.3778683093043237,0.455583253763645
0.034968422207154376,0.0090271171972048
0.26806055983675686,0.58571722232956
0.5716214498566045,0.408851059559337
0.4954095047427392,0.484990347328767
0.057462560070447324,0.249670204656178
0.22898901719025236,0.408554872657606
0.18512253589709626,0.790320365453636
0.006041676157103865,0.107149296843584
0.4564705181835254,0.407578930369908
0.025412590066648283,0.348511036955731
0.3469202352288689,0.050063961192915
0.9802057415790237,0.00984407135822601
0.45129097445996874,0.452050453126811
0.017893152561924336,0.0526947061809705
0.3405153023715487,0.512670020214657
0.0339880892918125,0.0127785537724689
0.4555844512021369,0.246691743933869
0.3264597913258017,0.578584523472798
0.12361279268713993,0.0348546373929667
0.11691648147123042,0.163425250237975
0.0538833480128555,0.920592490720526
0.39296686692988625,0.243340117288664
0.6773992050122577,0.295549269173712
0.17416048225401135,0.644414984092113
0.5132751822742009,0.366166588048389
0.23014614232643948,0.268362677789123
0.18515420602439825,0.785791343148272
0.0777798242908912,0.0224463232149198
0.018068578510301244,0.97041544113267
0.12347814449974426,0.0344776989184016
0.3036551627305693,0.680699295462895
0.09222131957860473,0.823483570284271
0.5726459171232501,0.311019351144147
0.02937875324047574,0.123518979838113
0.822856146610603,0.0447907038364663
0.011730899025257901,0.0101045356401799
0.09326913129693286,0.27997079142023
0.29412610056049826,0.658698232596118
0.12176995933619968,0.114688747042264
0.05639909979703111,0.119908551639196
0.748236830717638,0.23575154677838
0.5084054018781408,0.409628629850068
0.5398651401806334,0.397778270743765
0.5329047173552821,0.445843627697522
0.05146115843887364,0.917005261603335
0.27970397221297216,0.234932227017761
0.519959233056273,0.442115714477181
0.04257668596124745,0.0259853686922462
0.6957331019578447,0.265238868636705
0.2199563090668787,0.203348016872225
0.38466679269587806,0.221487694349835
0.05632428376013858,0.0753711708904664
0.22515671892735198,0.666422839612616
0.022405182525671,0.0326886778314759
0.3795386878976186,0.59142511944592
0.20101368446668427,0.439764561491979
0.3811662170464338,0.574030267278475
0.346720614540381,0.614850463731824
0.10418397097915132,0.513443991262021
0.05603073038734656,0.365964011423588
0.15798550256546054,0.714836443034737
0.3083454144940276,0.687200123438205
0.2656019601609873,0.585540961080993
0.1886129478738027,0.67688832257154
0.7443902778586026,0.245665810922956
0.18328542399049239,0.734696845352878
0.19393269850407502,0.0439543496292066
0.4976064611696666,0.484339095843359
0.3869104004940573,0.0790001817799719
0.17655767106668943,0.602387395993092
0.7349822137191956,0.227471773415288
0.519835610290273,0.412495936837007
0.4016723727020887,0.201185533102515
0.6557895372371055,0.335536362573076
0.6325857757879635,0.27601758682945
0.14973127384992696,0.337286983247753
0.4650555917097338,0.510572621723914
0.25896929847539607,0.486882292361145
0.6949413642155226,0.123991592826345
0.24197804485549568,0.594826064413628
0.08514481951693229,0.0573998469808278
0.48641538310826093,0.0260835695534441
0.06255204720661794,0.0591748742965443
0.03379452471860329,0.473077097520697
0.04575636261643445,0.908402863045996
0.8386087332521034,0.0828154913407708
0.2693576188365186,0.277834447539722
0.7951698300730056,0.175735507199092
0.07598540635121177,0.0368891443048795
0.3475015341452627,0.643369313769604
0.21718819436268127,0.00631327312764821
0.2511546832597806,0.689042773824881
0.004825651060862109,0.832011276938948
0.4384965403055786,0.228938856030061
0.21478519332239265,0.384448523609019
0.3183681340480703,0.655557118245404
0.33062394632711395,0.531138129415105
0.38499309815092264,0.592039832950223
0.519735347503659,0.451554112776103
0.32405007119381835,0.522875675189068
0.6087510726761767,0.244416814794535
0.5443589832965402,0.37127795969077
0.7146575399367298,0.273171675150515
0.007510289530741103,0.335473798008198
0.6582210799653003,0.264682397296801
0.07511094119981364,0.822872734460076
0.05307817854126116,0.246206322290882
0.09350539162798846,0.580604511081259
0.10760558726809731,0.109233711809177
0.23536563688714465,0.663938137754751
0.04420619601179986,0.94155641221136
0.07721210906480505,0.288992305172468
0.12498538271930387,0.0652797148568865
0.7050344659344889,0.183135245465269
0.549128250697477,0.425654873861481
0.09201064241209828,0.860976055378251
0.2623694077248405,0.34169027367588
0.004829891696304275,0.0731547442284328
0.1365081636550549,0.736668078249079
0.007053780088022195,0.0202478163495812
0.038410655464941754,0.093602711608975
0.6289609074999898,0.268012429884845
0.7260834497439301,0.0197946480843992
0.051949221938701315,0.128095847531927
0.0962712890601846,0.660781891535809
0.166741264916721,0.713906716981625
0.5809122948542462,0.0552099281957938
0.5234577945067951,0.389881810093202
0.15303948638770015,0.830444358580134
0.26304166709625276,0.553652060492029
0.3597453422872822,0.54379882442403
0.15213552761908317,0.0356202619974283
0.3927128065144327,0.508748531455769
0.2628049381337436,0.494434717641524
0.020365298277288873,0.239804455646225
0.06801807345402318,0.0214601095306438
0.1773373211115179,0.666255163308442
0.28841731104400514,0.668805793536352
0.07729138581792627,0.190595476790091
0.1627717030302355,0.40135291417923
0.39800296108737926,0.538586712784522
0.0880221545587333,0.155121450533149
0.3731077616106543,0.0621971879506215
0.3155420801780384,0.613552987923984
0.4197879777685023,0.197295813812276
0.014417708171250222,0.663998876556957
0.6353386266148564,0.356881290286507
0.7065089510645762,0.236982009128671
0.31892226352851577,0.67494483782063
0.03204843961198182,0.0031694521400444
0.047716439321653786,0.218097542841454
0.15382299130922591,0.00621314340926692
0.06784413411329113,0.0459287713189039
0.20819499120261326,0.020283830315525
0.40771112207612076,0.588445512228367
0.1136374563586431,0.0385831879152186
0.17830799648212212,0.197231305729368
0.04667062376047212,0.00923983620063632
0.47467617867325496,0.387667545699564
0.6465130499658569,0.305650012677492
0.16986344554734137,0.781159245602551
0.15615680377510507,0.0649459758134183
0.2407064844287081,0.339979411699287
0.21030280590577527,0.0454004356673312
0.19705223769469377,0.0271922536691753
0.017675106735124953,0.0827582598105375
0.03975253794003232,0.0776686951515294
0.46839856812515246,0.529687148435951
0.16426532610959324,0.022510589987843
0.5521285133065519,0.00701967536756737
0.019670948931678752,0.0122660890227851
0.6493133658471584,0.247207731336497
0.8735670760737375,0.057749535301929
0.1907177978906309,0.68685251544237
0.0811258531387419,0.0444405454782275
0.8785511949476724,0.027141413545705
0.1377836035405753,0.657158019924458
0.0008868732949284556,0.100130920277703
0.05358107011902296,0.0547861239492628
0.18429712980712623,0.662095205965642
0.1596042747903102,0.627786482091498
0.043853025519924586,0.00995840836973531
0.3153857274291189,0.413393790594476
0.7129660814885035,0.142596940913835
0.08021418836491893,0.00756868257662268
0.7965793810755488,0.12620761443028
0.41094373634739045,0.0768963762550668
0.32713000074432524,0.572413672752064
0.3220906662519952,0.625476732509936
0.017366284402730348,0.0673857135920964
0.3037874150471062,0.615287840475211
0.8616337208654619,0.008976816133248
0.5258950891265546,0.339201832279206
0.2497422615683356,0.726382890546138
0.09002848181486071,0.0270222011827243
0.10320327791209516,0.0154457368819991
0.4909330774433445,0.272931551170737
0.10207614700849577,0.847590330193826
0.3469426938418813,0.0505620194305618
0.10868590199197568,0.83285006579291
0.29009892791831404,0.704036436093347
0.05209663019542998,0.0262166769018537
0.25201696472392127,0.671940315658521
0.19591543998431515,0.697963596486593
0.0725099782383747,0.0177050221525491
0.10696046011177546,0.0482083970143403
0.321816237284489,0.623112504419078
0.27194495326433743,0.668272445805168
0.24298561793899084,0.615089119391242
0.1469134844391798,0.0112111439681082
0.386665770196911,0.579601916433171
0.7524225495021113,0.195822513014002
0.014618301554325894,0.748308762122859
0.13927952220811418,0.774549896554724
0.8918418893984497,0.0612393747629193
0.5786412686656156,0.377090435095649
0.15701013100187422,0.0294483354939752
0.008121953220918922,0.0247821237697445
0.03777920089318994,0.0809652043464003
0.18955778864624953,0.61455951008268
0.13853450582877183,0.0161988452899109
0.34743508132454176,0.545080281135955
0.43729147711924027,0.476401650657162
0.1577783339163228,0.637826569670582
0.05117342199668464,0.107096177774898
0.03816473072729812,0.00576848494063454
0.2844790579223352,0.399835804034908
0.06576193341241779,0.278822166790068
0.00805716614522631,0.0800582478336489
0.15712162177415812,0.134176230850433
0.3132689711391408,0.164269888547909
0.011520612551739988,0.642399815967748
0.5778974935837694,0.322210841426263
0.1250102106869946,0.381587739346908
0.5847034264186816,0.0960818081545236
0.3056777930313302,0.456726354209201
0.08212667770825377,0.901786435751845
0.41178044158950194,0.133720389533292
0.03445197699933271,0.124799947261499
0.7568226390279981,0.161797211336189
0.6772934713806963,0.273916971413253
0.3308932422967246,0.394629270497181
0.1762430195693834,0.823523575974616
0.321048388245967,0.507330639482326
0.1499244657818988,0.613909549991725
0.30974759369936367,0.64784568032926
0.25045985130578563,0.247436098978965
0.014405527037851393,0.976718084520056
0.15549808555551783,0.00671015538630444
0.7604438445996282,0.118013954102711
0.09031165086400304,0.0533742180655238
0.16511346471432525,0.822810666898965
0.8231919361342366,0.118966099117862
0.10513770216791445,0.263894529776173
0.5708111125897938,0.172621207569784
0.2979362226400638,0.466258331631705
0.5074700234009524,0.48016750701824
0.011823304903676318,0.00528911880907958
0.08509145422930614,0.0666022695685879
0.7619804528695655,0.176669266278676
0.003387895333373172,0.00473589535512349
0.009769544727391609,0.128783850536653
0.23021405289110197,0.196054357152004
0.8971131340219867,0.0463415454464645
0.5146007241377664,0.430100773331555
0.2189133088880724,0.330667642980137
0.1329804369714334,0.710319075559154
0.06273472968464912,0.813065154198464
0.36087374865308336,0.58788842434129
0.6139421309650711,0.375252668685005
0.4258456044041151,0.516716902491555
0.7846614111574024,0.200035716690306
0.713832460020112,0.163159330609835
0.27049533641222084,0.0125360072093557
0.7089066059867792,0.256343996689944
0.00167955961805495,0.0668276753436471
0.08396917063446672,0.0750141533274331
0.2122647957640584,0.429878271145145
0.0679035185431295,0.046693856694294
0.14601208752632341,0.84613596968047
0.13869605082702413,0.111907031026752
0.31670653486897526,0.564565813285379
0.10539051432378481,0.0324580522959518
0.7622668804589012,0.0668710921813004
0.1520695512825613,0.814470000512488
0.7563261031956956,0.0464090282945814
0.1829167719363382,0.148838982924589
0.1207063893997065,0.0283492968028313
0.29525437713597397,0.674095644477815
0.4411282600870371,0.518870457134413
0.02281124231210398,0.959462544484616
0.4234676550530975,0.0780542997278619
0.1188228254130593,0.844387587581021
0.6500207626066427,0.12109239530951
0.00038364592814418396,0.081113413613986
0.11805396814444591,0.868686501616288
0.011815457236752914,0.0898749988881119
0.5512492710476823,0.381677789307893
0.2337439802157902,0.00100779161692619
0.9102414382674467,0.0384421527823951
0.3702628016274998,0.0537072284369708
0.5515673240477847,0.41544829150909
0.5170916984750684,0.477156037944768
0.10197212405846483,0.812777594688641
0.022144408179318373,0.0817695491922763
0.6056105475260194,0.123279488545723
0.7353289728412435,0.115634943022232
0.12165391277514513,0.795002375774136
0.2124662022329312,0.0235516093119003
0.035268134686789375,0.901245231215676
0.8425124073651237,0.14516206212655
0.04951578098854273,0.335437213912736
0.33591071881258083,0.624046158126208
0.022458146865910675,0.284048756164353
0.20389984905446482,0.52944971306737
0.4627076859350777,0.503556559734456
0.0116657951274701,0.187068171503242
0.7945046719462746,0.160372580630956
0.8504755795124169,0.139478866769284
0.8180478389619569,0.156912090467932
0.7031104269198598,0.147453071697307
0.08268481917526956,0.349494792424596
0.26799990032032533,0.0732142633932403
0.012368627704234983,0.826412631523864
0.8438119737441362,0.14994640983411
0.047134490799963624,0.53063277324196
0.30976686515661034,0.374061166525971
0.7928527043661423,0.0919125511031972
0.3110203879401897,0.0921312375291353
0.8479249865811659,0.145234828660237
0.494896865455839,0.4975820659934
0.08402082223926896,0.863016117443443
0.45125738165239143,0.500118150773572
0.18445946327913865,0.813925113328113
0.6974400729065301,0.292813501778869
0.61013379216161,0.359765220978261
0.2266215234303531,0.741582249808876
0.2143326790614704,0.247151205973026
0.2614319575863183,0.203235186794866
0.013863284426374333,0.869150796069566
0.05719822215854909,0.0515531112601473
0.0020963303726481966,0.287768343339195
0.07813136464652193,0.823564213009993
0.10418736374177825,0.16369010940192
0.7543656618857495,0.0569522336848456
0.25158726658548236,0.688458501268071
0.8751880773864303,0.0847940320702557
0.5200010907100053,0.475774755642396
0.4181659444924924,0.0836370507666218
0.048311614558850954,0.0745574618446914
0.24484843770756598,0.71124345743783
0.23867737635555716,0.533519832380471
0.15567406296734226,0.0437743556404247
0.03609739932934048,0.200269916018967
0.8407744444228702,0.043938267278037
0.8430047636283066,0.0423809624129552
0.06369475152943813,0.869258691124343
0.06503479384697093,0.0160695997278787
0.2346668527412357,0.731900896452768
0.04250738863710598,0.0745870453526939
0.2536593426059213,0.0160156692034578
0.7960745926701356,0.19077112483542
0.021580610799941665,0.0373528715818743
0.8044929671140385,0.162792050223601
0.9011168613067683,0.0925683514927646
0.36095716550290313,0.565153040337469
0.5421465952815275,0.0318024008970533
0.9055081042526508,0.0606797209934032
0.5874755978854,0.260757906807576
0.3498757288182279,0.602887644881991
0.7293646862140118,0.177801684510114
0.07306316800229926,0.142416102237092
0.5317799685138864,0.215710156349206
0.3465363677910651,0.651502782131333
0.24794481427171122,0.712509490829641
0.363649082145184,0.479860112275378
0.8891089085991146,0.0406461170384833
0.9208148859702677,0.0446648684628423
0.44370450274258805,0.450888958475237
0.10340743669429799,0.0462545348197298
0.5459382318972461,0.390588716144257
0.07656765503000158,0.196334193795461
0.3460366380628858,0.477136767621338
0.6358545043530969,0.332956372246231
0.0014256727457429058,0.0322137212140205
0.47344516037165923,0.0941725156796313
0.6713359761806643,0.150510198940299
0.12846170701081133,0.769743934903105
0.25595354524449737,0.687709161392416
0.5326560706439428,0.362746004178161
0.09900391931348448,0.0298466327137237
0.071750942703301,0.310541853239224
0.07051284805776992,0.81616748799286
0.6725521881446566,0.0231425433902183
0.2514210291473198,0.538515065271757
0.6626155515410107,0.275129651924305
0.596682000555001,0.361407486350605
0.24334269317285614,0.152908029636403
0.5491604825716717,0.313578719497772
0.02591474633769036,0.132240934447023
0.0368852345531455,0.929394030360798
0.3365749587090457,0.659303689388279
0.15522775067502634,0.0333696389951795
0.7054337777067233,0.240358173984338
0.7846572254436487,0.0732806930118062
0.8584183857260496,0.135185288211685
0.5655013723950615,0.41457203682959
0.06772105348331532,0.0130998529034775
0.2354079842625009,0.742362492897988
0.8281129883878365,0.136532898972633
0.5445088192473779,0.453073157862062
0.001549569140647952,0.0915139767456884
0.3497425358349101,0.159101265133582
0.4747353630001926,0.156075123859318
0.20901869323211764,0.710817431528081
0.28102504192123856,0.637931467124325
0.14246526093418369,0.360390972842697
0.06247339657631551,0.93168314358032
0.5924435986311813,0.405160619337715
0.09092440724371299,0.802907779059895
0.7336563495833415,0.204738956443416
0.07511644081849488,0.913419197060886
0.8534742644170012,0.0249900989381185
0.7755085170682925,0.195509669255506
0.028264085932242264,0.386471954125124
0.6621932366886668,0.217968435430144
0.9406511985187092,0.0295527210788172
0.052802685133943046,0.877598119233965
0.47659279364317914,0.428319163930908
0.9253242743848731,0.024757374421656
0.03235013665830327,0.00992884092955399
0.07726494650605076,0.0144083151185944
0.8402818576665605,0.0855937103542475
0.42591207113887736,0.555894130678461
0.1610730960643322,0.822492618034326
0.7925850299622985,0.0679372032944974
0.4286314471733417,0.504223032703031
0.11433033780298898,0.177017703206701
0.18373286797646649,0.810832402740297
0.07585688697154504,0.19580296622628
0.05276862374340957,0.179256678262395
0.4149750393753134,0.57201774291896
0.3829598317513716,0.604132223704013
0.02923054804792206,0.221123086269621
0.5428140051796418,0.292879403878057
0.029548794833218445,0.808410256004721
0.5928170185412966,0.0409967362178069
0.4487376195389857,0.149724991898757
0.06193808090056691,0.643832342483154
0.11992704751760516,0.091278808478658
0.5604507314754583,0.298460026469032
0.34317051605536086,0.649018984319878
0.17612550388933632,0.671446473285652
0.34090819481559353,0.525868042613824
0.5068544915862104,0.398583053254184
0.7705176411941874,0.0485177683024938
0.06848247643491875,0.816891610539168
0.019574405288304206,0.0168850278547715
0.1789955109690997,0.820670369564351
0.048033604558655865,0.828996845495547
0.5758824536637568,0.283801520471607
0.8617414724442671,0.0756010464036418
0.37307738619602876,0.188212167922149
0.3249976843350142,0.480568923892217
0.06779088816558519,0.0200633469899724
0.27168627275604545,0.582698192509339
0.08888314996052518,0.214396250657799
0.12212809086859344,0.852115074463842
0.04274585970856348,0.868738785761773
0.4026921144580414,0.539919546374775
0.826795081003069,0.15969413722692
0.01346781380676987,0.943288882651867
0.253884006366056,0.35820521699528
0.3345479562507796,0.664778083001527
0.014878857093575903,0.176251063018693
0.37375412091272425,0.625435853845338
0.33163932729633716,0.586279927710801
0.7339428506064548,0.0526257766916524
0.018468096521896796,0.113849743480604
0.09809430692423023,0.113715162377204
0.01343030221913243,0.254149000953498
0.0487614827601601,0.8981473950391
0.9699007702668729,0.0261367833302514
0.6660829286669184,0.307097870157001
0.5201690194085211,0.408039069899486
0.8910846535770426,0.00515331759571971
0.053719682754897385,0.0309342359941314
0.23197998653205645,0.651299021914775
0.0062795043027299175,0.625964983344334
0.44424830614348915,0.449161099907417
0.3146505621093983,0.682215326069111
0.061351951651029135,0.511876503126076
0.2078484067909359,0.593353061819872
0.33804358743596774,0.634205106312411
0.055151308395813066,0.8447718652112
0.4506013091046628,0.513517812386007
0.06789466968758619,0.00575041683552884
0.36356196251731343,0.360612384295652
0.1553958439667629,0.720343134909052
0.9112525324872097,0.0391136768493718
0.045630250422868356,0.117247862935899
0.17068020532900507,0.817299234936197
0.014672735059328066,0.316636908958632
0.03531238029385626,0.892478669966576
0.09081837398908611,0.0011289564495778
0.32103329877459197,0.516557112959851
0.38984552763384644,0.155331834791135
0.0015027065350381198,0.189906558584919
0.46393883659623975,0.510506871209969
0.01283547739497003,0.0601326009641232
0.2183208105938017,0.54254049320665
0.13485905753167227,0.70400204488716
0.1506950652372756,0.206223117969049
0.22606162813420486,0.0506219354994987
0.08746460359842098,0.0730919484781199
0.277758777968788,0.344195066840218
0.7324383183990715,0.248082180108213
0.3631439709414718,0.495703235785938
0.5828383363074524,0.368319172457668
0.1445195472518101,0.014026249515327
0.932163559386201,0.0463339922233345
0.16272962784328932,0.669863802192225
0.5049359526275433,0.424183804374408
0.04820417048261491,0.0979364053734689
0.3361649056649467,0.398994989411697
0.6720043528031592,0.261805391565828
0.056182424463639115,0.165306614435532
0.5659013607225326,0.0300765252810845
0.09221493634424048,0.802176669630792
0.6631038333083564,0.00334919710336495
0.6527792251648015,0.316058274447845
0.057498104763317424,0.123716323595898
0.7175148040635433,0.0411753445092347
0.18217838035039313,0.670215163209317
0.005645096405494703,0.0236989452748024
0.44082805118971236,0.484829123824159
0.4386652139904316,0.487679852140165
0.13499213480869277,0.0877890319662826
0.03774620970463372,0.180448164974133
0.6584234782623338,0.112470630120264
0.37588247041783096,0.488813406143504
0.6019471875542783,0.342281711742891
0.5164010150682136,0.309854134449085
0.6869934408526108,0.249041940405515
0.55116753046402,0.322882352220613
0.22684852169227365,0.719606062993893
0.005994951213899882,0.219210946313659
0.08881747504459199,0.00629152278056164
7.52951963639286e-05,0.0181826395353434
0.008819337883274334,0.15136076734467
0.5558122487763109,0.391965443347102
0.03128652608683048,0.603357233554374
0.0035285007930324986,0.0462499777221996
0.08932807549977269,0.879950592383177
0.39957979057335125,0.45828156348192
0.6730099262778229,0.20220249927974
0.08986030386101372,0.139277653633447
0.5942588678525329,0.349628236919614
0.030865778079090748,0.766075230663136
0.0196246096804161,0.966674990941277
0.18573905394536522,0.422497894465134
0.03168694119039545,0.00159636209418937
0.048514364318448744,0.749422576978695
0.8378851981200424,0.0852866835031237
0.5591525298811825,0.359876091474061
0.41072988521009945,0.541643132066382
0.3402670485911371,0.517802078641027
0.37825716910166585,0.540433555417074
0.06969238699521674,0.0683048501150791
0.00023854469586857558,0.0174137262451553
0.11663297864788698,0.146291117940225
0.0819716866657949,0.757722365336907
0.060815949720009484,0.2584659450108
0.36223351469541293,0.184101542579139
0.22154482749479912,0.0623437322749161
0.9085035444392211,0.00320741153190084
0.13250211361195263,0.254578057493926
0.44543226030940636,0.380970223799165
0.6734772820074179,0.290956458100628
0.003225141429048941,0.0341521049580377
0.5496338270261067,0.303674644750546
0.19310819590423933,0.704040450402779
0.5738202430864893,0.419123933670527
0.0944023301193377,0.0526083714050822
0.9458241968738292,0.0403294184614248
0.3187713940324204,0.287605497288421
0.6442333943986166,0.189915932738895
0.012690415165710203,0.103048063554523
0.03864886608608451,0.245926251279859
0.02056829420120535,0.0526619591338886
0.014173190134727103,0.843332155154866
0.459499866393127,0.447610512765519
0.10736706583420891,0.876333703817388
0.19744635544743758,0.010151765747535
0.06562944213391428,0.932907451122372
0.2479358169170321,0.745382066722446
0.03875754930812258,0.781971383092377
0.5671122472424729,0.150808207095242
0.47367081051478943,0.346391373025973
0.022360251451354493,0.0352591788471561
0.692027051741755,0.122778421757364
0.6687065817060278,0.223475570117628
0.017720385896654943,0.0231423876915225
0.010280565201802925,0.0164762216570492
0.10106759033075485,0.0164869468445433
0.6226272910876609,0.259101659964612
0.11241887983039996,0.400034164322387
0.10079267502190946,0.212446383724735
0.8904479860928016,0.0392633086762037
0.62764894769377,0.369451977189827
0.35682800587625213,0.525778538230064
0.22947352146114214,0.30174409352024
0.309799017771262,0.213986813532716
0.07195481666552443,0.345069906300939
0.7352434955880608,0.232127613986419
0.4506421472055425,0.131734627363625
0.12821700240905856,0.111574577415547
0.34439868368463544,0.590859583242189
0.2876463588118724,0.704767446992307
0.5041888230879901,0.469649968980004
0.24384990811480117,0.202490484876861
0.8862530786025677,0.0951004946172556
0.8441170059004699,0.154054450177736
0.22370781246401886,0.551558103051677
0.1821187103466339,0.787053469722425
0.07408399699724542,0.758935002730939
0.04676671898697303,0.0567182720848819
0.00361681424185496,0.0171089490296795
0.05445128549424828,0.769956616946951
0.08327889044436766,0.706210328134424
0.04476751920227962,0.0399448964438679
0.07078252925096838,0.00997560340309902
0.21726073505161095,0.0988699455707674
0.07957259643931387,0.0555783636187831
0.018704154204689506,0.00407917372788786
0.1548337039043595,0.802910768878486
0.8000285271602234,0.109255741000747
0.11795661102729038,0.683075516798003
0.86775149515561,0.0451208192110897
0.06925992935940924,0.0241265078867559
0.07445925009639205,0.680263727031444
0.17819907814777863,0.730683888352526
0.43899841888970564,0.551681105422417
0.06153170537743855,0.00238422771862733
0.5798302969240637,0.263401954932123
0.01391624077856598,0.917891296437814
0.2541813578848938,0.0320581494847062
0.37992900322940676,0.290655740917375
0.522648233538821,0.439070957835979
0.41513688281525246,0.25772613578984
0.5336415614289295,0.408307906713447
0.42498700696260705,0.513147433796213
0.41155942633261655,0.558347697113049
0.4942165753443276,0.130382690807387
0.5631288290267429,0.379911940480684
0.9026706644763217,0.0896602540968804
0.6469266870776844,0.16959821504019
0.010613067836223832,0.0227505371558847
0.4809335009694665,0.252581458458029
0.18134909977419378,0.628328918927067
0.07490961846933773,0.727673640729747
0.10293430500119498,0.102889286180823
0.5046019363357712,0.277999564052652
0.3985623463984518,0.591312832507973
0.9237187740443406,0.0255829150295923
0.2460017542735168,0.743766628872989
0.38519555291531093,0.180902849531175
0.8523548928824842,0.108300449247419
0.939889354061281,0.0574151962914427
0.7254797543210636,0.239463004197694
0.03929803674783749,0.673142388366422
0.008587810078346376,0.260769251386262
0.614559036484818,0.269742521708856
0.17729720733562535,0.76365412436937
0.022634640700705064,0.0780317279116006
0.4450237175364143,0.459378426098972
0.7661237132847649,0.0224142091992882
0.10573427846767157,0.839989829287165
0.5039267317253674,0.4497013148145
0.17904121070831955,0.7071271255586
0.04503254816976515,0.912797062404258
0.07676208496280051,0.0448623604536203
0.17027331042477997,0.783641945535419
0.5958884761156922,0.300549762077922
0.8308359834124655,0.149881267690211
0.0601981730020368,0.912850613798495
0.10715832214024006,0.795084597612133
0.23488596647327506,0.150097465694156
0.08715755483242844,0.0958212079270089
0.7876104562951739,0.0558946293677486
0.017988635725346463,0.153929801227423
0.031940085650570084,0.882019878020603
0.4362611404674502,0.25185695032253
0.22237742462698543,0.238532328063582
0.8226608782599206,0.162071673612489
0.4677483099570988,0.00660331045647317
0.33155321045444924,0.642843233839588
0.2229039479948966,0.515936373459657
0.11789194616965307,0.49172966376075
0.2812256816147581,0.401246654392914
0.31902509528404754,0.395548729719165
0.2070950944911866,0.0506441555966796
0.0007942741067927104,0.00826949678596889
0.573981478452288,0.137213642488894
0.5624147484225389,0.336989382280123
0.6736212097833213,0.145611392661547
0.012420477660566689,0.0705464961462202
0.11134725393419524,0.29398510514823
0.32106591194984546,0.606602212358575
0.03407692850418594,0.00129238656872529
0.0036827406009857433,0.0900812173532952
0.5948333328481917,0.394823676397868
0.7348996379778071,0.207689193870699
0.034051653762854885,0.951852739873403
0.379761206134588,0.504921765075902
0.7403519973300958,0.243032370540537
0.009796355690355375,0.368798148359316
0.07457165339132658,0.0406660530038966
0.3786510095008002,0.60949840098132
0.13261589798828563,0.743317941378912
0.3152183868025591,0.676561506029738
0.05542184103426585,0.097970899578677
0.11871308371759,0.0188745174155614
0.6952180208064991,0.240141662401293
0.2019730141575936,0.751128831908378
0.5735489291791441,0.182959091620906
0.17252564278469415,0.0906134258115329
0.36817169067896177,0.277154711528453
0.4098630676753309,0.305320769329397
0.4262713023317101,0.476179702954886
0.22509660868724074,0.760449630821128
0.40208426613918863,0.147470428960615
0.03519002926849503,0.0647178716270629
0.682876960451235,0.266180956593346
0.6318096904956649,0.365238357647792
0.6495923702888404,0.289047724854365
0.08033073437927948,0.0404442082062631
0.5151401423690881,0.453425779583951
0.026012843290065105,0.176287193567247
0.08366771049841504,0.781057943588019
0.031574645656812415,0.117408887512303
0.635036996375264,0.27682346193303
0.8066174170296931,0.111925249328745
0.13043077503835443,0.807557937794682
0.08290004605715239,0.100104077487689
0.7017716358290025,0.238791670874861
0.3441948124052136,0.000272477837617148
0.51731922747577,0.438027215611835
0.41827218931867716,0.480085343724618
0.21181192860908596,0.563803717289718
0.39904568564330234,0.198570925239548
0.3252454717620362,0.604576941501848
0.09974716301611007,0.233960037151837
0.624054113840049,0.234497224595474
0.9115470679937043,0.0802728905517224
0.44208104851216584,0.473537331611195
0.20385912329790062,0.17105886026907
0.4906748073545989,0.0475726602832848
0.06242326611486554,0.540517485778124
0.039512285364911956,0.162918218494194
0.4757197171300872,0.300799125311418
0.5114983643540227,0.475962371172756
0.025446181413862762,0.122585084576833
0.22569688495592696,0.723921545685596
0.038651195352838036,0.71430679226442
0.020765790105550932,0.952773017050891
0.4179023304079412,0.415341734453807
0.164886745373993,0.0344481438400841
0.6365997158519917,0.268431198785332
0.3291171142319073,0.623453629408891
0.6385448068277209,0.236466550799792
0.8082531354553065,0.147272593677263
0.0030076205181776873,0.191546859641646
0.10945477054464751,0.0855018357181642
0.5556278612844889,0.415450798011051
0.23960499536377858,0.727973315740413
0.2330483773762334,0.696741383919897
0.13566136198484757,0.625587557922407
0.04438486297121601,0.0240259989028643
0.03986258335679061,0.0117598056004406
0.11030731406667343,0.012771504793314
0.08615411412951487,0.08402647959574
0.7177871086208648,0.155604155496836
0.10817074780406505,0.815840825746029
0.8223453716214926,0.133743111380193
0.6602116243769272,0.0248524094666389
0.2719643021790007,0.666638262385657
0.013963230296932416,0.112998202080591
0.29043615909786163,0.691773945260443
0.11818509647717046,0.821044802290131
0.019753585713286236,0.903722908085737
0.2635558056466999,0.257161632710242
0.17402807908369602,0.0750642034488762
0.5347079145221348,0.453700543230396
0.2829326040552235,0.623204109704282
0.7548499000918841,0.162716621282925
0.6255739477489224,0.303736910634241
0.7154491226941502,0.175301407615309
0.7686696915969956,0.115327798037023
0.03834489225271817,0.0255428014077625
0.04296601198072849,0.869551480638453
0.24927833445282005,0.0268581755696285
0.0236924470595644,0.108269334356558
0.08605442475345848,0.906992117845103
0.6417389505703617,0.352095077792377
0.3301537256751991,0.00556428973265754
0.052017445334190296,0.869116512287015
0.5356881808285925,0.0584964138743384
0.7378951383338953,0.233214269381923
0.412565871654904,0.168946587760936
0.0551627328170792,0.114442592754962
0.053304808284306344,0.0820155225973429
0.10930262240647255,0.380780876231177
0.7776881754006875,0.00689135324702655
0.054181377559925435,0.87848202133154
0.030961626410779302,0.0938753341193713
0.0636620337216008,0.336949146704411
0.3120747689955129,0.067101248448481
0.6044073249714009,0.316475883697018
0.5861250987322023,0.29669659427417
0.009416704175151992,0.0740724492858306
0.28476298715071996,0.0305902420455504
0.3346581228167653,0.576756344486273
0.02450070049534035,0.831590206332112
0.04206563131533215,0.85899209318434
0.031087247473035907,0.0219122394505666
0.6037881223799966,0.256898173569275
0.08536324700054047,0.910014063516387
0.7939188332722367,0.199433268978968
0.22605924048695722,0.725152242237912
0.49507313310094675,0.109653717767944
0.01886976765850879,0.898053900496527
0.38530888488012194,0.284532240616574
0.5394436224235034,0.131085596559928
0.02282099214917404,0.872896770222549
0.1558599374014805,0.113226306441258
0.374190986336967,0.255813566123515
0.2807314983395993,0.365188698401022
0.5460288107042205,0.0200564761604231
0.6321558162529942,0.164965130406609
0.5357030959070485,0.196051740431999
0.671563990267353,0.2341551897066
0.6709048428632504,0.328024307373236
0.06191943536657131,0.0366503818813697
0.09938654219663708,0.724248734264337
0.025439124720063874,0.121776223653567
0.5525554823974763,0.301704773629875
0.6663504673800618,0.236899665903423
0.011036906598569624,0.104690277789115
0.31093452413228023,0.688668016415133
0.6397595173218736,0.163487204166839
0.048712163593854454,0.301882640010656
0.2830921346559937,0.613999081457609
0.2041252482281535,0.378985518782225
0.975828051696691,0.0217264325751132
0.5110240763931323,0.379807178726233
0.035511941699459815,0.000491069092874035
0.22144237460804148,0.155499709196974
0.1507864264327835,0.333650468333884
0.07402533053604214,0.12382651038845
0.6751474396395596,0.0723061495527511
0.7144056390298138,0.25050583173106
0.6703867035510748,0.325765992778148
0.35060177756770555,0.370702491874208
0.17659528883179,0.795118133735019
0.24528231255263228,0.0747826255922713
0.8199014829151139,0.0702633990432497
0.11403181077876934,0.756690266493379
0.04250190414245891,0.0346812710806947
0.3446699149492773,0.207740468717103
0.009465433853720106,0.05860503413126
0.05713367322235168,0.0804955638850273
0.3524216543644426,0.631652541011145
0.005238047070523655,0.00308638735278327
0.4919835920641698,0.482366832075633
0.10844309413121972,0.141078950884256
0.12521384811012476,0.791788040296752
0.6522888947709579,0.319078254294367
0.19630330422173775,0.774277294145233
0.00871740435558629,0.14300556635609
0.042011655023215036,0.932986640623161
0.7169440208821862,0.259530713946169
0.6071694764389942,0.180310854863036
0.5039801479963836,0.158999591803579
0.14889675379081588,0.311021339945482
0.5510399474899376,0.440845799789879
0.1181367179898247,0.113933675114347
0.3744449781852602,0.61432597206576
0.09018388115451778,0.0379808375005879
0.38481811621483414,0.353915547544911
0.4129600214739922,0.26233626135211
0.02454375777908553,0.230931775642107
0.04020778291558557,0.827358452725794
0.0703485430897035,0.770333627962785
0.33022642757655124,0.651955197661361
0.8653091573621342,0.0986090261788081
0.09852477148112575,0.850264436749441
0.2885938669133202,0.705302669563704
0.006929269966729858,0.0887959988531886
0.1301907827981419,0.250637599526144
0.3137786782079973,0.49446742405144
0.18879329661717772,0.747537835243645
0.09035436811809239,0.0301505031263287
0.4750053746252879,0.0139161227783041
0.06229207713009167,0.0778906249202851
0.7187386416598508,0.277962493341023
0.1303523948508486,0.868766223344398
0.2009954333540407,0.00845354660732366
0.9866851635143428,0.0119363388939007
0.22081735062668087,0.0101338269109556
0.06325114094470197,0.0387329552442771
0.0126743112945656,0.171784745573814
0.7505980605206852,0.247592740387873
0.6538982351198162,0.305427980229134
0.031953798678844667,0.0425368636303678
0.04664041002777566,0.0201412597902431
0.7245997317603903,0.22950505657453
0.07777892922937207,0.92203939900667
0.10133911661993836,0.0309607702765556
0.04365784647785378,0.0236842260403686
0.7960497366804602,0.0899442245246126
0.014943315562484126,0.701113160518278
0.6114892692826656,0.280356081747377
0.4203458522652469,0.373811309903285
0.008027430742705824,0.975674685944738
0.14164535631259523,0.126214135104208
0.9853353019097423,0.00261608088629378
0.4351622731720879,0.505421610088827
0.18190618444697917,0.334128256315108
0.048729980961044785,0.141390057743005
0.07013120921187102,0.0208058078720856
0.18106132858447319,0.130058935689994
0.0744547948291327,0.902392242227673
0.3904138389570207,0.448299961586585
0.022618905317700645,0.115846520083798
0.21881830074776437,0.163077893139567
0.6280709547889951,0.160433401066336
0.3359332996861183,0.514357660420398
0.9483453600664711,0.028685406205355
0.13669736018129083,0.234782731601028
0.12532931607167733,0.820502298576868
0.6425162823756003,0.171516771261186
0.1351050633546248,0.171482266223897
0.7046742890611732,0.215134811657931
0.3279235575380809,0.565798987779862
0.30483344632197773,0.604958040929915
0.02233001240508291,0.106900851344227
0.42667065514769187,0.539959598444871
0.26362226995701005,0.0102595247601434
0.027924293967383877,0.0177133663547365
0.03641001052278242,0.679362435591153
0.5602874433915718,0.434601686406535
0.0670247532707072,0.0376089657062236
0.8093051371967054,0.0564022372735626
0.021369108602052687,0.0800181386222351
0.33186326371621777,0.201330025616401
0.009921888502968249,0.900315656034825
0.5743346473995466,0.264493651400464
0.05081135001499713,0.101469464513825
0.42657236575529106,0.482035452401574
0.6403736584464615,0.308448004343465
0.10505314862280819,0.102808570082721
0.3563405546136013,0.626394909426283
0.8440356295607705,0.153784524670186
0.5815437409876454,0.312871019238084
0.08892606870693141,0.275357747709435
0.0017971911142598662,0.542318978134778
0.10048604336934443,0.062357934930566
0.25163390188875834,0.595841854684132
0.09273270227822104,0.0039000782435352
0.17168437225999927,0.158223662501532
0.0065099307984007775,0.0363162017917989
0.12483459430539438,0.0491553364834179
0.4173505096099782,0.560684132655913
0.7103628030595066,0.17901050741024
0.5027411227313392,0.218819835775936
0.0855034785597338,0.10519644066212
0.5912955156953822,0.396936548412661
0.5630962388004576,0.252036037102712
0.6112156253737645,0.306896140911728
0.12544575340077954,0.763481872178665
0.06694006999216667,0.499556368929077
0.1498181924227025,0.197263125371459
0.0467092490947797,0.712350885204764
0.16123529217556085,0.39384826293096
0.01903680372854714,0.0847182842777647
0.3110481387060011,0.630146567586775
0.8292168811322388,0.102760643525632
0.053704226145653226,0.478942116721341
0.8967271691385001,0.0927214020167563
0.716596369535636,0.150676104581404
0.10557814420883511,0.0716279605882317
0.02523220852255719,0.00567461112236704
0.07174361709538714,0.00107020963599366
0.9189031506831159,0.037437902075095
0.6084353430697202,0.350837675312038
0.36339430668616873,0.572849438046708
0.02019397698341584,0.0117368439928321
0.1715578443252473,0.781408616944355
0.03175219097421099,0.96084627388457
0.027061921232650037,0.235119255751248
0.8216003305084885,0.169514819183471
0.14046267255172876,0.164557434325033
0.8825700395593784,0.102334854870615
0.6351464763259741,0.361498520057994
0.17415256093949855,0.0424819837859116
0.9865673430300206,0.0041982151486576
0.39761819841510787,0.378071945638926
0.5788871910100354,0.409483857187853
0.3422378883886287,0.611655622636584
0.7412593198813784,0.23779413560906
0.6970339925959917,0.210901260604501
0.06234407641489025,0.0593663996889339
0.7796627186396032,0.177209289545036
0.678420146556488,0.293348106010034
0.525109361310245,0.362597999841106
0.14094731415584288,0.101097215767008
0.47995611382370484,0.231829086668124
0.1913875566643738,0.620840973106154
0.5257774743458645,0.377947140046916
0.09338324236303323,0.817895094904598
0.7664483919590561,0.232617318372397
0.4533838323018706,0.0265920547779228
0.09898198844236883,0.867029320642027
0.38997909409318604,0.565563882193377
0.822285057606965,0.171634567841649
0.1836134403108876,0.592590031892098
0.9548114073330114,0.0425119866595425
0.6501087168139034,0.00618709424261974
0.03828852512877021,0.0506971450891554
0.3350852932680138,0.488686863263357
0.3060367085203097,0.636638606868882
0.6401488995076031,0.332685715889141
0.10201783503375496,0.768270272248973
0.0705317031264536,0.850690076194192
0.07720903354918825,0.868217692411859
0.27454770841058224,0.215630020667453
0.08954489425749315,0.838627470829296
0.18194842704338984,0.781665492182104
0.056904993829895285,0.164039875288509
0.6700929083879379,0.189373843203094
0.41758716470489593,0.420854054315953
0.2890528590001721,0.507158608843311
0.03789853668196503,0.193777689072063
0.056186416359358685,0.868607236619017
0.2879481869509307,0.616397661608218
0.2741150442957961,0.177805976334284
0.6814979593220108,0.293453033558027
0.13234676882079832,0.0386885047005416
0.4110107505043951,0.528067915508892
0.23565865847617107,0.742867777614663
0.16878823197963538,0.312905842467987
0.0463780258077672,0.944648364726272
0.19737629160271417,0.783961255544443
0.8566443086782852,0.142930414620721
0.276504248236158,0.71632134371533
0.07414926550389297,0.102439371076702
0.4850651870199295,0.190888540462458
0.859591967658428,0.122375132902728
0.053174141493513474,0.909591736037795
0.492225773202324,0.0573281013282625
0.0034626977569025105,0.190034965026393
0.031791025435710635,0.00797432353102988
0.8881736292761477,0.0389351908909672
0.4378902362969606,0.488689121067051
0.5025375909919284,0.407414378279743
0.15164629565008042,0.597110933609721
0.02070173855895739,0.150467543722089
0.02472704567761376,0.0960115401829079
0.7469669700628622,0.218622214367569
0.156112060419091,0.781955384996614
0.034890211433876134,0.453741181951612
0.15027028889424235,0.551014519805968
0.6911994634122098,0.221344155325577
0.5962209060037469,0.294503705514584
0.0363895464662772,0.153580608100222
0.746679165823195,0.243192766947945
0.06106185949244569,0.0762462305224002
0.3740263689379243,0.560990213818277
0.6338955261317216,0.351681414116308
0.8963894092613581,0.0522103480587314
0.06510330559894036,0.0332384410423002
0.17152930796185673,0.187261399872218
0.8875055170775222,0.0897802005008221
0.7296283523919986,0.179974713776081
0.06575767899604307,0.12582377261588
0.3867486063153814,0.399936284112227
0.5048967646153826,0.457437110221433
0.17113323442846867,0.59863585873044
0.9388552676676095,0.00947122280409357
0.009059674003951683,0.00739044604949812
0.9471744607526038,0.0447088867503599
0.6512594107348036,0.031188443125465
0.8076616843955114,0.0380842785527332
0.8277187707711554,0.157092289513777
0.12001307733830563,0.446428803942051
0.21907753736416452,0.669151909769387
0.9595417276120635,0.0391984605540294
0.05480948939633895,0.0201276400513963
0.7551132154125809,0.0381188214960395
0.11857874802798488,0.871235636241799
0.6211581467930654,0.361711096314174
0.6864719789893332,0.174231987919646
0.13919454929443392,0.0453229201977915
0.03276020687783229,0.100710720066937
0.1477559400682386,0.0258523255416402
0.4419350365508629,0.548488738598302
0.26103465430355327,0.306896319014728
0.29915480076693607,0.0370052302687116
0.3353509852319136,0.149503662553641
0.040694134322625586,0.917798168838131
0.4840931119527403,0.507492874248635
0.5058924346919088,0.475955612827937
0.9480851706517226,0.0152696348971089
0.11325066222661967,0.0417944443884894
0.007669911716613412,0.0176731129297242
0.634574766305638,0.179611006501941
0.7753310727876996,0.183115183927845
0.05361963299714823,0.179702930104843
0.36521061910275976,0.624045033620207
0.7115774054764806,0.255690763506092
0.7868328157950338,0.201655439659784
0.49147618129404874,0.463106079172749
0.7589856042648847,0.22523351814924
0.9229689173612142,0.0102903233536411
0.09216462021999818,0.0658390954080014
0.48134838899867755,0.333893026904907
0.204572776593444,0.104069478585144
0.06670964676537953,0.641889860309522
0.0899832151907258,0.119832142572724
0.029765891426448032,0.708648893277423
0.005533298787062862,0.0765615247698742
0.014024315843264011,0.344963354216871
0.6989438486732963,0.233250982612666
0.26463124054780396,0.700882183534234
0.09136956148829778,0.772312254819772
0.033856501046237886,0.159293288762546
0.08138313091768191,0.712772570144196
0.022210495354387336,0.0436055437830231
0.1570559839337967,0.816257244536493
0.17749076953490867,0.810236419967069
0.6654545816179461,0.302837130242709
0.14246173292436315,0.0527735046366967
0.7970647383168766,0.124097743760168
0.10856169301318179,0.172614134840492
0.14121411792028224,0.164435770835523
0.4463316521510012,0.513265794650214
0.2520448337174217,0.664113403766057
0.21422776447917014,0.0106495284736338
0.16144204570840945,0.402177519943277
0.042832239024486844,0.036746419759054
0.7137274774112546,0.199793236959995
0.23889644670294877,0.584067159747504
0.5412433248268151,0.416858095919605
0.6260533947960952,0.188562287343905
0.8679523042197803,0.0815871686094471
0.012648941331619819,0.971832207216604
0.22991035101386934,0.742408412010828
0.9791624902950449,0.0195648191012307
0.017562583968168087,0.230854043080836
0.8436472021894437,0.0818572468000887
0.04711241331864516,0.0283286758519985
0.8986703214857943,0.0251275351965161
0.2960714789020565,0.152649979189502
0.9074483315457242,0.0873619537528249
0.5506795436343395,0.226009950747913
0.36419447786883746,0.0818778172376955
0.36198223538459473,0.432529640027816
0.4436705579643836,0.543677441985755
0.0054348304264492,0.941183579252719
0.08440542454494628,0.054128360573663
0.016361383391904353,0.175220812578358
0.4487493249437241,0.0750067995827311
0.12309114375515581,0.126920887294626
0.05783362883649379,0.768516552650273
0.08910336391298039,0.00542856863631809
0.26315285657795273,0.00983493988285727
0.009677150236895875,0.119413697718097
0.6974986949603805,0.285749323568874
0.1812156747165251,0.76264041107972
0.8307814472536906,0.12940010111626
0.44416194028970407,0.376672262466262
0.7438554111205883,0.087649012593478
0.036422873424820555,0.587575161297105
0.015381427033764803,0.205717561715977
0.2773757900715367,0.673745723829332
0.6479575109300104,0.0627600272791915
0.8175922299966677,0.023965533655027
0.5483851102419066,0.343251559372908
0.21284673838511145,0.785874965746924
0.7869720661917102,0.193768494704883
0.3444760666465142,0.138668586146055
0.8264205206259101,0.000693704527392092
0.27890598865875016,0.16831056677443
0.5839986749790411,0.355559616409209
0.031062140795122616,0.309583378428244
0.031699209076241894,0.0270499958986071
0.3519285152097619,0.2527988726693
0.03437075390437135,0.311999789326831
0.2917163795800863,0.352543588245618
0.12487410845506298,0.772265747744855
0.38583782654877674,0.200088894642282
0.09095471225156125,0.0564604886587989
0.8540167538100664,0.109734034224364
0.7126759063141369,0.0969528628542411
0.2764059545929843,0.601491895080273
0.2938004310783127,0.632436327125101
0.3330022987373603,0.0114451560398802
0.4373327910809036,0.464485762744724
0.024235091470108966,0.0028754190549853
0.15609001421015523,0.706198983097992
0.5498473655298526,0.353195121685055
0.20316490687706457,0.770663809629642
0.02201308384061045,0.175655910189267
0.05895352558994287,0.796455789381986
0.024190088406859163,0.928975960833942
0.5446993968233822,0.346136110405784
0.028227896739524035,0.0095373101730192
0.1292501977709308,0.347180899574279
0.04763882988640801,0.0975938055332956
0.5551650378223686,0.380447380973256
0.4793599513666238,0.50373247513253
0.40195499846701704,0.587758169195823
0.014990929491406887,0.309575406321521
0.00418523778533793,0.696604390813532
0.6515625459790497,0.320096370892798
0.29224447697928996,0.375690026813261
0.0325831314440296,0.943940977707337
0.3440172290016336,0.028180301181079
0.5795613948732913,0.399982626672783
0.04775362398825102,0.904588771641292
0.8945876078873809,0.00269708519308759
0.31409948666096776,0.217870579594188
0.8383739567577974,0.160719745074782
0.46477809427953803,0.280191031090076
0.09171093771631841,0.0304394355159398
0.5491227793613221,0.229556801946029
0.09637991418636115,0.116571800706952
0.1540553619572661,0.386157841598546
0.03674352412633869,0.889765564929436
0.529838727966443,0.429813570749288
0.08515377034531087,0.142987870451144
0.8811052665702181,0.0675077348210862
0.9104422505270119,0.0241946009774922
0.14532782963700072,0.821360469069384
0.3391729131409232,0.645985528799542
0.6075235847084315,0.0768200584438868
0.7060048984696552,0.152651257778428
0.026457907222777476,0.971480286236197
0.035954231024815736,0.316752268157741
0.8830029119747512,0.0703348110985206
0.30784116353771523,0.688195012705082
0.32635101337955785,0.648613781066995
0.17327066508825778,0.686004845089357
0.1692965317372586,0.121869072405988
0.20477644510480805,0.425895994869114
0.1833019767400254,0.00733779441745304
0.008945759726184327,0.0137700736161572
0.11468639004823672,0.141048011922584
0.0022529994895291836,0.102822239154134
0.0193630873953926,0.96932008492395
0.80419111936274,0.142940342025507
0.024778542587207186,0.00525619287519472
0.3511473590183289,0.147529079470162
0.6678124402174411,0.0326470232268903
0.1411337111285626,0.814291497708974
0.15395151487929948,0.797504885137146
0.08991535364741593,0.0126502966549635
0.4532504152549436,0.539619659186103
0.47961750248430096,0.517198934159041
0.3150819727438913,0.48385528463783
0.14605860858184327,0.0480852353097065
0.571257768486714,0.282623104791844
0.09351929886711939,0.715637168955416
0.390681294655883,0.595282240422467
0.1736650992820937,0.28912380032408
0.37414733278123424,0.446768445882951
0.13019967676655433,0.855948722748465
0.09071264573889178,0.0421826326297845
0.6950581909357373,0.13533240861216
0.8798769048558743,0.0303042237222231
0.2310376814703273,0.377326027075218
0.498693104473916,0.445345220471417
0.1355140949043091,0.0868072197706706
0.6329470579084979,0.344156586505917
0.36981116414773324,0.33358090894264
0.40890067335576147,0.580870201724091
0.4334693005204014,0.21699498104226
0.10835666198626083,0.0531784114762522
0.05837244711015368,0.0402157283905257
0.13322773593151127,0.0146620624888817
0.24100173440169448,0.0704774390259062
0.022941369065786258,0.37202199042462
0.23157460369418795,0.672351816215464
0.27767696593961844,0.609335829730202
0.056608102509615184,0.0318565243220072
0.5453172985164965,0.318098089837063
0.021499144966848655,0.948120761069599
0.1380105694300953,0.0123680666751756
0.01065040539051134,0.00902402173295175
0.5577753834837483,0.0634295291692035
0.15199371939470566,0.715061875844379
0.39667558997611857,0.166364098762095
0.008976379423502363,0.153764606773081
0.4340222123947689,0.104201869568479
0.013711003545040103,0.02211113548816
0.6579842761502378,0.284697265404343
0.024172165807880754,0.709363321439887
0.5001890284639384,0.468509863934998
0.49165908609265624,0.445798382640285
0.9047627682316703,0.050647574137784
0.7799733377787955,0.100998654985891
0.05318356606984153,0.92475822953029
0.008238720032393081,0.0339283439555974
0.4582559180120755,0.533323154217654
0.10816269481721538,0.0898778239928647
0.2206413093894937,0.721346611317086
0.61155019493136,0.0945360956984287
0.22922771805095069,0.524614152186939
0.228976302067148,0.0803987361803113
0.07842926074300115,0.223140953060478
0.33107709967014504,0.0259017980387208
0.20406980276082506,0.134785060078651
0.24920589432813986,0.211063438148365
0.008442545053377519,0.0718697305317275
0.019277948752068567,0.963655368499685
0.20718551874743102,0.0641759218548413
0.06484661131896571,0.00760912935503636
0.2944992963405601,0.0565944363315823
0.035489521055907594,0.038332660523924
0.3273701491197623,0.50713249241557
0.32432589571415027,0.598250539785879
0.3609989319803822,0.411090846270625
0.22456022112666926,0.541189923286292
0.3016506838370113,0.582238057858715
0.03395289554114815,0.226237549679427
0.10648237464305735,0.667274118285668
0.37454066867792907,0.59733666700164
0.49947116826259835,0.481420572239824
0.030516020864540628,0.372523571564961
0.6632511967777583,0.283656948024741
0.4927437131646735,0.298404329407227
0.08573083274628397,0.263643103811609
0.7501393376197699,0.244205270249693
0.34641320167863165,0.639919065226337
0.732055067859655,0.0698651672836445
0.7989397327948264,0.115934355938306
0.27250204352369434,0.492871789024148
0.3487619624963508,0.630382137095622
0.8771007743351292,0.0293473113253771
0.6355252409164451,0.362506910951889
0.5266773914526326,0.295933600007726
0.9482207755786906,0.000507293757830818
0.6671404862479936,0.319164041064316
0.48057489212408894,0.0282801946878056
0.4376115322163822,0.498532474200157
0.012609747036358762,0.0271882128024039
0.7630758762564505,0.225051932609885
0.034121200642414466,0.0799914427042096
0.3465228051445655,0.516724336563855
0.08442575620766923,0.892790799863593
0.06450593091001312,0.832543163066453
0.8757173183073821,0.0931306230514674
0.4775158923120518,0.464307141490466
0.40642437161388095,0.220637761405876
0.050452922080826364,0.0285028883201842
0.7339831277761091,0.221413712911689
0.2215839384332763,0.676351926522971
0.7662444178934379,0.207088926484365
0.8453325766390034,0.109393570653916
0.07000892279770658,0.0310957746379725
0.00650371492488202,0.195683001455282
0.275004931763602,0.533617428456332
0.8481410149413292,0.0557420980395789
0.04758624042925741,0.00770812779717017
0.05371317393215754,0.820613944695783
0.34215537639538995,0.00207217111727485
0.06098429071908835,0.714723642507387
0.3620596647743744,0.55431090815078
0.05882549792316783,0.0261949672367865
0.6142294296031984,0.32791363594867
0.17311034838941688,0.654226271909296
0.19178936887383996,0.338565357688844
0.08224222434793746,0.782376717822178
0.9149058294967417,0.0680782204663231
0.05467278320394098,0.177027851977038
0.2675127518034797,0.693726412053317
0.737899549696657,0.24437915419254
0.3517863699892895,0.56292578042752
0.4863443789451016,0.400615202288117
0.09547973482320991,0.0100645796324938
0.6168188276373918,0.332044390389035
0.7923625304220784,0.175761228585061
0.7558589131388315,0.0989962158136905
0.2546716443144034,0.590515971470343
0.1829021377820323,0.00384029843557321
0.008068400242744949,0.140310025921777
0.1728561888152704,0.804620139877864
0.2690154675516969,0.679140093737331
0.4375606480199534,0.176850821045992
0.464065930289736,0.26026945119804
0.9364852865908055,0.0324825017602832
0.21851525394684607,0.521582004153866
0.5517039516443922,0.271440020685871
0.5629819480980843,0.00151655773810476
0.21611082985275623,0.00363484484112066
0.42376675324645663,0.505019848630261
0.6172727913357308,0.380443795390871
0.9344643344672612,0.0593768721301597
0.1579226351730082,0.0284296367930303
0.5625452760545492,0.0153558127022286
0.4985345216413778,0.280794553729649
0.26040029349242233,0.0374259894724797
0.42831006124569365,0.383101727204749
0.31092971895816607,0.617305830728412
0.8511260462436719,0.106964917285427
0.03343529855633966,0.963166029471379
0.8816693709099821,0.0266457395903094
0.22339236477042096,0.764661082142697
0.2453055655431748,0.567743141824718
0.0319263339205162,0.939042843395165
0.046983109393544206,0.0672280244003659
0.20148247121892482,0.518553938835563
0.2727118133754903,0.454025634411768
0.2806492502440531,0.205742666863199
0.1116603243827479,0.865990534039353
0.7309140142996968,0.181229180067762
0.13091173986028803,0.204867145455126
0.2569393506692434,0.567606628652221
0.5574244473058904,0.30369958064721
0.29513758924721273,0.409611919320338
0.4937978018995457,0.470370966036812
0.07267067307641246,0.0266568826345341
0.09332742417044909,0.10764304531863
0.4183515343663905,0.208984953260937
0.2573054457478593,0.729844788805162
0.26401674886092447,0.712862150895074
0.5759339903808951,0.0445338856830904
0.6667460187742287,0.260645695790149
0.788048796934438,0.192834223964701
0.22775570937287987,0.0155657245793846
0.2917227197710323,0.674316314557572
0.2505871672637014,0.498203639549355
0.03805713692086811,0.140064796488109
0.3875761309056185,0.578673061202121
0.558790085375889,0.196774714793843
0.259873528970693,0.691481967414828
0.8541057215916708,0.0729831892456269
0.2956344207011779,0.214072020606054
0.48003951088711433,0.462601155754921
0.09316574316956916,0.82998244515097
0.8515110186572632,0.0394793258353171
0.5582413718951051,0.352245478126195
0.023047676866434785,0.264091152722622
0.6335209162563303,0.2848558804003
0.19620599733641295,0.178109720911793
0.11156528532082297,0.73906946620886
0.34527485927527,0.509526606092663
0.9551940663048247,0.0143818004434828
0.5986896605661842,0.295859789892184
0.6787549670350866,0.272541504822772
0.4341260303995194,0.504925664012931
0.0030620254185857315,0.0365784167668377
0.5611306066794048,0.401249364789967
0.2967669425338209,0.635345437630555
0.2804715872259517,0.691169311340293
0.22528625209957948,0.282242590672533
0.5268335119500384,0.104352242458843
0.4469381321747273,0.1103769208767
0.4395756810404111,0.515618185159436
0.03110793278892903,0.0375797374308317
0.965478197958978,0.018762367694667
0.4711139915681854,0.0360806543318263
0.04983749759185056,0.00622579499264524
0.5750073173229381,0.286400528480491
0.43051890340192267,0.510364496537443
0.622667976134201,0.331848481282447
0.03910479274118295,0.0502870954522036
0.050044905966292304,0.336992759928419
0.01784402314451273,0.949103620581005
0.34556898681842135,0.0685353272705321
0.21034676515053533,0.736246269566732
0.5179209695764577,0.454156592147757
0.05607381331871457,0.656456783462792
0.7077587434359152,0.0363856711773393
0.03415882337536209,0.390285518756353
0.5285163918911564,0.349044404905926
0.37221727365879614,0.577617139985469
0.07822198560370232,0.211100133658505
0.06375610704588054,0.195645429172608
0.4008936758470412,0.444465146060965
0.34778949301606915,0.456435832254863
0.31277369208492656,0.524124356337041
0.6614240391299823,0.164204114962307
0.13250594810349223,0.220517977657871
0.6670211027656725,0.175562706623015
0.04002649040447249,0.866710985214424
0.6883563614505704,0.0614909460649696
0.6013638769574859,0.395352480470103
0.12018920549030748,0.0366711189350347
0.5768600093509114,0.322466134977168
0.20385955452386068,0.773672992882504
0.03735392177189049,0.00300885866573193
0.2636123712706231,0.446658613328747
0.8973268532891058,0.0143433228634543
0.8391900169614728,0.13094955242387
0.5283602810377923,0.254946134927345
0.2582852796913767,0.54398100746745
0.016162982358451053,0.0239189030594313
0.06950160208081572,0.0984647368103962
0.14913494644482758,0.525429637168024
0.9253843224543084,0.0233861552606747
0.5876421377161529,0.361679914761003
0.20311974253531634,0.760429241170726
0.04156185156234908,0.387623451480642
0.5082537793292241,0.382275132050848
0.5281400370938167,0.455158948156048
0.6781592115111086,0.259771101190381
0.036803580876130816,0.0730076419566305
0.6949532916780228,0.238251546485001
0.31461765812684783,0.59198226520918
0.17500445368318399,0.0351102461334017
0.06126956106532155,0.840705225238744
0.028149594692945742,0.00371559816191949
0.8329106547217585,0.104088493709723
0.27898157497059983,0.661296123354573
0.2229852399285446,0.7643255347926
0.06330617043505955,0.0905416625483745
0.4279651488498872,0.0814123090666566
0.4789934626607208,0.393782574357142
0.23407033409470068,0.703175929439179
0.1406266659794768,0.167774201501885
0.4027225745650677,0.592671036858797
0.6667226937679609,0.323622824131661
0.3982947227218984,0.0432024630600258
0.09930982428952595,0.822887305243169
0.08857855806227508,0.00410841759357907
0.873287561293394,0.0459006124254772
0.013866189142602249,0.204521978486881
0.8622391618214275,0.0836862907185869
0.19450752252931797,0.730180857466287
0.0023801069044265054,0.0590160829245895
0.0669994380770539,0.825813019907969
0.14552373710998,0.0369594366997553
0.7999358214805712,0.179091440248578
0.7569402872285139,0.188153096593138
0.12123467861678491,0.859444756591879
0.8062765375647717,0.0512228250403191
0.08110400008168882,0.503801693481451
0.2378092908989253,0.236699628788535
0.12582571728899086,0.684405281655133
0.06828461701230237,0.768601433560463
0.39838243595535616,0.26873446739112
0.26777302204963666,0.183965314270205
0.8926671774620734,0.0413163592025504
0.7344690382599591,0.248167833258775
0.04479554677723225,0.927626974535337
0.6399308946983712,0.0579365034274479
0.21158757833104222,0.539753247553001
0.40493114986422907,0.460263553070069
0.38323326709985567,0.540172395525472
0.43245180071940115,0.555053510982354
0.8626489143326661,0.130301634543166
0.7557076093387177,0.197153058287017
0.07264320655769158,0.0328644320055435
0.0431632070877036,0.0387237292081216
0.10692393296462029,0.490439302548037
0.24751683710211153,0.35097150747703
0.31038465784385594,0.659616182275025
0.02508628502540286,0.934387616511952
0.0220998266470771,0.875276521795417
0.6276455087520528,0.116836194694482
0.3048512010132601,0.60726759095833
0.7401410734436614,0.0693154553964825
0.014520257463587762,0.0543988815484686
0.4611544736722072,0.388066784625351
0.1591210273947075,0.828816528117182
0.09809843271953256,0.750065790336975
0.012535384704614055,0.217480771591308
0.4739742752291197,0.512817262878789
0.010180134979116863,0.0372715403407876
0.20648506979797557,0.0335620240657179
0.5958234016851668,0.207571919001095
0.588487737382812,0.0698642281609597
0.16359836070845782,0.813974153977743
0.3702721444757383,0.602746309636934
0.47805455738369584,0.113134261144396
0.6377987303706746,0.346687018752162
0.060063834649987075,0.113548975106047
0.5897573318524578,0.352051436517236
0.06426948042438838,0.171817502476857
0.6535390669999215,0.329125370698532
0.29247343626989714,0.29144337150164
0.28892601807657275,0.552959825267778
0.2739050886991802,0.485520831094394
0.5487978269821548,0.371177752160323
0.5885391432216472,0.310377198302194
0.18686883829726014,0.76737410686482
0.12695799098345478,0.0795091026245767
0.7309242282851869,0.122849530035868
0.6279531664943804,0.326842396738322
0.5212451167831404,0.45967465890409
0.427796622532052,0.434812332418813
0.14139027569166887,0.782853391086927
0.08001689975062325,0.00371765064499945
0.133866137415621,0.574903643352598
0.43026656285172304,0.559379903453326
0.0026004463607205547,0.0614016609064048
0.27000353102078556,0.713459073954611
0.7743746257651496,0.191694287178831
0.028281321645492942,0.878920990949143
0.8055888243870134,0.137227200966176
0.23400938970006602,0.0882142814745963
0.04541031280141652,0.159553802191815
0.8398248084717435,0.132524760532399
0.01561628745156511,0.103344394144777
0.7694610533286346,0.197380426141307
0.16409235387919602,0.0187142608554317
0.03809622590780732,0.0282883072675298
0.07823780728176341,0.857268253511317
0.008411054597101524,0.0494441393832772
0.6352808319107249,0.311521342001372
0.651044555420918,0.0114663129167357
0.08429727504040596,0.283949013141836
0.617657438384474,0.25526671147125
0.48625964301546004,0.278341380143945
0.29010640200902055,0.686842772243212
0.08433564086874346,0.218554859247128
0.15014481818142497,0.653154752484615
0.6021140949193104,0.138264829400058
0.13584554716938155,0.765497711476569
0.7748906036379026,0.19278894035805
0.6505373259161873,0.149724488184272
0.002498807883327669,0.222454811998159
0.32691211741443044,0.576992399187574
0.6809296707412305,0.305016994930081
0.30511457626834126,0.148229811873958
0.1597893701642078,0.0935766997735036
0.018052869166204577,0.879529651200667
0.21290605531262824,0.745778143874144
0.06577712072420412,0.068031807743327
0.383820869694046,0.494601488119734
0.37477374739602026,0.365953171759885
0.05880408629142315,0.931985369019335
0.6263086768747694,0.361250863098328
0.458162228677583,0.119759155068436
0.18807948080957176,0.108009995925726
0.9353471511677116,0.051786180538851
0.4555308286503724,0.428306817914224
0.040053766715014434,0.00818663251257773
0.18272636706699483,0.635719227420527
0.13288515919593985,0.0302150611854088
0.1916270133225176,0.0766698573436425
0.18039677614676955,0.681591588140943
0.037464164054440294,0.204379691104974
0.01893980627309697,0.0602844005697274
0.023056821468571524,0.788453369784378
0.10728621432362447,0.486910267045741
0.7122310175010231,0.275396167330427
0.017195770878465987,0.0313434464840802
0.27943208908856915,0.578304391797357
0.056884388039119986,0.0533129669068275
0.6259289096635519,0.182596035523836
0.22868990444855342,0.653569070614426
0.9436546152172255,0.0551379602609961
0.7097688213543232,0.273305912154559
0.06713109323402049,0.0980381903402527
0.0892125430727656,0.850508629057291
0.26555435855263926,0.101314437479144
0.06320336703880422,0.133034149128964
0.27563146379488385,0.672235732575015
0.8634559492426862,0.119392111438623
0.9910373711898796,0.00542780130785142
0.10586131397520905,0.678204230386723
0.17210985130950968,0.740941566138691
0.4677084967915719,0.269724735138035
9.622931918478634e-05,0.910259309641889
0.441713313878473,0.544705496342969
0.27460059066565695,0.512279468758089
0.9110840222962581,0.00388835504350676
0.17221382224732393,0.58670828513349
0.813330704926492,0.147092610240212
0.10656691314177928,0.84285925205501
0.04234288269157767,0.662835049425239
0.18486362043753013,0.711993296301185
0.10799581878247137,0.0922556830718992
0.013538606814011502,0.258885607643864
0.4617029900886893,0.466964973541227
0.3668932232109733,0.560051122569904
0.21925293023235112,0.328812694770657
0.39003336781251696,0.078127200931821
0.5942396794880448,0.36782840841414
0.8442832303342593,0.0837223745494179
0.46489116512788636,0.512895752510523
0.6143378955819165,0.375102104854008
0.4610410013322018,0.115036890262534
0.18695506926128574,0.261645395621238
0.4146891848460426,0.374318271984838
0.37341483129568476,0.538466606428417
0.06250521044308102,0.0446633858341966
0.10986048817816559,0.661534126351352
0.8335781827692584,0.078410171931835
0.2650968206197896,0.62307580422479
0.2644242642046322,0.679702774328564
0.2087960665808452,0.0766983130906522
0.09688381965815838,0.860232752498868
0.6466440038341091,0.148370508889186
0.5501365702202808,0.180183246981054
0.030863882730694854,0.0272992378275995
0.19747014038359173,0.0585301912968222
0.4421706010381346,0.441966571626291
0.38534291172822127,0.534909591731309
0.04184338186475772,0.0503570002007828
0.046254154106488615,0.0744852552999862
0.19344699191158043,0.686351998126857
0.11392653686684921,0.0209219577561243
0.27191914467110206,0.637860920030819
0.7286936029969197,0.00549523554488057
0.11941649218943107,0.338043114958819
0.5569715012432904,0.394443284129714
0.6050445062645183,0.107945054095789
0.8836508495199945,0.0898330294622456
0.399371994501991,0.498307596787712
0.1504426121132009,0.00142190125045831
0.66921859163468,0.2445659526566
0.3629572665251367,0.60450402758438
0.26715701074410536,0.395719093177851
0.010746240559916171,0.950669274600596
0.17061053068087478,0.700969109229441
0.09343568562122538,0.862678568667451
0.6363902586881445,0.349236807265488
0.5958665054775256,0.401827931590752
0.47467379543374644,0.342717781819571
0.1163124688351189,0.824552538972673
0.2758890909547069,0.390174718100687
0.003592619802222708,0.976560399506864
0.7905729705555098,0.0822165523417117
0.20653488377430387,0.270314196942608
0.5145180528483356,0.221646319905698
0.1398364724593313,0.623589722502454
0.2974272278277543,0.698288597245528
0.7269267409456522,0.23698954000596
0.5208417135108014,0.476856123089414
0.6831059140237461,0.198997928969325
0.02432887439166609,0.0711398599218879
0.23169201041458637,0.549756847032785
0.9261996937840355,0.043603263579474
0.813214995718596,0.112368398869571
0.45157328131020336,0.512353749446209
0.7654153036773744,0.137099227897686
0.5252692408623655,0.027382143263273
0.4196387989013067,0.470698186026568
0.4167123383531,0.553706634298652
0.09426609417484198,0.72901756020479
0.02155514511599744,0.0265697865149112
0.03337735276467243,0.684697905478234
0.007719796077881715,0.0231636232694006
0.2544178522068465,0.242855461622089
0.017652299092828665,0.57861552513812
0.06435971410247882,0.127080982236854
0.032635773374902775,0.188071292038892
0.04214473841025102,4.71313930283111e-6
0.003633784777127165,0.0419475518687318
0.3334172989179048,0.624283134020198
0.199516668811834,0.312745390318223
0.2727048230030251,0.626752609865875
0.3548342123911857,0.187173929497674
0.13677502079111303,0.032309045857573
0.9642070449563009,0.0313790449751978
0.06577057426497766,0.163590002293266
0.006097057380809961,0.0197016370430457
0.43963977409551896,0.392150435111665
0.4588528424682252,0.328226254682613
0.5475604199395285,0.190557719746538
0.7384740650495232,0.137234519599329
0.17818447422636943,0.181824141421634
0.12079536538967633,0.16416527188241
0.051837126802852344,0.0211503810722251
0.7442489102870793,0.0577424941345413
0.05422474419815279,0.0634999421012888
0.17226612631858748,0.729179397227573
0.6800133789878752,0.265863581775688
0.7071568003143998,0.261302352805065
0.09603458126373188,0.11665434125599
0.13759939405556013,0.159883880639781
0.4245216570361575,0.401722365538173
0.23222640987319565,0.11557546094466
0.14810780828835737,0.0430585539115522
0.8228955498683234,0.105021797611842
0.03730531052192027,0.103988370183057
0.003531495763171337,0.24807723288399
0.9117982493944925,0.019740691008976
0.4644485658461233,0.204648529774417
0.024386257931499376,0.339768071527043
0.061968912306612375,0.912329310650994
0.2873711006049847,0.625366405926837
0.02343876315462711,0.253657077390342
0.008842487981467391,0.117512586048354
0.22058412748724154,0.754895210449311
0.13597057701512705,0.74785572172083
0.9544304724193677,0.00897456836648042
0.04826756795027641,0.0195149981954511
0.022489218394230192,0.0361424264529478
0.06947154822269337,0.0724886972292745
0.3430837202901606,0.356527398120336
0.024508848790785947,0.110115514455552
0.8037775808543307,0.132095923545882
0.8929210486258777,0.0689626219690532
0.501834328841738,0.365366565543037
0.12662545175111456,0.708316169979526
0.008755604148519353,0.278009743009307
0.6210389387523214,0.336906586948996
0.6165801169404614,0.378838798714528
0.13732692904211144,0.594180848782865
0.11703491906518713,0.0246083193306771
0.496029465340425,0.427727119213239
0.6211123577998547,0.240735381431618
0.9289515040085525,0.054431064839387
0.5398903322183529,0.213293668153969
0.6797811493161742,0.093884632873967
0.1328002687234554,0.86345540967026
0.6054020008089802,0.393360716860061
0.15606372154281417,0.832102087146613
0.04191184254206685,0.0132594050359201
0.27197974500421646,0.439373745004957
0.5754277676809343,0.3627062493321
0.26085901200210304,0.000684659055824904
0.6139952672085564,0.282778562455414
0.005023946566268585,0.0186264144760368
0.2455998341261062,0.2990088001888
0.8964545225265335,0.0325227035551099
0.45013662514815406,0.382317363235763
0.8492740762300208,0.0442286058726852
0.36927918308347657,0.584959878920071
0.1517351316405639,0.167670308355525
0.2866944000201361,0.706767518096168
0.6623450457467004,0.200722363884407
0.2747193070863291,0.433018165057914
0.03248957433448882,0.0220114037887848
0.9034598746439725,0.0222921327837658
0.000802722555694022,0.900468648605935
0.42646112434665223,0.373437776679499
0.01955824151201022,0.958877029971914
0.1080396117636049,0.170858017986361
0.44168223036450194,0.340941539820191
0.06275884693054952,0.557835316884243
0.5816896059504066,0.40768085892134
0.2639218916109603,0.0225635125072167
0.320982601914029,0.309300169976921
0.01586268975130642,0.89696154481671
0.1329017220156884,0.616556861809162
0.6870664257809751,0.235896155721047
0.26786941707471157,0.71855085836389
0.12275937506520518,0.719685933243237
0.4938077580951857,0.233776642521768
0.0034206610119062444,0.96500027313268
0.5693263118683267,0.41131532615212
0.19070713298963485,0.110015161476199
0.10694216610534231,0.00564261297320148
0.13417682975856046,0.646204638952019
0.22008933543492692,0.105979414903541
0.0439222204813308,0.38419806646708
0.8374306929667393,0.0323194656527049
0.6425517974207035,0.336953287210486
0.2607629267431996,0.454341894451167
0.04299347015818211,0.137028794210793
0.7434077286892882,0.10937378441097
0.3077663523030235,0.462842253847003
0.6457371830635208,0.317380044992549
0.008814039022339269,0.244594204604204
0.7939176141988875,0.152234863662662
0.6461930203963814,0.333243512398659
0.6910757814917682,0.159129391800719
0.25075222011551174,0.235989548093748
0.012387709374214783,0.0633323022325745
0.0785050769918618,0.21603179983464
0.26181987096355247,0.597092227949035
0.5357825011430993,0.158559309186856
0.11939446284499419,0.725231952706942
0.13718631482367344,0.102959138280486
0.6309942009538984,0.308801320941636
0.2052086159754697,0.618509499497045
0.6978536160800138,0.277707962782181
0.12642081703050048,0.788093667765174
0.3978873647969955,0.589670259743122
0.17494560063151948,0.266651893039915
0.15829064471680374,0.0132319993661069
0.40180094612827133,0.248744447005201
0.16698809692720573,0.0280895933912804
0.8553094935944066,0.0294506160004124
0.13244902017072233,0.715802960273004
0.8546134108944775,0.133707764067233
0.38919029902007174,0.503805501779689
0.12406086087098928,0.341724179745546
0.3490679412884981,0.581268480540634
0.3945045282586375,0.582282786679609
0.1567385470421667,0.821638669757264
0.48533703654949645,0.218541495764485
0.045142707947068116,0.583838471135639
0.19586332410514207,0.737839258783884
0.4049982670029917,0.266345945868109
0.6362072758430133,0.17103923115722
0.15984092183241236,0.786667449320928
0.8097888108774712,0.146778312642937
0.8819064813502517,0.0290916815467189
0.4048877414412579,0.544080440937514
0.25514305438189605,0.161389544697476
0.47811070757116053,0.318333934653287
0.07314949657362996,0.925358903014213
0.5366872395546075,0.4365816147642
0.07155909449311279,0.721256286442558
0.46513974049864415,0.519905205928607
0.15356604124235698,0.0103642636054039
0.1440881695782132,0.236667256326666
0.30779392862063365,0.487170962592438
0.6813071099605347,0.219148273628864
0.27166172976312,0.585498357902846
0.015897483085944613,0.028905509646589
0.01919257825846721,0.0263863308387621
0.09081428153088417,0.708705608554645
0.011070610132614126,0.658398011617089
0.11545348445784388,0.804460486276353
0.48180379007105645,0.233454701660041
0.31910303843333593,0.644803144386509
0.04637224095994097,0.111022288394672
0.5382055188958182,0.376508692307684
0.5156080919152456,0.119110663025977
0.804863688100618,0.0622446555416006
0.8199842446563009,0.144997512911545
0.7223139548761774,0.245129430244189
0.7204411756726199,0.222404426082055
0.2746704618634226,0.595313080955341
0.352625950437065,0.0152457966466936
0.29584981205484967,0.28268139435812
0.05558745819702729,0.935598097254173
0.29529097988737024,0.438575506082684
0.038254501148352445,0.0245340915822118
0.020127859041665724,0.194653724468069
0.7961984066825075,0.099825889897263
0.7340860775560302,0.153969394363246
0.11560169236625295,0.0121825107244312
0.2520537283141458,0.108700995262833
0.06630217892354788,0.895388265188921
0.10839235969157762,0.170523031421837
0.18770387449562115,0.766461831030423
0.12458583000873807,0.298528584072095
0.7400236237757164,0.250411271154906
0.43166581146915994,0.158162101035339
0.04421467772513929,0.0820670352448469
0.0003181130823575532,0.0946105699632621
0.21742969949417462,0.278153319828282
0.5849804433778503,0.171792484042591
0.544834383861932,0.26106496343001
0.2766164463824526,0.696473427333428
0.2695862605688319,0.0231408005843704
0.12524997293486015,0.0461602494497761
0.20045665529241333,0.790367379199337
0.5543394801734624,0.33267750788274
0.38808356589251847,0.100002018727042
0.04573144794883519,0.0772409915214831
0.47500760970482264,0.39481978574192
0.2844956341796196,0.677165145578207
0.19392796830377693,0.0964528589723352
0.14969881714727057,0.250713670153642
0.4575376283828941,0.16370044323397
0.5311014181604181,0.429438700759858
0.524957718254085,0.38309253802252
0.06463394894857816,0.739129442896382
0.012686259941372291,0.0887085120937945
0.14000453162483914,0.15103074938322
0.10644106274424955,0.163513956310913
0.4504929303936176,0.451659440735385
0.5057268765811028,0.460460244243399
0.28002081851402366,0.405415900010089
0.6990645633467631,0.132013586533839
0.217353126484167,0.599127838011018
0.11314181193995046,0.0118930671744579
0.10823409909730516,0.845638797864648
0.4278482629082829,0.092806224797619
0.06336071850135652,0.352488527363959
0.09339151258325963,0.0251384470593994
0.3777733638399766,0.522347510516407
0.9443785625853325,0.00939762228049319
0.1696047787421119,0.799007824953191
0.33338640509412687,0.344049645050667
0.2241385424940973,0.511751063626981
0.10504689139176517,0.726520544337223
0.4677421766058019,0.292622083557491
0.7657010509057793,0.0277083111907012
0.4265785889030741,0.483583231332569
0.08609398839821271,0.0048244291602667
0.7107641749174582,0.213556035487144
0.17306195876532574,0.280146643326265
0.034624128235531994,0.786379325399604
0.8505512594398266,0.0805380255345912
0.25604929387279574,0.727430419219498
0.37247397244891767,0.558531418126137
0.08712777684351504,0.487921927771384
0.726744416596903,0.217984351263944
0.5444857130816272,0.058923320992944
0.13362261176632997,0.35738591106932
0.0002521190345614418,0.100285714105429
0.37512514631416694,0.615785450013592
0.14979406292984687,0.716184301359654
0.02006398148866571,0.0266991059895193
0.7744537027162366,0.0329830649358993
0.7841600660686159,0.196747544384457
0.07031791021881115,0.0917958700546193
0.2148509399853905,0.0936352950532648
0.3636102794548627,0.633145007787497
0.007259003642486891,0.00422256065408705
0.7530136106588129,0.169370938719082
0.20166590769705053,0.0854030784743762
0.8542575049768955,0.139156293347805
0.018507043282791354,0.652647148456001
0.3540769778901205,0.619982442927953
0.5947949714487875,0.392775149934236
0.45906279006766587,0.407638147634195
0.2558821608225316,0.124811786791953
0.050312564915771886,0.116291591422544
0.24301614057292542,0.560349092116637
0.34066282290191335,0.167310990279358
0.2529364009825768,0.40316923228282
0.19879734534614307,0.694603067342889
0.19223886696004241,0.117547655009528
0.578926170925777,0.40687047746338
0.013421968488073754,0.08628459786792
0.41389492503860636,0.172025913014972
0.37808790122386904,0.416243355014407
0.6789768207703645,0.251893366477477
0.9032612353967433,0.0680501034981363
0.018802762937094923,0.0180231885825384
0.5898739666426719,0.391648805892302
0.12784387106935013,0.862474298120573
0.06146724462320936,0.0434771848218996
0.014448956418639332,0.170302767593566
0.4021255145381552,0.575967354380505
0.11256639984343833,0.107881452557081
0.9043236060905507,0.0370002954131487
0.09685955834052616,0.0462701377852288
0.6150115591557851,0.363676300003314
0.14767894469264367,0.0661695483871235
0.6875288821174549,0.271304529262739
0.8414319989511845,0.146084993803137
0.010922134399211032,0.196405301673594
0.2683680469667636,0.698913201317668
0.07902728020696774,0.00522412662714104
0.5655430098296109,0.396264914658383
0.023671309440272684,0.183304049693726
0.025206884042417617,0.39064177634704
0.5366766567614993,0.303892961173485
0.12348076981073447,0.00791580084648476
0.2812642762976835,0.545649693037756
0.1841918591163664,0.754366203274208
0.1588389112834115,0.0194290821191422
0.3443084229998788,0.454911821230358
0.31886123380345177,0.347965166201217
0.1870185809819573,0.0350751299801165
0.04737828224362772,0.133605283673088
0.4741131549686527,0.407022503164255
0.8743371087307316,0.109623862208756
0.49956312255102375,0.269673281490256
0.05093168010749558,0.019418339217158
0.05208740360658216,0.057560221139899
0.021212960802274968,0.0513173579875212
0.0031788648338247115,0.18883712479279
0.016189291706374034,0.849879063375364
0.6997216557869842,0.286594364430462
0.7831051132182107,0.186493458879992
0.777880600655347,0.193049353986612
0.09492859887820408,0.0127984132086514
0.06873373852414928,0.228538019690874
0.41432019573311485,0.383244105946322
0.06213358020785521,0.790809966147394
0.14009269062164634,0.855559937950434
0.7207948609536275,0.0831755423322967
0.010126468079446336,0.0107900033902431
0.1248251714139731,0.668830187281113
0.6997111988460283,0.0916549233489506
0.5512246699789941,0.103340895524149
0.8250857742518477,0.0762907492735888
0.06107569200341859,0.437340654109634
0.48637856642714933,0.419071914792989
0.560874429805163,0.402135561944428
0.20331944542609284,0.787613042636443
0.13385129091390013,0.0712604225822146
0.008918298705633204,0.950241679052432
0.07758408645829261,0.0972630811366436
0.268259903891026,0.712780200251755
0.06175500632112225,0.0361137918482911
0.6388408211892146,0.308682260527316
0.01862028071016659,0.00874404405598426
0.28929743318413226,0.294077467994301
0.30667748710037135,0.00385327363789615
0.17614672620796956,0.60775358108347
0.3271914605129329,0.077882867132341
0.026184851574054133,0.00179362717538118
0.0902656300294951,0.0832512098586366
0.23214678468587702,0.582514871709307
0.5585704042201414,0.439238170192926
0.6923070542766057,0.30261709738292
0.010484726708068751,0.0807863415572342
0.7466956609298248,0.079443240174031
0.7427082907823931,0.150156258324874
0.21954184132208585,0.096475943858346
0.013298217785137555,0.959128656987761
0.38326738074489647,0.0119531048058702
0.05100752324003227,0.138786799444502
0.5908925405786393,0.394767034411772
0.7510395618513711,0.18637327806945
0.4762789849040511,0.344845649410154
0.43409112653740534,0.379618888827429
0.24008084045740496,0.00904578996998661
0.7381409857184977,0.156240163224583
0.23321069571757796,0.756142829883955
0.7303503571944313,0.252867529949641
0.07091021548736146,0.31573698794238
0.11589276678044468,0.161075250281921
0.7839311702078033,0.0601406883247267
0.6144210926613085,0.193937144378664
0.8450923095097524,0.141995103602812
0.4028130763996772,0.462749427481514
0.21216768556325816,0.458520593333608
0.49355684026307706,0.131409601836257
0.16392374375750135,0.023746980191748
0.3293993789318431,0.491145038625074
0.284969958852784,0.645636840715833
0.6148580435264039,0.230128430279039
0.10798750772872205,0.164099012274123
0.02938199447109989,0.946887616608992
0.16118452417813708,0.760627396227502
0.6389031322699711,0.237681547194497
0.019588151565291107,0.0357662260747827
0.754674651506323,0.158855229612848
0.3501029710179375,0.508003284732624
0.5020659996705453,0.361221682693085
0.2384202367040355,0.0889425507371932
0.6720906623195012,0.320345257775221
0.8790206580324801,0.0504151748700529
0.0748993191367111,0.919474687481714
0.05974019036659991,0.00602928336458436
0.028387744316780164,0.0269929573754309
0.056718336618037615,0.830184660187434
0.067803615186638,0.12339212542598
0.2266502299875591,0.758090016282107
0.9274913938216713,0.0445523626963192
0.255447934813147,0.0285358007173464
0.11103973219258167,0.718665083793819
0.12982409154220811,0.00571389478976983
0.10848282560033737,0.227863366536777
0.27697852385814153,0.510733610466577
0.09102756300031417,0.0139324564501081
0.34739722746200125,0.574114417516288
0.2512581597393298,0.731814383355767
0.3979365569846318,0.587113655392201
0.1509650233277268,0.427213022839989
0.3120508833636465,0.648538909703127
0.11191126574864871,0.431850006028027
0.760434177820309,0.051014944371927
0.09330843792649762,0.848302669521391
0.27414560095150087,0.689713120504884
0.5399253867015554,0.109657042073303
0.7947505622247988,0.189518625634405
0.0034669754449673023,0.886327275035266
0.43301919984837844,0.454129496873666
0.0783588346730665,0.0409833189838254
0.28864336197866325,0.402545085377549
0.016646352824835887,0.0472029843066492
0.6972798035365646,0.21364112435754
0.24392618875566424,0.408739583538873
0.2290765965516932,0.306130451891324
0.12406928378351142,0.0509226535787843
0.055666097380553864,0.93145122580764
0.5520471623505699,0.404439983539358
0.15186247800569577,0.833403674831443
0.10716107573387074,0.183411773011877
0.5367265407400873,0.325934825701936
0.038525007332441207,0.0370748964273733
0.396333294709595,0.32156101773105
0.3920218257991881,0.264047318129537
0.3818390650442012,0.292710573757521
0.7287479742581576,0.0685383839926836
0.00840890665589101,0.176809814334015
0.5706834590844552,0.36124275215866
0.001140923258839504,0.043382106001689
0.15190560054488086,0.738185132201295
0.7354863225699146,0.211063497050795
0.08919284659930313,0.386680897433201
0.15670239018023455,0.000497887680037252
0.3939780712469584,0.470840213667107
0.1871352918820208,0.0745041122081104
0.1201533403682237,0.0507916059226789
0.32220040308693404,0.503542530227455
0.386859900432006,0.390945103060196
0.7711458805307781,0.1183245156456
0.5250073229510183,0.459050815801884
0.7096255770303325,0.253390699511791
0.13358840828815677,0.00421315303938938
0.5410898128627454,0.447015305386474
0.23616077822311068,0.200713771413213
0.4047577529414446,0.544961602645247
0.04102710399110954,0.0956144365413388
0.04715899327386386,0.899676901858885
0.5329274400166394,0.14926502605551
0.08270078227410022,0.736826421534105
0.0009921946743380347,0.991963448380979
0.29223330722470203,0.587142395102034
0.5979899681585705,0.307608299373774
0.2354150489013487,0.749863603320128
0.4009942631101625,0.574871526762753
0.07592564539996545,0.00423421571752306
0.10979921443139858,0.199112042876415
0.009430163835595279,0.303231820424893
0.4346710719671119,0.207808215932761
0.2396767975295194,0.166914440989504
0.22177677448752806,0.684776873259521
0.04841488763062977,0.423381847094856
0.31266699785236457,0.289133578128152
0.27874848285806897,0.690089953350251
0.40299106670002766,0.231946504882128
0.3944023264606738,0.508074572451563
0.18906441574492774,0.313829245517111
0.9110211656167397,0.0346665432831815
0.2962423113818049,0.584307242000832
0.16445310331354,0.576211536429539
0.21119008575757126,0.786814971641759
0.5153433325123369,0.41267761297167
0.5395358413674396,0.454624947419327
0.9044133300893609,0.083523360342467
0.02654931192686301,0.0266059993844417
0.0840816661199838,0.809790130655143
0.32611339096057756,0.393966507190256
0.9294826142944627,0.0578078860461216
0.6887256218467466,0.14828716244423
0.41493171751679386,0.349316433016784
0.4193478844124122,0.435800614247709
0.7570561072374407,0.139153706214099
0.3789909755788354,0.25697920018312
0.518020020009578,0.475944124736401
0.08196093609479842,0.248342256753332
0.2627655157099175,0.00546892076109177
0.009925894724265813,0.0195932778113517
0.5649482794287708,0.42435346705059
0.030114726583279867,0.00573880597094589
0.016471356393287357,0.0106055684196698
0.34182207385579344,0.515639456578324
0.2664532554629665,0.557753067295296
0.38921484258815614,0.23258623105994
0.7923280143856536,0.141675123692629
0.15749779125276744,0.831696656180018
0.06528296606893352,0.0932097216797287
0.588358163412024,0.346395700514621
0.005562893466234767,0.0986926296229392
0.2514319869728356,0.661095220185116
0.4706783705096594,0.516969349778248
0.9435706487464831,0.0560125944002548
0.4931587404508828,0.169153142589168
0.057669193711365176,0.764083569195788
0.10727058826064562,0.192265898233157
0.05655825219784298,0.229219628170168
0.590860095963941,0.381132780402188
0.033412163404361046,0.0109638697778471
0.17896436855724307,0.01689824505389
0.12008904881518086,0.0315530624849424
0.2656034411682748,0.446016486605587
0.47055094477519144,0.525649742455422
0.03552953403598547,0.0788453072404469
0.01942578442806603,0.0913159252498366
0.22064041034470558,0.128859572082644
0.6170668731935129,0.318774722749702
0.7216269867564907,0.275583833874453
0.4428702489076509,0.480007269328677
0.2671788714204383,0.639750494584122
0.8756721485059519,0.0965349176845029
0.08140251320294954,0.0118379948395442
0.8170197851881057,0.111600042332128
0.38919732581272876,0.10379178255649
0.16892507603638737,0.631640151151839
0.04155638981503423,0.853279748150255
0.7084416850376427,0.133778774094727
0.4288570825468184,0.435396777747914
0.21636684557858024,0.562795177360425
0.20758484430533253,0.783094488197198
0.3897181905048534,0.294871042107513
0.07281777379064526,0.803732703642149
0.15801769180003192,0.797300684527212
0.34246009852615056,0.63287943201787
0.045190240829686985,0.580157545349582
0.5059136270300747,0.454475070220129
0.14501540284458359,0.692886109876763
0.24387341465283435,0.745875534935884
0.6740040547372939,0.262000244497385
0.018497811894138183,0.941362019163228
0.04019469335879823,0.678547178178238
0.022332141143077994,0.0817354224043099
0.15130934074389513,0.653437698257834
0.4295599995714166,0.0232544811607741
0.2644021984869321,0.505716304187187
0.6294711223026712,0.338735782470559
0.586589705933899,0.187607197941938
0.08414565816283237,0.00135223153506757
0.4192901190769437,0.370798827214164
0.2783564156698913,0.383288330776808
0.33403372361579603,0.660816569833356
0.08633698305427977,0.0239082439774372
0.07696000204472074,0.100296766945449
0.7642510715905767,0.05025713919582
0.1507582656687174,0.0340772508155654
0.7943033431081726,0.19961549080962
0.6998771655593466,0.291197523419192
0.6041116575428463,0.0833322774195046
0.24645547728580883,0.672866533963926
0.437945172631547,0.407952752924852
0.008376708160856087,0.0222835892954664
0.7276102955034394,0.228598342207881
0.004636410158805845,0.11967670467465
0.4720419597319002,0.325921242022852
0.08873669791667134,0.792434776382955
0.5514849447097674,0.279639734799716
0.3787704197740614,0.467342619660762
0.3739462247728633,0.51161254002699
0.354600590525262,0.396477702066577
0.418805348246534,0.431972562870913
0.3645473505458265,0.492283052546236
0.22816775924221608,0.0168130914491493
0.560949825535931,0.355691805438977
0.07997247424969389,0.00439466188745948
0.8767376142739013,0.0557911484414519
0.0856162030835082,0.871602799823628
0.6181910527688336,0.293046671463355
0.40337288410726546,0.419959150056543
0.3197842638237004,0.678348575810855
0.37022033810760285,0.529851343791348
0.34950929562229066,0.568696814220356
0.04282772953930548,0.000531691452493992
0.1752816133276678,0.775524690053569
0.15897706099971365,0.0779423692658007
0.13134178789626572,0.466028597014771
0.421510428777837,0.486953684766223
0.26054057364782474,0.488910757798572
0.12330210921007244,0.0723736427464251
0.22668424454413832,0.0536737327207296
0.18773986180871852,0.737070895282031
0.4370346851406753,0.0242484451329674
0.00867268628625504,0.00373239120323349
0.5548951861857272,0.430267188801851
0.4790321332778846,0.13208241029538
0.029442824342235035,0.21843795051076
0.1744285097306077,0.700865313674486
0.11812003942884597,0.0300224058844491
0.1946660753669213,0.515302472580797
0.016124674139683298,0.0162694067329148
0.07732066781568758,0.242516814525048
0.46007730273522396,0.207669980754146
0.17046838844529144,0.666201670249381
0.22719549479887305,0.645441647399506
0.21561361025141604,0.55923209123214
0.2226306423173559,0.523041758191324
0.5273207230540229,0.375101975087907
0.20883653003637542,0.775216995868995
0.030312670419132007,0.818425460511334
0.541102243499464,0.239924379556954
0.8491947820935543,0.00937500117864822
0.4265257277643372,0.447127792428106
0.038639279868793765,0.951580202031875
0.2765875483889622,0.644859885393664
0.01707274546749153,0.367193470432564
0.1287924555843685,0.773862319061798
0.1753427912083627,0.0931227468785338
0.05472815227983436,5.51807013186682e-5
0.14036925101946185,0.814468128897604
0.6142917747857234,0.273639226709547
0.033199409036460625,0.106778026040037
0.014712320836163468,0.034041397066404
0.03632126984124777,0.830429217450905
0.788679939793709,0.209847088025869
0.054095646616028385,0.0969547527545632
0.44741807011221074,0.415583419206748
0.03195079158369498,0.0821013262639081
0.611615499701189,0.321455429576611
0.16733890267182716,0.811319724905889
0.8127533404699514,0.18245737558822
0.06808398362181206,0.65938500106124
0.4712961814074777,0.499651468076311
0.34885976840725175,0.291428008111432
0.4012776547679595,0.58407169505127
0.025112183990936714,0.959810564589817
0.14468819088976234,0.777074110795019
0.7788008454504165,0.15513592063373
0.3692491582628543,0.560323963832838
0.01675724105692854,0.025155968829197
0.17012491598752333,0.769017678661252
0.007314252001525819,0.386776536804306
0.015896917116196705,0.218695147880514
0.1905779421320484,0.698478755904334
0.004001849512486456,0.942998163124187
0.29949280798329025,0.467314476128904
0.10854828730878732,0.771055092709103
0.2016983663926859,0.000173417205795903
0.6454167715494072,0.310828072782184
0.036147920265340056,0.938684709441045
0.008655992419946888,0.490761976471226
0.4700042302504375,0.518376296717896
0.04483978411250882,0.0491872596503739
0.0431891430310549,0.126680725712589
0.07642802559595181,0.0400579921243333
0.6471356430232955,0.328116794495474
0.008915746069403352,0.88310533447319
0.4762785296043688,0.36860707975626
0.09605851177257195,0.0360331057355392
0.7401958189145239,0.0825307512544201
0.11212393876335598,0.76510917522309
0.4045355542488065,0.555985838479794
0.05849042623589441,0.0102997610512121
0.15237021958390704,0.782200137706017
0.2348381292758902,0.0472704058770596
0.37989064489510493,0.550662658337488
0.44798388662524774,0.446892960583664
0.06153115925073194,0.098015212626003
0.6295950542098468,0.359311147538845
0.37958670659511284,0.432229333856612
0.3012151513057233,0.494205906646133
0.541475023211755,0.131658897004666
0.6585635033359157,0.278734799655613
0.7734161030779328,0.21236344923793
0.29704994126288115,0.687353168705968
0.03275146034980575,0.0952577633680793
0.264758058935513,0.668492419123184
0.284656118660368,0.645093547328052
0.0065477643349176684,0.0276176362344361
0.0525637529267046,0.00980515466029802
0.3808805092119646,0.520679193854844
0.1463846002708413,0.307263838716435
0.35417668401030294,0.503937985022037
0.028800048502744167,0.763141140423685
0.07840933449703058,0.780982940335348
0.7483014478459634,0.0814998991543766
0.9168720146970204,0.000963940168362096
0.905146806639969,0.0886957405043406
0.03458864916769989,0.0223367344869459
0.8138453821402453,0.181060919638852
0.0022514362569156484,0.870508656068426
0.7260238607962771,0.23269001227919
0.22685780714361486,0.408979643316812
0.7637839225994673,0.221303275665182
0.009816190254787327,0.0784508051828595
0.20447580254076542,0.334926403612759
0.4063224964777295,0.457467452989461
0.03698437614796372,0.111624347454335
0.017319856275278985,0.2273058432979
0.6198489641085263,0.376168968574669
0.07516015393245742,0.104468356117986
0.11691090932170078,0.852046830604255
0.8754716636111024,0.0999750372974607
0.09591329409138068,0.734464419692577
0.3046780326029264,0.508036115711822
0.039570341669217676,0.912114595855594
0.21775994602915444,0.330377689984735
0.016002396087184238,0.0894030287122073
0.9459244844106947,0.0289965264420182
0.15499401344276847,0.0637932967886994
0.563374504721643,0.36836498545298
0.9600008510209165,0.0267375100240811
0.25085545561111555,0.0408185585110296
0.6503278619413269,0.0363361223169685
0.04473330618964473,0.0856048210050082
0.10432274832984305,0.300363505862918
0.2521693501801827,0.0256962292338571
0.09364219782596196,0.36975265470122
0.4560602872614149,0.201131966072206
0.8572714836586101,0.126935677380408
0.37330198439602086,0.459294965335517
0.6259436601648336,0.0270321614603052
0.527517795427646,0.416873625006474
0.0868103219741571,0.897215113462936
0.5210551007301745,0.478703179713581
0.8013034958321662,0.185513771335597
0.8175086222755319,0.126794049244472
0.31147259758301704,0.681240667523371
0.1491128061225981,0.188261620053359
0.7306416239365001,0.256179304100508
0.18981540960460694,0.739483380446241
0.0673257243505883,0.503540498379104
0.07181277878757283,0.02923978109371
0.5936288464738491,0.36694097650787
0.031684720334926635,0.15449707860079
0.5080289969527785,0.445848014007138
0.3506118234630012,0.602264699644868
0.05176155769009183,0.911063552638328
0.371646626236583,0.427960306849818
0.10051567870435146,0.318745359585268
0.8433220474522551,0.152744223212772
0.35880049941387543,0.0271538672467357
0.29844943735195245,0.24786007946321
0.7594323288765817,0.190541450803027
0.37568596186970993,0.589151116349552
0.09011898558855339,0.0759098628583608
0.5281833185718147,0.37427477227559
0.6126313821887218,0.31949383824763
0.40222385689804036,0.556300002748971
0.6387359222850724,0.323559536576096
0.4892402285554458,0.48072427165397
0.38085799500910866,0.256630160454515
0.41382840966637796,0.0910042849140145
0.8847461884522859,0.0263773933501856
0.44629238041665714,0.522631811091404
0.07605987411556246,0.866927349480581
0.10003169529498018,0.803969997261923
0.31802331582618965,0.395957742480031
0.11340861854931396,0.000295696980438725
0.05009218168021694,0.012731249939298
0.9017865551020712,0.0298824516309839
0.4194489373111558,0.469626992611066
0.5739889850623175,0.266772297328957
0.1584163594505826,0.770117688512453
0.11419514520311355,0.0207624550928755
0.535741688559544,0.0129714424185374
0.3636308161838582,0.612368814456961
0.4340445590919863,0.475138458860523
0.7986757483664335,0.186374378771336
0.7385354663698386,0.254550212761073
0.11153398072547142,0.0308091681117455
0.07924799385307169,0.403862075105129
0.15518940943010118,0.796404056839411
0.7015574041350304,0.25590805606369
0.846610909287369,0.141173065065842
0.10609891827590931,0.0315942497209617
0.5684140491833076,0.349645600667652
0.8133185176270012,0.0901278184154004
0.3400210018300743,0.5683334932761
0.30269667568657205,0.347005609640102
0.7522131278899844,0.199845200263191
0.4766019009820954,0.44449666045124
0.16752465601880795,0.820820106719901
0.14033833418454322,0.630571311429114
0.5374710546953687,0.421779035649164
0.08135247653570747,0.434363242625787
0.33226549416171886,0.125965076918909
0.16629382376414745,0.0424771261964133
0.7865265976278593,0.106873662464821
0.2861204603748123,0.495495885110843
0.19557834425797602,0.113942044113704
0.10486405183385467,0.0625398537446673
0.31745861388104213,0.579702101034628
0.42057622679312506,0.557118625813783
0.11694328045355575,0.862480649091988
0.09992156866380264,0.0447402675773612
0.5406251643797338,0.42909860250496
0.04219560187601614,0.78669525655756
0.2527796419839334,0.0116937548848754
0.35569692914277307,0.565846504257941
0.32272353707727724,0.644754511882386
0.22277751050107705,0.761309134420854
0.2836909959458764,0.570798750480581
0.10384557946876721,0.117536973267951
0.6911575677343819,0.0883714515914826
1.772459065966238e-05,0.331832335994507
0.15061551973058585,0.72210902823229
0.0042070136929608145,0.0431986194582542
0.614591665390613,0.272852152387264
0.5765696800525966,0.00676931545467857
0.04557528940407893,0.0233755331083835
0.6345135588823585,0.326857071512383
0.16228728408044607,0.0406185140146671
0.10467041223131583,0.018995300008263
0.1356018645098311,0.0798209086455993
0.6736628110113614,0.317648341491775
0.015009745860799312,0.116055070143615
0.877661469231049,0.103719885566607
0.0987627331682788,0.129005682167042
0.11215810612400248,0.796839616458079
0.14587632377702134,0.0224461748594371
0.7812444542813175,0.177734113636222
0.02332178239133602,0.0252411643809206
0.8110972229129768,0.134395146824581
0.45021346825894276,0.234754562374231
0.03430734938638298,0.0458514888547164
0.3937800722269651,0.544290329842579
0.020067103819958323,0.092672266019209
0.003969869017310884,0.0368490057180435
0.008495428468061084,0.4104090307741
0.6368449325337584,0.206982347511092
0.2127258630359023,0.075256496892109
0.5114497782438566,0.252422570502835
0.02978906970792122,0.416678952156969
0.07960640563276918,0.0170455929597017
0.09840272391613206,0.640108921138765
0.21583516211708753,0.442313397993625
0.6852314683010181,0.121357633553781
0.4964988241838322,0.495305113830293
0.04476198107666562,0.00141907160003238
0.1974344286056423,0.189140430711747
0.6570773992918875,0.114076613660728
0.6007368720575637,0.301423519210237
0.5532332970880937,0.321942732377276
0.2799061587595659,0.0681523569388634
0.21683755127900287,0.779354722326576
0.42319715580597794,0.507783594061462
0.2668391041481508,0.104027112232999
0.011439885218007694,0.18461163405382
0.6345683910040106,0.174480114907614
0.030563140898268504,0.936084831190903
0.012939852444173174,0.975331679771536
0.03845092470416331,0.055655906746827
0.06723486745574139,0.0184046569456357
0.6509279858947047,0.285560540705907
0.08949143513706896,0.718109812670724
0.0037390072191630557,0.0102287312263082
0.30554294521521513,0.0428087864383424
0.3941221280578563,0.576764941039016
0.06402155328129128,0.931647824991564
0.04886272487998638,0.516001374544407
0.5041857796694732,0.137112122344173
0.9192698892368492,0.0630042393772521
0.47567547588604775,0.114836635041598
0.00015434647440273227,0.978077999429749
0.5489887688428287,0.292057398377732
0.7177135950446357,0.193979050247797
0.12688846428195094,0.665658543261382
0.4328758929387969,0.115735545287442
0.700702590877963,0.226888958239636
0.04486465661408846,0.579558849449337
0.4580737060231522,0.530347641221828
0.5851487156562573,0.40517550409511
0.8997140960160819,0.0400046887788536
0.01798477909254907,0.0878071022494465
0.422532940096065,0.506935627225383
0.20302712728358796,0.771087141130096
0.17826882780246336,0.335546762016026
0.3067303350898079,0.154993977233781
0.8393761334651976,0.147487567403818
0.7208200146110615,0.16631188411552
0.08825922786107007,0.759564990952396
0.12380332972428197,0.0416082695398534
0.4597442309722369,0.214699544210794
0.36228390936447114,0.634422482002061
0.425173334126823,0.492816559778383
0.2390868830495121,0.106269980398813
0.29487807659877185,0.430579479956191
0.040652030746290826,0.109233280288592
0.02407585130193596,0.0254778346973971
0.8242191407878263,0.0407723038929954
0.027601908321229805,0.942420529470983
0.8490538065995037,0.147044901329868
0.1735531709058121,0.791252123755432
0.7544758884735069,0.227513575079639
0.16653684764586035,0.128858165000645
0.5220305883518548,0.440828494863286
0.0013424958476077387,0.447763982690974
0.9352258563276391,0.00247365919806756
0.3419505061411649,0.222899437391924
0.19767156549686285,0.119367663231915
0.7073299197654758,0.256644939439176
0.282288213160214,0.184306392165969
0.36863290742944416,0.104613977199523
0.2765907213002669,0.700022645260639
0.1115928176849502,0.249282648376119
0.8902664649963665,0.100334266976326
0.17834948474893578,0.0918148024582996
0.5831640138974795,0.10833972771205
0.031815668389342064,0.0403888863617929
0.2647519977246817,0.731450562146369
0.06461773788934089,0.0871788741738651
0.4760633897002872,0.230018933977164
0.3033400933156516,0.627249141242977
0.01127280287994412,0.00888729438273268
0.7970885840250899,0.108459798091986
0.11593018200330402,0.655054539847483
0.421721643554927,0.136801942129679
0.11786171985779477,0.659988414640974
0.2941168830667273,0.457090395785046
0.3568890176455505,0.0577098762817299
0.08553916047085727,0.872063054380052
0.043660890523058896,0.0117022958344715
0.11459973472808299,0.278929412494486
0.06760466591753726,0.0182187768154408
0.06472583964036066,0.928571355715359
0.09022819970135168,0.882680019583711
0.43558389029121597,0.308956538676565
0.7794418857833443,0.1946819201141
0.020275380259006964,0.026118346086952
0.4523969959062251,0.525539472598668
0.014048581834234878,0.139320504695754
0.6418075795204824,0.0864139351854198
0.9401509861470208,0.0307449660471401
0.25536721992955597,0.431114528125827
0.21533797716222683,0.66090772427566
0.22550806888369357,0.715796033474041
0.5163609743997667,0.441599488030253
0.05378229955498877,0.137784014847549
0.003829415810727746,0.105817555700455
0.5639544618959602,0.420797659446592
0.08917681355453459,0.884742008471818
0.5081902487857057,0.429493234001191
0.7732619932316251,0.226335403166636
0.0025385814147744932,0.0328562536052609
0.1461262584913344,0.497026991303234
0.6128546843869228,0.335617242800028
0.05549505076496759,0.0285079775211064
0.6532412203365942,0.039392674444158
0.27871695074925884,0.615914335137308
0.0756508095132319,0.861507312155963
0.7281562336006936,0.176428042113426
0.09824326655397056,0.156070034801258
0.7310674293172144,0.183690856656689
0.3207282924126003,0.573467748659003
0.29509774699836167,0.507893480798695
0.8672868726066949,0.0787954089665581
0.012447940003218276,0.0279645812351636
0.27446658232907467,0.538751840428241
0.36453789244909246,0.581672664294606
0.22024727533504446,0.710498089755814
0.8675088975389238,0.0224076229479871
0.08627886551039765,0.552182521173195
0.3155016577754601,0.131099753368963
0.1704290888516218,0.0262088126774056
0.04251811219048013,0.0659356349101393
0.47613530816653526,0.138870553082337
0.2861571962320724,0.0222920948190419
0.5436677704001504,0.0630725683610144
0.08216896395859828,0.043044471538497
0.1574483095822913,0.00235359390688592
0.04352839450122783,0.760777836992996
0.7353098039317092,0.256646359879339
0.13779918284770432,0.769759284832899
0.0028295773594539074,0.0916022135177271
0.13736519114727921,0.13337343539636
0.012409131424158061,0.253260771115275
0.05307089985178376,0.0286813932469729
0.9055244823837953,0.00724188656421637
0.8480683012830321,0.139873039048042
0.34163843305317787,0.497739696399272
0.5143527460934827,0.428374533073525
0.2486120462873595,0.00076255323338224
0.9683899201403936,0.0154725843569473
0.5556903845809548,0.434743031228137
0.3894733950193664,0.472361460511886
0.03496004990616356,0.930767168883747
0.23121976459796245,0.596117053442053
0.26226461364104364,0.137477393795655
0.6157728668999112,0.237517896214128
0.37829560486414265,0.02135929009419
0.8174045957344492,0.110715219730514
0.24612159982097848,0.716617909384466
0.867556732189793,0.100042961674875
0.2664424585549559,0.618238590149023
0.7182479802236695,0.163145454112447
0.1714258632794669,0.0558106101136864
0.4603876362282944,0.443225728752282
0.23217570862456735,0.617806728592482
0.24435046664104737,0.724727731078697
0.18644629211275426,0.22361696794032
0.1673297133970604,0.803499270499846
0.12193932419652817,0.152118772682683
0.03180656320526573,0.0567015242176741
0.07730977415158478,0.8125654742948
0.18334963594435552,0.307995220926817
0.6859917291046563,0.302972695644877
0.0460216702290198,0.890588940751596
0.001900387862716194,0.132116773180998
0.31161631960424485,0.606533920212973
0.8184306857295062,0.0695376567966797
0.8645159520001716,0.108744471849597
0.5726632543715718,0.388902894475096
0.19688067809566864,0.0709926941457734
0.6339194055678783,0.329835468617968
0.3766612792483969,0.329852065848825
0.23856807794091248,0.302170663179045
0.11840639152277105,0.0303661009838332
0.8435573866265009,0.082085571858529
0.1898159077506214,0.621241907329097
0.17215072808054022,0.107395202994552
0.02313489057992665,0.0314573645606091
0.3201431869096882,0.0229595853346087
0.31316596607897357,0.613458333061023
0.10484750519457729,0.0227415224328928
0.2806885522160238,0.683932858885883
0.2241856847987572,0.0681955551378725
0.28756465434064016,0.708416610393087
0.912091439782872,0.0191013795753115
0.1374837223623493,0.808934311069141
0.3207799145399246,0.646335391305967
0.20256126268908264,0.328937509261484
0.11408759359732618,0.142324723586671
0.7762602312973519,0.0704657082280754
0.35283695014735605,0.489659944048142
0.012255087130686237,0.649844534269509
0.09416017904246789,0.0134726493004791
0.05789024312798525,0.132906575900359
0.4740833324974475,0.364668901808758
0.4244219532904059,0.347640132790225
0.3862461712110726,0.447673488619385
0.8779819638304679,0.114512047009082
0.498299450313762,0.449554724014325
0.3620154211797968,0.510409749630133
0.11224430812453413,0.147483137558136
0.6531002977334985,0.290068550066539
0.28862714965751196,0.620885409938095
0.28393587059756564,0.710390720215391
0.40145106979012446,0.105281777824411
0.17103856643354984,0.204611506246347
0.11639440352595312,0.0257207268877163
0.14735708676192788,0.627564225286047
0.012935905326669571,0.107438522530124
0.8220027358072015,0.167466790829688
0.4013920681988685,0.486478722512586
0.00972708772880505,0.0291058991455272
0.890804938404644,0.0950535705856069
0.17202549930721284,0.534308293871193
0.3901312677688425,0.588908755950945
0.633267377857325,0.202728984773742
0.03518952671231237,0.903737901087628
0.16800233898127537,0.00403813074923346
0.6206846489549026,0.271033241747974
0.05483968171000859,0.739039217252848
0.9115349992529068,0.026416152371372
0.49775357017962923,0.381346944772773
0.19215480581302763,0.794852848698728
0.043920067903592,0.00763749221446708
0.7191729196285305,0.126744190783151
0.5548277237843521,0.371102855794234
0.02495422342742331,0.0092800402137905
0.07470848090957517,0.232337038358752
0.0057074863367562395,0.024452830428856
0.07999193215067808,0.338978244993999
0.9267272887688279,0.0317767853620864
0.8352029489719011,0.119497206010098
0.5331962914492862,0.199849018170186
0.12167556585130179,0.0438514608098593
0.3602643595560743,0.128834290844823
0.8447079502071309,0.123230960135948
0.8647872569064142,0.10192760120308
0.0027337395433461873,0.367724511709426
0.22427349699395294,0.774888937778834
0.2728589617263297,0.00692982796041162
0.27730552456934643,0.698168539276021
0.11273452051201695,0.805690196555594
0.5254518970784542,0.27068412529903
0.7087307369259762,0.148412803397178
0.7387553769826503,0.220708235714403
0.09547833039252118,0.188155965187934
0.09091277140051918,0.426214611159994
0.7000529020220515,0.118590255637639
0.04414768959905437,0.881613388855403
0.05599369019036692,0.152103402932721
0.29863908017140134,0.00094346060746762
0.18242407220033421,0.773918405301927
0.5268045698691308,0.453422401579014
0.9272596178356299,0.0012000440614281
0.10838163628099862,0.190958482055626
0.13509816051606185,0.635735365791273
0.6727004143453098,0.277985033176469
0.2751899768930345,0.642721033870445
0.03708767892543154,0.901484462874241
0.037571185550568854,0.0806702546743449
0.013888781618944215,0.0598322087275053
0.2640691566278942,0.699208559443884
0.12018396005198193,0.850036390068659
0.13286850644428266,0.0652388970646547
0.05842498134589938,0.887980424490791
0.24340174859918307,0.0857547972444821
0.5399656468390892,0.408859879914213
0.04886235352400857,0.106406668046691
0.8213199632763999,0.0158645585385115
0.05225148671348159,0.470919834210491
0.38838377696704807,0.600969086451111
0.764869386771699,0.164624685006983
0.02618503718166047,0.258955494219562
0.8138045728509521,2.01509471713517e-5
0.6382276373930449,0.32583226845223
0.11229798502573665,0.342695176960098
0.0897188064316598,0.0488080505941096
0.06566276986806828,0.0745453524681777
0.34898589854249035,0.509385571355921
0.09220780398355344,0.0311808696868546
0.09604163935017343,0.0237328037261746
0.0586349480132458,0.0728714755768266
0.8517447402526349,0.0697435056044107
0.8964230586897793,0.097369057862483
0.04116760275656777,0.11574104745855
0.02945499576511914,0.96267074760693
0.6099556995167422,0.254571503513248
0.6567768442513546,0.295629718958573
0.09348880116205589,0.156983274488206
0.9324767118065002,0.00116846999310097
0.285159638259145,0.328987865832423
0.9259874035262318,0.0527298586567727
0.8051122844462508,0.191742160335688
0.009564728743796193,0.495669656375003
0.07936109150678967,0.528302187104789
0.10423586868086575,0.232556332196857
0.5268144200239995,0.262247549142341
0.44331631690903395,0.426663085651652
0.5572381004980203,0.412945915776671
0.9216438569067623,0.0452835209850477
0.32082167585230453,0.610081946622478
0.0028831926132545224,0.0283453982946723
0.2447696885218965,0.712571494446289
0.08794727789530196,0.0295551294607381
0.30747109699024233,0.285689134061129
0.01197827602552947,0.024065368671932
0.3940283681472447,0.503789884864992
0.335575449965582,0.647070162045298
0.3233500566316528,0.154126734397048
0.06674029581437096,0.100022326027876
0.13899428412367992,0.374623649473587
0.23593468772617782,0.0524406041213428
0.4126610265163414,0.496874915729241
0.23382092209827143,0.00446232485423059
0.32481024855248763,0.628145111567071
0.3082415426349617,0.603656736609139
0.05165074622469344,0.945489559181226
0.3892853012366931,0.242561977862414
0.22756290562123924,0.657676867975245
0.031119334244338676,0.864785017664995
0.31059338299390843,0.154031997484652
0.6829268784312884,0.293033360439881
0.01678668354728116,0.942784779686428
0.3208108669200712,0.211575088575905
0.08331329996583886,0.76769925454137
0.8655742994362987,0.0660732705649883
0.18067394645486043,0.802617868096266
0.05392107678047186,0.107011251709233
0.12326690918752269,0.670546682742462
0.8125044301137058,0.171421473353002
0.17055849007306342,0.106714876450205
0.882135348801025,0.0313659344635837
0.6709687203070174,0.324568456835699
0.04669266195536123,0.0387731371170569
0.011203350192338894,0.825180791524762
0.43818148479556185,0.139128759698031
0.17294072034019978,0.0171228985177417
0.2391843659718099,0.738550317074527
0.038000658512966336,0.0630640762422807
0.8640717952345149,0.105742530051983
0.19246851794485031,0.0905895218458556
0.5600078656188126,0.403925126605719
0.028519809234022225,0.068052995754574
